sub,bone,iters,rmsd,d_mean,d_95,d_max
14818R,tpm,1,0.005409491563071788,0.002553310614117502,0.010485443421493476,0.08901856964375407
14818R,tpm,2,0.005351527091165021,0.0025388055507615894,0.010499950767070916,0.0853144519600708
14818R,tpm,4,0.005295056059973595,0.00251389008995419,0.010379783039963359,0.07536219266099184
14818R,tpm,8,0.0052407405710896875,0.0024865084904454786,0.010226198416856434,0.06966780038241073
14818R,tpm,16,0.005160435497909912,0.0024666594155477203,0.01008769168933866,0.07783822992197285
14818R,tpm,32,0.005019586622819813,0.002476046210273948,0.01023387055899681,0.08019499026788568
14818R,tpm,64,0.0043243547474904305,0.002242265644580385,0.00935128841027253,0.057745076364221236
14818R,mc1,1,0.004993608556646106,0.0026528348009620265,0.010375017117547201,0.0722610658731315
14818R,mc1,2,0.0046967921367965,0.002519865406617923,0.009747064074017722,0.09204415476936327
14818R,mc1,4,0.004395002585880611,0.0023940491972857447,0.009163402565756113,0.06820213032101625
14818R,mc1,8,0.004125146576884614,0.002274758205265227,0.0086423622504618,0.06737033331109932
14818R,mc1,16,0.0038120022356086408,0.0021301482618574425,0.00801540447900472,0.0590529549445764
14818R,mc1,32,0.0033854435357037306,0.001926766706884365,0.007232270932729597,0.05067386148162312
14818R,mc1,64,0.0026598042063316818,0.0015145969949039257,0.0058171778721058335,0.03947529207470291
15282R,tpm,1,0.004609309624038828,0.0021483417487736345,0.009152469930659154,0.0634650086781933
15282R,tpm,2,0.00458331562521678,0.0021404929467799365,0.008965082847655594,0.06314416839133641
15282R,tpm,4,0.004544949826847932,0.002130262547294638,0.008922720375051192,0.061267153880703674
15282R,tpm,8,0.004509011790237757,0.0021296917971702265,0.008984062065447046,0.0584858874950246
15282R,tpm,16,0.004434551020568731,0.0021210384856287508,0.008933623550537931,0.05707731656717334
15282R,tpm,32,0.004306721117511275,0.0021066617934995236,0.00889125177117228,0.061158705370691055
15282R,tpm,64,0.0036138635518853123,0.0018312566920660428,0.007827946562022545,0.039561692285154625
15282R,mc1,1,0.0043439560017920755,0.0023309447234790173,0.009107799989041954,0.07019683346163555
15282R,mc1,2,0.004127450416965555,0.0022220060688240904,0.00854433664607808,0.07249339067371609
15282R,mc1,4,0.003946147799441247,0.002130638481113379,0.008054206502819643,0.07468872222354453
15282R,mc1,8,0.003734369686269673,0.0020388773512274856,0.007549645884294736,0.07019683346162284
15282R,mc1,16,0.0034579546343253627,0.0019142501660553673,0.006927619588356039,0.06764404879200309
15282R,mc1,32,0.0030483341004539375,0.0017270376538624575,0.006182526858941514,0.0636677782471372
15282R,mc1,64,0.002351355031392844,0.0013456317330055628,0.00490265504113213,0.04583782683410837
14874R,tpm,1,0.004715496758897546,0.002267729533948655,0.009698248845260632,0.06614503058079892
14874R,tpm,2,0.00469185411568449,0.002261438740507839,0.009658753421603071,0.06067728572246879
14874R,tpm,4,0.004642664741449189,0.0022480264991136026,0.00958194990481029,0.05941040267188905
14874R,tpm,8,0.004664401114417658,0.0022521300984605108,0.009608963741676687,0.06051108863844407
14874R,tpm,16,0.004700120061298291,0.002270579335267161,0.00961174182711364,0.06189104501356108
14874R,tpm,32,0.004692553562195022,0.0023070092753332745,0.009836153863185988,0.06458616800311905
14874R,tpm,64,0.004108155747049068,0.002050746433384813,0.00904096005933685,0.056301158029535184
14874R,mc1,1,0.005161683617032968,0.002705714583615522,0.010910540295430983,0.08086058011203436
14874R,mc1,2,0.004939325044754745,0.0026008531791476695,0.01040014554832306,0.06868243447056148
14874R,mc1,4,0.004715559837326637,0.0025042004429762454,0.009868908028871125,0.06734970788890654
14874R,mc1,8,0.004491414862560688,0.0024037688665421706,0.009421967160710538,0.06397769432213919
14874R,mc1,16,0.004185748501450458,0.0022599345448011416,0.008711516836677582,0.06569811321175201
14874R,mc1,32,0.0037353781219586464,0.002044930494060384,0.007832128194608462,0.061841305635257846
14874R,mc1,64,0.002911309254916695,0.0016101686000947642,0.006319218593539107,0.041925924302581796
22306R,tpm,1,0.005187300968468058,0.002444207143955346,0.01064169047625291,0.07479796329221616
22306R,tpm,2,0.005069008847197847,0.0024000108696282754,0.010520225158369407,0.06869542817908905
22306R,tpm,4,0.005002081900140651,0.0023838523505078533,0.010223959611105966,0.08349287717471979
22306R,tpm,8,0.004920932806744831,0.0023590223092081596,0.010011596954929359,0.08825092432836579
22306R,tpm,16,0.0048125717930492425,0.002327616921401467,0.009928508389402724,0.08538971512052114
22306R,tpm,32,0.004620953009289345,0.0022898998371896568,0.009823292978107325,0.0740722437356796
22306R,tpm,64,0.003874798865010724,0.0019685346388624526,0.008414805298512667,0.050837127232294645
22306R,mc1,1,0.004488017887978361,0.002339680547938973,0.00942557415221549,0.05712154841885078
22306R,mc1,2,0.0042604808588745605,0.002228822594731055,0.008823267125178488,0.0594405027929841
22306R,mc1,4,0.004045691898234395,0.002136581281779949,0.008312411374245227,0.062107604008862116
22306R,mc1,8,0.003831786614239157,0.0020423366048569324,0.007971699523433188,0.06311004474562679
22306R,mc1,16,0.0035854897941368733,0.0019268595092313261,0.007501996111614294,0.05682977126595424
22306R,mc1,32,0.0032944978053149753,0.0017844196682005955,0.007041113327966684,0.04262863608388211
22306R,mc1,64,0.0027613404872440135,0.001462984530465699,0.006013170745160624,0.03706828970019255
50000R,tpm,1,0.004955573803514205,0.0023535661689720344,0.00951511409915811,0.06649031519118855
50000R,tpm,2,0.004902399376865465,0.002336967698703921,0.00966928684390663,0.07675313689572455
50000R,tpm,4,0.004911158785208843,0.0023335035910730466,0.009626555489610293,0.07782645452951184
50000R,tpm,8,0.004925639242695203,0.002339339680995085,0.009631562365909204,0.07870170089365584
50000R,tpm,16,0.004934538381156535,0.0023480420678519526,0.009697599267906871,0.0744673256564014
50000R,tpm,32,0.004843765751468897,0.0023474611616650176,0.009787505458485092,0.07135341360839383
50000R,tpm,64,0.004185603108082114,0.002082956439533691,0.00873538102200398,0.06682704806902187
50000R,mc1,1,0.004237250376910049,0.002319411013532188,0.009098594546548499,0.0709287939998373
50000R,mc1,2,0.003964219796931934,0.002184831827192732,0.008475997376778899,0.06508143462469798
50000R,mc1,4,0.0037255992836225343,0.00208243731690368,0.007897220066729663,0.05814972333298429
50000R,mc1,8,0.0034760852928168652,0.001975427890049091,0.007366389523857835,0.05183279902233716
50000R,mc1,16,0.003197143868223432,0.0018401299391834923,0.006783149309149787,0.04435249369581961
50000R,mc1,32,0.0028428499908678033,0.0016402472223288602,0.00607659870980828,0.03775040564495137
50000R,mc1,64,0.0022997058105562783,0.0012922079566867544,0.0048411440111211885,0.027951224196141624
50049R,tpm,1,0.006424301802496547,0.0027199563119634606,0.01118384811102552,0.3530142206767211
50049R,tpm,2,0.005873748949164726,0.002633768166114211,0.01100669633819603,0.33739243614246833
50049R,tpm,4,0.005356940306447538,0.0025689111588993283,0.010605989755002676,0.08840519391564529
50049R,tpm,8,0.005228859567818689,0.0025184645581024906,0.010423575148850993,0.08282219112193032
50049R,tpm,16,0.0050687175604372066,0.0024669844642139856,0.010167963604420734,0.09607266880580669
50049R,tpm,32,0.004828916854356308,0.0024163224513686172,0.00990802540255064,0.10406265499879006
50049R,tpm,64,0.004148257218870879,0.0021386566003058272,0.008802976889624994,0.08155455614542492
50049R,mc1,1,0.005800539535239389,0.002656513209233191,0.01047857091294373,0.27927503766993
50049R,mc1,2,0.005433323557075666,0.0025251823201126113,0.009908040446298819,0.2569437615112841
50049R,mc1,4,0.0049391606963669725,0.0023944852512627723,0.009364315327788706,0.14383377495746424
50049R,mc1,8,0.004594568475481286,0.0022698017981771794,0.008827219274926594,0.11071035370979236
50049R,mc1,16,0.00422848898769632,0.002125823494551753,0.008288669142114137,0.09314597209737188
50049R,mc1,32,0.003759775982660399,0.0019408161721549849,0.00740599133432044,0.0956982252594131
50049R,mc1,64,0.002967756854893204,0.0015600503388125623,0.006066304497153077,0.07069852831829686
50034R,tpm,1,0.0053782598585095836,0.0021924366288295946,0.009050897069786436,0.21457076245130288
50034R,tpm,2,0.005249658582810772,0.002151755913453418,0.008840191777492776,0.3204792515173646
50034R,tpm,4,0.0051207471068682045,0.0021174958359736775,0.008582795762274636,0.29803722006486083
50034R,tpm,8,0.005059615928450919,0.002098167117554248,0.008543684947512798,0.27233541301566777
50034R,tpm,16,0.00500785629286978,0.0020950659274732593,0.008698677363829468,0.24403282412313632
50034R,tpm,32,0.004939753497222002,0.00211435075758922,0.009017332000509156,0.22217096720547136
50034R,tpm,64,0.004079764138713127,0.0018699274296556775,0.008228467395806299,0.09488753677692213
50034R,mc1,1,0.0057271465524525965,0.0024514762414502506,0.009191874073383536,0.25208608601210625
50034R,mc1,2,0.005199481497366598,0.0022990206790629826,0.00863412066269403,0.24029543765594072
50034R,mc1,4,0.004829423333470005,0.0021877137378434977,0.008206690930123585,0.2342281011414846
50034R,mc1,8,0.004424135251816803,0.0020645451193485598,0.0076688659587642845,0.21909942062874785
50034R,mc1,16,0.003945890385667106,0.0019109700255044858,0.007125285265795,0.20646965504696166
50034R,mc1,32,0.0032843760916918792,0.0017284380936742323,0.006517308637721388,0.14432670419919502
50034R,mc1,64,0.002639679636284235,0.0013933045117936397,0.005326504864260512,0.1344341807585665
15006R,tpm,1,0.004745828824990629,0.002265063609228241,0.009479381190300302,0.07668985935957859
15006R,tpm,2,0.004591795632732911,0.002217183273880804,0.009226098258636132,0.06818902557541123
15006R,tpm,4,0.004490037634052221,0.0021903177714189615,0.00910202437833088,0.06934594972826733
15006R,tpm,8,0.00441795090689353,0.0021593577592568824,0.008874753510400993,0.07011888216534712
15006R,tpm,16,0.004369411051659913,0.002143572357352623,0.008961840649803484,0.07076019161513411
15006R,tpm,32,0.004288750814719258,0.002132518739409683,0.009102142740936164,0.06849068154364914
15006R,tpm,64,0.0037550721372689314,0.0019023355456649078,0.008149123901414701,0.05679666083684345
15006R,mc1,1,0.0046960125825753355,0.0025836644034952757,0.009959755924878693,0.05885528499517127
15006R,mc1,2,0.004507115691212754,0.0024823123072380496,0.009496299015724541,0.05831386427947005
15006R,mc1,4,0.004298810254093761,0.0023907487201957132,0.008982254967882847,0.05795258153837762
15006R,mc1,8,0.0040679463341027206,0.0022778789182766163,0.008451694909357947,0.0568940605385153
15006R,mc1,16,0.0037703535990066257,0.002132626715101747,0.007867237451407633,0.05904192106487865
15006R,mc1,32,0.0033222196308037846,0.0019181857766527243,0.0070161160673734915,0.0504262165079172
15006R,mc1,64,0.002652563952544535,0.0015028458664667953,0.005574538182842389,0.057120859806782186
16276L,tpm,1,0.0045467016191616675,0.0021579255889207574,0.008926791104426908,0.07530095164939037
16276L,tpm,2,0.00450854940629708,0.0021383037747862745,0.008910580115558332,0.07100964271550599
16276L,tpm,4,0.004464894305418692,0.00212062805491752,0.008787798313373264,0.07008071951314872
16276L,tpm,8,0.004483490659671393,0.002116878660664348,0.008720029237992574,0.09202478855610229
16276L,tpm,16,0.004491608070100791,0.00211868663785464,0.008774370026154072,0.07486349967708356
16276L,tpm,32,0.004475606577691973,0.002100020220899991,0.008909504060251133,0.07722589430638666
16276L,tpm,64,0.0039002089517179237,0.0018036117322000195,0.0079036382566387,0.07981670262361422
16276L,mc1,1,0.004561589977207584,0.002402844440793556,0.009460401229503564,0.06395018117833272
16276L,mc1,2,0.004351716139722898,0.0023033959457957995,0.008976038589966987,0.06869942537478062
16276L,mc1,4,0.0041399142260351,0.0022146449945230854,0.008458930290478176,0.06452624718415362
16276L,mc1,8,0.0038969520973086164,0.00210809032052532,0.007935010666254889,0.06057526357315783
16276L,mc1,16,0.0036013547252535818,0.0019679192707649337,0.007427074634482481,0.05545957814829131
16276L,mc1,32,0.003199327075799283,0.0017686329842957747,0.006664828803296154,0.04503147806734845
16276L,mc1,64,0.002537428540925234,0.0013815131385319446,0.005360948584286685,0.03851622445395057
50017L,tpm,1,0.005055837298016046,0.002291988834994609,0.009609138409442561,0.0898055512658028
50017L,tpm,2,0.004998742332282472,0.002254196695869773,0.009431387537577222,0.09724558347887877
50017L,tpm,4,0.004943468334650382,0.0022265282818755374,0.00914463213930164,0.0860864201018563
50017L,tpm,8,0.004951171035976214,0.0022172676733177386,0.00901954910374231,0.08670762742858154
50017L,tpm,16,0.004968456880483011,0.00223115529084368,0.009095275554319436,0.08368223557676754
50017L,tpm,32,0.004981021687811624,0.002254459741839215,0.00945250546491556,0.07900397908219955
50017L,tpm,64,0.0042558492858585035,0.001986265966773417,0.008601151936296729,0.057535144226419456
50017L,mc1,1,0.004420249279272837,0.002337604854420601,0.009284353943055944,0.07962900299644628
50017L,mc1,2,0.004150279092524144,0.0022121157222641805,0.008677912467501084,0.07032524766704637
50017L,mc1,4,0.0038760220705112377,0.0020966769408146207,0.008025129132089198,0.07087629550471168
50017L,mc1,8,0.0036092147475524842,0.001977592403482595,0.007458025278714022,0.0659232131830837
50017L,mc1,16,0.003316113930973527,0.0018368846753855528,0.0069117275225111605,0.0524394283271007
50017L,mc1,32,0.002963539724796487,0.0016646832677731018,0.0063461210760934195,0.04030854231726353
50017L,mc1,64,0.00248161215213869,0.0013371456396652176,0.005306231925247738,0.03159150466251276
15882R,tpm,1,0.0050238715212031024,0.0022032522800070568,0.009431193314173561,0.17214204615681652
15882R,tpm,2,0.004956567096521181,0.0021737521998658896,0.009335529454794555,0.16946585119650412
15882R,tpm,4,0.004841247812712925,0.0021419676408515704,0.008991656936290341,0.1466299134613589
15882R,tpm,8,0.004757238126386012,0.0021095724453767395,0.008870831818108115,0.13431962848739312
15882R,tpm,16,0.004699706927783054,0.0020901285119840234,0.008755153532147106,0.149893920881368
15882R,tpm,32,0.0046092361374280065,0.002073444191221707,0.008821521278894677,0.18751616687129954
15882R,tpm,64,0.0041418062355309156,0.0018290201274648867,0.007881529667730989,0.27383352879803674
15882R,mc1,1,0.004237404282322227,0.0021644778883382746,0.008840666960527922,0.06552394096604264
15882R,mc1,2,0.004046050895901495,0.0020716958324434394,0.008556163078847394,0.05920350817923736
15882R,mc1,4,0.0038421636783065546,0.0019791312483559793,0.008049780375668596,0.055203997925471114
15882R,mc1,8,0.003619521819165362,0.0018797009498365716,0.0075713960593823985,0.049522549232910745
15882R,mc1,16,0.003337467730538051,0.001767802523243223,0.00700035040011073,0.049163960919239795
15882R,mc1,32,0.0029433214176184876,0.001596703540834815,0.006317233597371303,0.036860242761022385
15882R,mc1,64,0.0022452738652537106,0.0012307740823613203,0.004901114227580699,0.030033508116784943
15441R,tpm,1,0.005022463083926032,0.002296418055228083,0.009656193579425211,0.07613879585914128
15441R,tpm,2,0.00505025385123293,0.002272791035827649,0.009545764994292869,0.13860108298225834
15441R,tpm,4,0.0049808019641264505,0.0022552518972313597,0.009380966891497197,0.1200273414248418
15441R,tpm,8,0.0049559536701857575,0.0022413354528141804,0.009298521961444262,0.09383642830050308
15441R,tpm,16,0.005001182389850437,0.0022427023532462847,0.00937999619553486,0.09511464821153527
15441R,tpm,32,0.005006721968185803,0.0022458767521220824,0.009650288580528852,0.09344187377525026
15441R,tpm,64,0.004301932137106869,0.0019577281049778044,0.00864437163457491,0.076702674560018
15441R,mc1,1,0.004747848796544814,0.0024611022769619574,0.010007581233047567,0.07294115574658722
15441R,mc1,2,0.004529245563732679,0.0023557288837622297,0.009589663495719023,0.06463731277518708
15441R,mc1,4,0.0042593119750053265,0.002246332252555462,0.00905203603339861,0.06088893916240732
15441R,mc1,8,0.003987369792764132,0.0021389524873743136,0.008570937465833341,0.05217523115558706
15441R,mc1,16,0.0036251702275938193,0.0020008846346645194,0.007874355208379483,0.04687575229608337
15441R,mc1,32,0.003224422468587254,0.0018171367056422675,0.007113216991720858,0.04236031397282941
15441R,mc1,64,0.0026409050272625622,0.0014389943473426597,0.0057393904694175435,0.031995945169158206
50090R,tpm,1,0.005254831257088011,0.0025120327929638022,0.010427040235614726,0.09315061589505526
50090R,tpm,2,0.0051203220131813935,0.0024599321415772228,0.010220444310914798,0.07788157969833549
50090R,tpm,4,0.0049856599122744035,0.0024135312717008346,0.00995704253381557,0.08087442396820312
50090R,tpm,8,0.0048569416710360054,0.0023709839842170153,0.009675419283415658,0.08679966915127744
50090R,tpm,16,0.004709838279689832,0.002331170558165485,0.009447211657443312,0.07919590992135678
50090R,tpm,32,0.004505660164917795,0.0022795864863927066,0.009201162119918073,0.06565234471272455
50090R,tpm,64,0.0039020652430171634,0.00199856963905744,0.008143432637771425,0.06014088286100144
50090R,mc1,1,0.00592070814074888,0.0026987003428225447,0.010509727115045669,0.2723010988251182
50090R,mc1,2,0.005504354020598142,0.0025151106307499792,0.009716527877316708,0.28448814060509964
50090R,mc1,4,0.004991895952401239,0.0023647759975118027,0.00899375017222505,0.1442259232062128
50090R,mc1,8,0.004668372363947582,0.002228748940087045,0.00840789973460531,0.13353973080034875
50090R,mc1,16,0.004292046025339692,0.002077191068356497,0.007763771772698955,0.10865003162557997
50090R,mc1,32,0.0037808194526916888,0.0018807754595141454,0.007067069516597534,0.08112613857859559
50090R,mc1,64,0.0028623392549877165,0.0014646347266896818,0.005642922214741496,0.048008415751219585
14827L,tpm,1,0.00439088463866859,0.002079151380664955,0.00872417901377292,0.060385610812689526
14827L,tpm,2,0.004299341160282462,0.002051308343886043,0.00867788323963908,0.05096957886318268
14827L,tpm,4,0.004222791211363313,0.002044762014503832,0.008586172479543899,0.053687100052918206
14827L,tpm,8,0.004131197036693057,0.002029384887732754,0.00851346026228728,0.05385834656084793
14827L,tpm,16,0.004039458658299704,0.0020156589550649933,0.00842316231989522,0.049320329400129266
14827L,tpm,32,0.003903119789899155,0.0019916815342977596,0.008487495706172566,0.045502848292925925
14827L,tpm,64,0.0033463893083685503,0.0017376692824413865,0.007583373169236072,0.04716857420690654
14827L,mc1,1,0.005011889338880738,0.0026176289634495106,0.010792390165743605,0.05100682558758587
14827L,mc1,2,0.004863579705951399,0.002551530108336667,0.010395614000127923,0.048795997963496686
14827L,mc1,4,0.004643562588933474,0.0024799427286822926,0.00997264146237409,0.048587786487927685
14827L,mc1,8,0.004376033388004894,0.0023803346906043836,0.009406663952178854,0.046726012443298805
14827L,mc1,16,0.003995668530123488,0.002218044097136091,0.008545755139387618,0.04452037863594249
14827L,mc1,32,0.003488926154978186,0.001989484897206855,0.007444254761341509,0.037842511295538096
14827L,mc1,64,0.002613703883159686,0.0015147694948125698,0.005700904015377778,0.03382495885644318
14726R,tpm,1,0.004456621094292301,0.002222903874058244,0.009368129461007152,0.1009700404136206
14726R,tpm,2,0.004336366671312309,0.00216928668703448,0.00911655447089858,0.09509765973435746
14726R,tpm,4,0.004214595349076054,0.00213062514233002,0.00893531870892925,0.08920460057604623
14726R,tpm,8,0.004130727299533634,0.002090958458175542,0.008747366591631752,0.08053563587400193
14726R,tpm,16,0.0040309736439720556,0.002045531162437364,0.008539076270119784,0.06970054691011321
14726R,tpm,32,0.0038996412275165322,0.0019954646846755846,0.008380114874066301,0.06196558953061556
14726R,tpm,64,0.003374028447038802,0.001734322623588551,0.007274442175253469,0.05465991038134203
14726R,mc1,1,0.004276515765592994,0.002326274282065347,0.009234694642661308,0.07208843803985096
14726R,mc1,2,0.0040530153249458975,0.002223536400912994,0.008724285859721785,0.05725492021454297
14726R,mc1,4,0.003835774416380934,0.0021296877004084126,0.008246896113450967,0.04778265653350057
14726R,mc1,8,0.0036318589132384844,0.0020257671684401632,0.007801369300838201,0.043814712334907524
14726R,mc1,16,0.0033992491686240223,0.0019068561230741212,0.007279582293902043,0.042996147407707554
14726R,mc1,32,0.0030711911796805526,0.0017405753124704894,0.0066156897755971535,0.036716966502205316
14726R,mc1,64,0.002428184542931676,0.0013709809788168274,0.005140865878757153,0.027277447754720328
15294R,tpm,1,0.005409277524921834,0.0024226204313429907,0.010357178230792265,0.15990954936073323
15294R,tpm,2,0.005325918567912146,0.002389048068461419,0.010208178588375902,0.15660549356541686
15294R,tpm,4,0.005264604587511212,0.0023636256476717776,0.01017772449182439,0.15352218908265775
15294R,tpm,8,0.005194204093703565,0.0023326738902617935,0.010059691233795718,0.15244829377691999
15294R,tpm,16,0.005043346463409996,0.0022837128883279514,0.009841957404742844,0.15559302508750547
15294R,tpm,32,0.004759464175184838,0.0022241878335437083,0.009563541318498793,0.15451836375224193
15294R,tpm,64,0.0038809574236713766,0.001932889577346474,0.008234074555919185,0.09755899765107262
15294R,mc1,1,0.0046366814573211654,0.0025738636101824025,0.010256609619043159,0.07941249523528539
15294R,mc1,2,0.004472302722142735,0.002491294471698705,0.00974079261151813,0.06511718769228589
15294R,mc1,4,0.0042885993420359,0.002414844510283098,0.009425671197533599,0.0644729765575888
15294R,mc1,8,0.004114297951947663,0.002337941848746727,0.0090337647405053,0.0662637293373088
15294R,mc1,16,0.003878156697862547,0.0022286524901547703,0.008453492146199571,0.07291791005064602
15294R,mc1,32,0.0035366511574491063,0.0020606115408600694,0.007816482707018475,0.05444338822844711
15294R,mc1,64,0.0028185190812127156,0.0016281484136348161,0.006200217921828315,0.04256681186106886
50021R,tpm,1,0.004829573860605151,0.002159191911900095,0.009373415038629608,0.15937848641196573
50021R,tpm,2,0.004818387065791752,0.0021454895213987545,0.009336227764017296,0.1784404326746267
50021R,tpm,4,0.004804017213509581,0.0021267991008789944,0.009188674283335769,0.19043640758528405
50021R,tpm,8,0.004784058657320078,0.002107601558493909,0.009158906700354354,0.18674804336240242
50021R,tpm,16,0.004736922551879701,0.0020938800324370762,0.009093807741085666,0.16855462753164718
50021R,tpm,32,0.004603059487856777,0.0020917956035869565,0.009144949977905336,0.10872768936477062
50021R,tpm,64,0.0039971934160838085,0.0018566537759169856,0.00839989445228743,0.07833150109404183
50021R,mc1,1,0.004529770604770252,0.002098643853616302,0.008199560986938156,0.38759108729398317
50021R,mc1,2,0.003810290301232384,0.0019688187434641364,0.007641523218781986,0.08849603715957378
50021R,mc1,4,0.003580895637071274,0.0018568434929912396,0.007092536174691754,0.1055047887945946
50021R,mc1,8,0.003386778934824035,0.001755191877184206,0.006648114594211687,0.13508196089086855
50021R,mc1,16,0.0031982836977509014,0.0016439451158701854,0.0062486288719166075,0.17862096668462232
50021R,mc1,32,0.0030350618461940887,0.0015044891243145132,0.005806554901640712,0.22995791038000665
50021R,mc1,64,0.002448707931397876,0.0012087653009166008,0.00489214643847702,0.15864848668726944
50027L,tpm,1,0.005223556916311125,0.0024145819114882003,0.010423708380334736,0.1532953935736814
50027L,tpm,2,0.0052079039376654295,0.00239903680264378,0.010204935130305279,0.14911998113510547
50027L,tpm,4,0.005141303597704812,0.002379418437756147,0.00999151212881357,0.1411720544104916
50027L,tpm,8,0.005089465532625001,0.0023594993683329936,0.009883787881350862,0.13366419700892707
50027L,tpm,16,0.005054790736576978,0.002359101807264414,0.009932377702520789,0.13095124972861202
50027L,tpm,32,0.005008735809226442,0.002362118000123925,0.0100382562412601,0.14796143792789807
50027L,tpm,64,0.004426769081257842,0.002097208850225589,0.008957995836442724,0.1719226568141682
50027L,mc1,1,0.004810485719833734,0.002445733363020276,0.009668495148194985,0.08590642094333888
50027L,mc1,2,0.004552876577846376,0.002335432663889198,0.009236342948827046,0.08286824932315853
50027L,mc1,4,0.004250160969935027,0.0022155948723683533,0.008618035790741368,0.08255320017601722
50027L,mc1,8,0.003968088729626899,0.002098854323444105,0.008036192425713445,0.07907830048944255
50027L,mc1,16,0.0036325833644077314,0.001955930794139063,0.007511203126079112,0.07405015350604707
50027L,mc1,32,0.0032018892629392167,0.0017582640093061453,0.006717919758592352,0.056128261529590225
50027L,mc1,64,0.0025390916754897946,0.0013713037581069812,0.0054166176088640055,0.03514167974957712
50008L,tpm,1,0.006363736016336129,0.0028037767990380397,0.012240442344655121,0.21013457020455412
50008L,tpm,2,0.006194461300041319,0.002760939891194698,0.01185874428765476,0.1899219572644142
50008L,tpm,4,0.006027045154091767,0.0027146372582845606,0.011541414202331674,0.17210091731608737
50008L,tpm,8,0.005925951942950272,0.002684661825303737,0.011307216099003137,0.15947934597520722
50008L,tpm,16,0.005754091080622049,0.0026499209523191854,0.01108257452497511,0.1537632791686628
50008L,tpm,32,0.005462991798554702,0.0025955840143956784,0.010816733768997434,0.13711824504705072
50008L,tpm,64,0.004527288982604398,0.002243524769690077,0.009540621482298187,0.09219836011185825
50008L,mc1,1,0.004941826082062682,0.002562538613461475,0.009868446594383315,0.08821604070302104
50008L,mc1,2,0.004758595919337469,0.0024598975748270596,0.009236175954075845,0.08703050549188948
50008L,mc1,4,0.004514972929804295,0.002369141101691049,0.008741186990731967,0.08609591191716659
50008L,mc1,8,0.004290980392103255,0.002276435810152528,0.008388058740859518,0.08441986470460225
50008L,mc1,16,0.0040079906354448525,0.0021570350576982427,0.007961830449324388,0.0821024834755174
50008L,mc1,32,0.003625227797954101,0.001988030539224193,0.007418788285455999,0.07318730230271048
50008L,mc1,64,0.0029572461911135245,0.001577102842643839,0.0060193121201814,0.05084193230919977
15358R,tpm,1,0.004903699326000166,0.0022139240345136124,0.009207228845340377,0.07300739694903052
15358R,tpm,2,0.004835055110729454,0.0021863995096451797,0.00906708114323878,0.06993259494183657
15358R,tpm,4,0.004774364366102065,0.00217290445446168,0.008906123516292238,0.06615554541186724
15358R,tpm,8,0.004698121884760168,0.0021505895738922628,0.008861573616271863,0.07058599143005724
15358R,tpm,16,0.004586507188899234,0.002114452951062756,0.008669820264804251,0.06791819123417257
15358R,tpm,32,0.004376374266092469,0.002047936786660749,0.008506298895998438,0.06372751075709035
15358R,tpm,64,0.003633642624204884,0.0017354006470233561,0.007505285079244842,0.044820248798180244
15358R,mc1,1,0.0047314821436421715,0.0023683423856921057,0.009981375746595017,0.08360944138608706
15358R,mc1,2,0.00459385413436883,0.002300148312736392,0.009663420365213001,0.09052001077181152
15358R,mc1,4,0.004388521868380743,0.0022335778254789227,0.009281332797139795,0.08494535580571455
15358R,mc1,8,0.004153914914018437,0.0021457435134817453,0.008819635742191174,0.07767993457403362
15358R,mc1,16,0.0038151111119250924,0.002013063495999491,0.008121429665563456,0.06787006397489563
15358R,mc1,32,0.0033248187009687377,0.0018103372258685656,0.007241705756547537,0.04979548519387165
15358R,mc1,64,0.0025272206009793094,0.0013901003655352384,0.005602115921872888,0.028794137436045954
14548R,tpm,1,0.005292021075656863,0.0024602927759070736,0.010451915561807931,0.11867172307872281
14548R,tpm,2,0.005245270416668665,0.002452915725495068,0.010502056489354154,0.09968808786790656
14548R,tpm,4,0.005186907294889091,0.0024401507943847553,0.010425427235774559,0.06374027994274978
14548R,tpm,8,0.005178099696470036,0.002442371398725655,0.010347075713727352,0.06900097198419675
14548R,tpm,16,0.0051410615000770645,0.0024535866979657653,0.010420960729336964,0.06711709507634332
14548R,tpm,32,0.004998280314800613,0.002451238301601899,0.010367254250762471,0.06888216783169443
14548R,tpm,64,0.004284967622755241,0.0021720716199155003,0.009450450155087288,0.05157520417280811
14548R,mc1,1,0.005009985050151328,0.0027049616936459264,0.010707097044434292,0.07770702903390304
14548R,mc1,2,0.004683171135441502,0.0025628288265460465,0.010039860804870078,0.0823295208493617
14548R,mc1,4,0.004426671585511656,0.0024465714705188954,0.009405835905260406,0.08150572242778255
14548R,mc1,8,0.004138293745908139,0.0023223255211168984,0.00881697394346684,0.07609705784815089
14548R,mc1,16,0.003786742540823202,0.0021650982538281498,0.008052153378878126,0.06228883003888981
14548R,mc1,32,0.0033777120776435836,0.001977350666449379,0.007285534901834344,0.05798345475415919
14548R,mc1,64,0.002717595125065177,0.0015783419572306268,0.006006652844495386,0.03174722814735349
15285R,tpm,1,0.0045593410677812396,0.0020967274067739644,0.009250724743264396,0.06339595642376442
15285R,tpm,2,0.00448797685881664,0.002078943862465209,0.009083524736746179,0.05690311777067083
15285R,tpm,4,0.0043928154347996125,0.0020607458915752773,0.008952853544548714,0.05637496300050628
15285R,tpm,8,0.0043275209814498125,0.0020471110486924974,0.008787825586987541,0.05685508608916856
15285R,tpm,16,0.0042658725139616245,0.002028349624350077,0.008716673038915077,0.05761598426697384
15285R,tpm,32,0.004217175450829959,0.0020206404711919233,0.008880602404031256,0.0580750625297365
15285R,tpm,64,0.0037498300277514877,0.0018121580161704284,0.008147206738473243,0.05411802878323643
15285R,mc1,1,0.004556718740755329,0.002338516845921831,0.009850878803041044,0.06930873221426172
15285R,mc1,2,0.004448785997613678,0.0022922003484350567,0.009516938962183155,0.0686625905485331
15285R,mc1,4,0.00426298091683472,0.0022368829121227145,0.00911324342258438,0.06956362889637754
15285R,mc1,8,0.004027899572356912,0.0021488598095868324,0.008685131485455388,0.06822497677126048
15285R,mc1,16,0.003715085721156409,0.002016391895065419,0.007982969480454835,0.06525987232202243
15285R,mc1,32,0.0032443872956392475,0.0017970273821095138,0.006994605734938207,0.0627045338555856
15285R,mc1,64,0.002407147835118674,0.001354124202726933,0.005198815958942972,0.03404898444369983
14873R,tpm,1,0.0047317736111804915,0.002295339545344504,0.009488925792775068,0.06109963472804158
14873R,tpm,2,0.00457996147700904,0.0022515882728089995,0.009304513244286258,0.06311376453479729
14873R,tpm,4,0.004519848968331494,0.0022300319125179574,0.009212862770749671,0.06140838310170627
14873R,tpm,8,0.004448086067527271,0.0022030720895792923,0.009023913321970885,0.06114271867263899
14873R,tpm,16,0.004315961666726446,0.0021625775737064913,0.008806631705521827,0.058947075769723335
14873R,tpm,32,0.004093424344513509,0.0020966496374454735,0.008552420498369781,0.05537638945132712
14873R,tpm,64,0.00343549191228358,0.0018051312121350374,0.007386961652287231,0.0506006742800469
14873R,mc1,1,0.00449515933710822,0.002516197397458336,0.009838076264380841,0.05176667471783381
14873R,mc1,2,0.0042842643621414525,0.002417295796318181,0.009330849235627625,0.05600275086346291
14873R,mc1,4,0.004088469226412077,0.002326021888378542,0.008905863028053141,0.055034956696854764
14873R,mc1,8,0.0038820555521368607,0.0022283537182110702,0.00848338177764077,0.04941090650375773
14873R,mc1,16,0.003633021268510448,0.0021105224130756302,0.007966309304106503,0.03914079298361287
14873R,mc1,32,0.0032875545280155022,0.0019412583291969023,0.007214618243465282,0.03429348635344886
14873R,mc1,64,0.002650362359902676,0.0015568122299339355,0.005814795234186179,0.02765950651140865
15737R,tpm,1,0.005750173087520705,0.0027366959569542996,0.011925236148013444,0.09342047890882609
15737R,tpm,2,0.005625030679887747,0.002708563562034989,0.011831540049089477,0.07840972487999441
15737R,tpm,4,0.00556042381595237,0.002692849172189873,0.011779633347840546,0.07964822471647835
15737R,tpm,8,0.005460196884787869,0.0026606139740080257,0.011604159798503004,0.07612376948366391
15737R,tpm,16,0.005320957439304421,0.0026154161470916407,0.011262560091331919,0.08146447908309914
15737R,tpm,32,0.005068296138470958,0.002536544003421181,0.01095421902369709,0.07285349404308378
15737R,tpm,64,0.004258674908141186,0.00217434766024792,0.009315604607557279,0.05960958256683991
15737R,mc1,1,0.00446844769041963,0.002421011714084229,0.009546227236760066,0.07523505634441993
15737R,mc1,2,0.004243924706685533,0.002313817535995834,0.009097702371424968,0.0812008366578077
15737R,mc1,4,0.004046919709252607,0.0022225081785015315,0.008617772104456894,0.0758527046765562
15737R,mc1,8,0.0038439807552950516,0.0021155273538410618,0.008210648960477152,0.07612341209862399
15737R,mc1,16,0.0036051975874749932,0.0019872824663367972,0.007585032035065131,0.06767850988905987
15737R,mc1,32,0.003281972459805676,0.0018096778067511231,0.006886785517348466,0.06828037638023937
15737R,mc1,64,0.0026023393611855727,0.0014027872628792535,0.005442849475103421,0.04808156501099594
14685R,tpm,1,0.004830605989714379,0.002244779247052852,0.009864101276033283,0.06586219766422716
14685R,tpm,2,0.004721917054060537,0.002197898616755179,0.009731244868624185,0.06753796723220558
14685R,tpm,4,0.004649296751562703,0.00215795509349869,0.009384933708776718,0.07200775552536451
14685R,tpm,8,0.0046243835723676135,0.0021406915533793377,0.009390943173271661,0.07493643142465278
14685R,tpm,16,0.004612823508484757,0.0021385437581568746,0.00943232729811298,0.07309285716830324
14685R,tpm,32,0.004552114662210796,0.0021467079091995597,0.009409526785029015,0.06845273685850456
14685R,tpm,64,0.003967363763162458,0.001916371110417093,0.00868301874852837,0.054791499754545496
14685R,mc1,1,0.00431555326742027,0.002383529998538022,0.009140436768289122,0.06057922732522734
14685R,mc1,2,0.004135716785769849,0.0022901896143796775,0.008627040719133519,0.05929368592719488
14685R,mc1,4,0.003940910722411935,0.0021921706734903995,0.008215509666099755,0.054409870847132315
14685R,mc1,8,0.0037155020620104518,0.002085438890533236,0.007740575875083347,0.049039642130942966
14685R,mc1,16,0.0034262087862133523,0.0019469215821974427,0.007184571673766545,0.0426542140529044
14685R,mc1,32,0.0030481230595701915,0.0017554738327059574,0.006520091887528127,0.03647740111061379
14685R,mc1,64,0.0025143761257013656,0.00140036340945228,0.005443772940042931,0.031249118845070818
50061R,tpm,1,0.005369528948598941,0.0024875364810473125,0.010258127808931924,0.12875386774845116
50061R,tpm,2,0.005342921950187999,0.002459601330445054,0.010287703305828231,0.11785405802644172
50061R,tpm,4,0.005274654846106041,0.002437755540788363,0.010151735394707444,0.1196509038729119
50061R,tpm,8,0.005206704254110897,0.0024245322068835893,0.010044556866505962,0.11934942557818516
50061R,tpm,16,0.00513852160904095,0.0024164323560656163,0.010013565003971188,0.1166440900087418
50061R,tpm,32,0.004985509186913458,0.002386912884820964,0.010031964912208594,0.10925067726461897
50061R,tpm,64,0.00420706056415368,0.002068654509890962,0.008770390281905006,0.08765261917782367
50061R,mc1,1,0.004387823307212419,0.0023341934171905747,0.009110604946272402,0.12297248694405666
50061R,mc1,2,0.004082207457304639,0.0021998201019724755,0.008514107198632275,0.11780446652760226
50061R,mc1,4,0.0037670991344130357,0.002071498204034954,0.007983587664187634,0.09229736504333835
50061R,mc1,8,0.0035108567793063076,0.0019521048042339627,0.007398204459802867,0.07545417437915392
50061R,mc1,16,0.003255732495820763,0.0018260150956847276,0.006855322368249657,0.0707737055595933
50061R,mc1,32,0.003029249327655945,0.0016859551359297475,0.006430324575362755,0.06730533642254187
50061R,mc1,64,0.0026274024795255317,0.0013885740561855949,0.005481328245965784,0.030718449236445095
50045R,tpm,1,0.004971226428767117,0.002258469365058427,0.009417751282705458,0.07700201457095603
50045R,tpm,2,0.0049019360381727575,0.0022113727514664135,0.00909151654047391,0.08965469605839635
50045R,tpm,4,0.004843569916168433,0.002181587230323625,0.008887190018385525,0.08377204229983946
50045R,tpm,8,0.004748535575743537,0.002144061199642132,0.008801799356183212,0.08470042686068123
50045R,tpm,16,0.004630106688540558,0.0021038749810663848,0.008631195584819541,0.08548131385055398
50045R,tpm,32,0.004419482419282117,0.0020678759318250015,0.008585906961863647,0.07732252391678235
50045R,tpm,64,0.0037399437642914673,0.001828900925858375,0.0076866427318777655,0.0706646482281318
50045R,mc1,1,0.004497928130315098,0.0021883422389092615,0.008344890899987986,0.2700426700595102
50045R,mc1,2,0.004195775512818695,0.002054444314204596,0.007861940496414326,0.2700426700595102
50045R,mc1,4,0.003664923372505757,0.0019323627886056864,0.007273093156587669,0.10941721051400143
50045R,mc1,8,0.0033616678068697603,0.0018124404270470542,0.006776636988671609,0.08871382812787255
50045R,mc1,16,0.003043207028115093,0.0016725701994259753,0.006248043788461359,0.07369364193043494
50045R,mc1,32,0.002680967966443483,0.0014992282104568486,0.00563994045154963,0.058041861441476834
50045R,mc1,64,0.0021135624844955216,0.0011739283627350662,0.004477469295258319,0.034846316381274514
50006R,tpm,1,0.00500155680107397,0.0023223574253360153,0.009772569544433379,0.10333865218678873
50006R,tpm,2,0.004900945069037394,0.0022978034772741566,0.009719197481124162,0.09387407843933541
50006R,tpm,4,0.004854007645468991,0.00228047932043589,0.009665397247028041,0.08743938123710414
50006R,tpm,8,0.004834126797346782,0.002275751370296692,0.009498011932299991,0.08119665602644058
50006R,tpm,16,0.004824026277808467,0.002281065627770006,0.009488265068868655,0.07626240549576259
50006R,tpm,32,0.004763544020874485,0.0022983958846720864,0.009789875036362758,0.07083221309800321
50006R,tpm,64,0.004206803355537521,0.0020836253013156144,0.008887176762416873,0.0614034891353763
50006R,mc1,1,0.004317616066251611,0.002383033548951058,0.009245892153977558,0.05938003918318123
50006R,mc1,2,0.004047292915668504,0.0022456262721075363,0.008566509263664118,0.05970253924589336
50006R,mc1,4,0.003788219012225521,0.0021311747938709403,0.008098238133177215,0.05938155312950129
50006R,mc1,8,0.0035314571081692847,0.002012854436899833,0.007631114763085706,0.0592412350461128
50006R,mc1,16,0.003226277703283129,0.0018733166811817962,0.006973922344185253,0.05288379445219554
50006R,mc1,32,0.0028947825594565764,0.001712686518008242,0.0063479258035168285,0.0338676381775076
50006R,mc1,64,0.0024173809686096805,0.0014103603399918722,0.005240833979495749,0.02458027414026537
50029R,tpm,1,0.005712826048471584,0.002662089531776088,0.011379764390943122,0.09143265952060337
50029R,tpm,2,0.00567832785412516,0.002629852420381182,0.011154847656226232,0.09108905947176088
50029R,tpm,4,0.005590492306003313,0.002595210755250941,0.010982324639723245,0.0998651919645447
50029R,tpm,8,0.005534928225742351,0.002570241242894978,0.010862088234478586,0.10705013170698184
50029R,tpm,16,0.0054858330779339725,0.0025676700274120568,0.010985571037133572,0.11069016048770046
50029R,tpm,32,0.00540739000155018,0.0025723916945875392,0.011033739170090706,0.10967375740851815
50029R,tpm,64,0.004787350272162409,0.0023080832072000152,0.00979048516271977,0.10249241914065392
50029R,mc1,1,0.005054151446766085,0.0025476825034850925,0.009958855235961322,0.08359483833963277
50029R,mc1,2,0.004764854258331119,0.002416615914042866,0.009300969578867906,0.11164155382560709
50029R,mc1,4,0.004523680167145362,0.0023035476639613134,0.00873337085662461,0.1072830755218953
50029R,mc1,8,0.004264736116721411,0.002191996039806808,0.008211305549466185,0.09943129454998166
50029R,mc1,16,0.003930793421969593,0.0020546021956130795,0.007662624682356448,0.068063512364465
50029R,mc1,32,0.0034565372443658197,0.0018548316184331204,0.0068767401893043345,0.0534317426725567
50029R,mc1,64,0.0026721019166972677,0.0014586824461960577,0.0055118373856142865,0.037490680516721095
50020R,tpm,1,0.005248542325543925,0.0023230646504331367,0.009673136238212235,0.09382214271158673
50020R,tpm,2,0.005142587608602475,0.0022874505580554702,0.00960368230443954,0.13314459352847516
50020R,tpm,4,0.005056756135629502,0.002263265907568874,0.009527102991063645,0.13327576994559945
50020R,tpm,8,0.004996788740479806,0.002246614210871196,0.009427173340739836,0.13246300614989162
50020R,tpm,16,0.004951108221307721,0.002239528378092929,0.009553965067792228,0.1364037203082879
50020R,tpm,32,0.004820405379844196,0.0022190358769674607,0.009549670110329976,0.1471279354758807
50020R,tpm,64,0.004080186660323045,0.0019464401257580505,0.008275514000613687,0.10450652648657109
50020R,mc1,1,0.004064064795270439,0.002169765792471197,0.008304104304926438,0.07193607390536681
50020R,mc1,2,0.0038295090017122706,0.0020641718822437386,0.007901413123711275,0.07854011768832879
50020R,mc1,4,0.0036016450263577186,0.001968620875259411,0.007508738027263142,0.07825280280931451
50020R,mc1,8,0.003368409797859044,0.0018618602286364725,0.007038982682453224,0.06089655615265392
50020R,mc1,16,0.003101278307840639,0.0017386132030048499,0.006590250370300678,0.04751105962114126
50020R,mc1,32,0.0027828205902993607,0.0015810637518463358,0.006014747124254445,0.03753858588189925
50020R,mc1,64,0.002230891676034146,0.0012549759764184226,0.004905799987122748,0.02323030746045599
15284R,tpm,1,0.004867661650162542,0.002350949085494994,0.009993371581256431,0.08297090897711448
15284R,tpm,2,0.004788032446640121,0.00231636939827669,0.009793976780574951,0.08662697341242154
15284R,tpm,4,0.004768647967224302,0.0023046637229332694,0.00983839714062321,0.09173826157278456
15284R,tpm,8,0.004770218368941498,0.002295465779773398,0.009772899872433793,0.0934652015114018
15284R,tpm,16,0.004751525177817291,0.002293277811939512,0.009882020000237886,0.08838238999311969
15284R,tpm,32,0.004618914159589049,0.0022861563270605537,0.009912764583230697,0.07561705880242905
15284R,tpm,64,0.0038970065256093236,0.0019839612329723196,0.008719347075155048,0.05172277003585986
15284R,mc1,1,0.004875584188134818,0.002622861938152027,0.010627353752344396,0.05394208897049454
15284R,mc1,2,0.004712804356290927,0.0025350151498462286,0.010104366657835663,0.052694988459216614
15284R,mc1,4,0.0045156453300419725,0.002435993900806354,0.009577316531381384,0.05111981753617949
15284R,mc1,8,0.004299858758720365,0.0023291972968918096,0.008989980529770876,0.051054590061031344
15284R,mc1,16,0.004003260288412059,0.0021898715769864217,0.008339106352501997,0.05209634844778987
15284R,mc1,32,0.0035797392918181176,0.0019782375503226445,0.0074629392109111115,0.051224918599566974
15284R,mc1,64,0.0027592620948881552,0.001515860900522133,0.0057864159777481945,0.03721212361122436
50018L,tpm,1,0.005246572688799218,0.0024008272472932214,0.010284907603431283,0.09639002901836269
50018L,tpm,2,0.005116473804071834,0.0023579084532811636,0.010121213855829186,0.08991308452068604
50018L,tpm,4,0.005043994404088389,0.002342682577639945,0.010105346762325954,0.08920090466830763
50018L,tpm,8,0.004974469506105811,0.0023206407127176324,0.009903045025406995,0.08863535371718101
50018L,tpm,16,0.004906728959931332,0.0022928368174730145,0.00979089679572676,0.09069936730728008
50018L,tpm,32,0.0047213724072484075,0.0022431344076539457,0.00949155509560341,0.10109469402341409
50018L,tpm,64,0.003979272074922191,0.00195528894115246,0.008503070837281272,0.06006422398845917
50018L,mc1,1,0.004631302496804446,0.00241429118128846,0.009742249387346746,0.08718765471700299
50018L,mc1,2,0.004365799928907005,0.002300156414846128,0.00922338748211361,0.06012646321657862
50018L,mc1,4,0.004100285123581731,0.0021840935207571247,0.00864841142542599,0.056355455321559125
50018L,mc1,8,0.0038651709308192388,0.002075278061829308,0.00815566807784425,0.052613927204253966
50018L,mc1,16,0.0035905885540839432,0.0019375801152644897,0.00756154505789372,0.048142727653815894
50018L,mc1,32,0.003196880396420976,0.0017382535177525955,0.006847899112969468,0.03869330795146593
50018L,mc1,64,0.002459268867297957,0.0013368591571449235,0.005364030473693189,0.030348333857847996
50037L,tpm,1,0.005210498681197728,0.002453466063689072,0.01046458856871966,0.07966772363531663
50037L,tpm,2,0.005087726525280436,0.0024050413083173904,0.010177724416524507,0.0849682084149875
50037L,tpm,4,0.0049195784247998715,0.0023511449205399835,0.009854694656085622,0.07962943947781446
50037L,tpm,8,0.0047984298744690995,0.0023120879846452677,0.009650974518439714,0.07576556949726154
50037L,tpm,16,0.00469041250570132,0.002282220190851366,0.009599700906958936,0.07687988733580307
50037L,tpm,32,0.004580504970101903,0.002264107291945057,0.009547513428246793,0.07130124035201563
50037L,tpm,64,0.0039573748346515515,0.0019807843146242804,0.008541919453452555,0.06356325416571286
50037L,mc1,1,0.004776641476098933,0.002481233615427483,0.010033231490007039,0.10760432711474456
50037L,mc1,2,0.004399322788087164,0.0023119786106087542,0.00924209240495097,0.10415871272741677
50037L,mc1,4,0.004090409568677601,0.0021672137967516675,0.008549565102061433,0.10412627099419831
50037L,mc1,8,0.0037746524045023052,0.0020216278576764995,0.0079860565605278,0.055011460348515104
50037L,mc1,16,0.0035238535497762046,0.0018858562829465759,0.007370417519767116,0.05047272367697663
50037L,mc1,32,0.003296519858567659,0.00175093818203142,0.006897592730776495,0.044777941760007656
50037L,mc1,64,0.002883225379171386,0.001461108020574328,0.00607114695545062,0.038979224294339976
14727R,tpm,1,0.0050911717347812665,0.0023485798352249508,0.00981127405656034,0.07553691242151357
14727R,tpm,2,0.005069758434312165,0.0023307619785334025,0.009592331514209207,0.08566462659708585
14727R,tpm,4,0.005028879339306832,0.002326788682600612,0.009528569574196798,0.0874666570105269
14727R,tpm,8,0.0049949373540145265,0.0023201201876078318,0.00945843958060256,0.09001569105089138
14727R,tpm,16,0.004956232657058181,0.002302880257802202,0.009444457440806594,0.09498907836484682
14727R,tpm,32,0.004856512359430662,0.0022786893068190667,0.009483018608888906,0.09095408233914744
14727R,tpm,64,0.004161053421116347,0.0019945993167271112,0.008679946600230365,0.07208981097619839
14727R,mc1,1,0.004892422449517518,0.0025333636141537494,0.010505234944501817,0.06887127401118504
14727R,mc1,2,0.0047279877145489655,0.0024675585409245694,0.010103770376750455,0.06945042666001375
14727R,mc1,4,0.004536412391215729,0.002413922031434874,0.009782420646649321,0.0644777402516163
14727R,mc1,8,0.004303161797812801,0.002329333757923511,0.009325703480446978,0.05383020901350954
14727R,mc1,16,0.0040085573943526446,0.002205676364858284,0.008761235999982037,0.052292618218464884
14727R,mc1,32,0.003575274425287354,0.002007995565999973,0.00783850733594686,0.05041767127808503
14727R,mc1,64,0.002783383482553881,0.0015659533906639373,0.006170071926154294,0.03285521139803252
14613R,tpm,1,0.004772981710341958,0.0023978052851352663,0.009988769699589553,0.10577530714817066
14613R,tpm,2,0.004628992819659078,0.0023461985251787107,0.009711118102663084,0.09090983300343207
14613R,tpm,4,0.004487368901318165,0.002301255055456157,0.009447981191857463,0.09195474720011905
14613R,tpm,8,0.00437183501479859,0.002261193089773014,0.009330419640750922,0.08373763692644572
14613R,tpm,16,0.004243543091971657,0.0022067061231551906,0.009076437479725048,0.08403085130775154
14613R,tpm,32,0.004070260794142651,0.0021441538326600626,0.008737054328828377,0.0859171946087838
14613R,tpm,64,0.003594433942668694,0.0018864480190282234,0.00786823925754154,0.07528071513312735
14613R,mc1,1,0.004823766008731011,0.002696510719050753,0.010624289126333173,0.060545111230116896
14613R,mc1,2,0.004606218137446346,0.0025918502848211867,0.010168981917460287,0.05540760976531549
14613R,mc1,4,0.004394057888575857,0.002490407709065441,0.009557316191886892,0.054675733392490836
14613R,mc1,8,0.004158252371467999,0.0023698721433267726,0.008994663685717193,0.048936912101820856
14613R,mc1,16,0.003831089507810877,0.0021998083523026854,0.008310758831312227,0.04107701970350805
14613R,mc1,32,0.0033679408234398326,0.001955129063725442,0.007284621226061861,0.035168942949987375
14613R,mc1,64,0.002572290746786647,0.001497948870682929,0.005564390572593042,0.03283366000500747
50014R,tpm,1,0.005187341628877761,0.0023372291488618817,0.009906849933048932,0.14854096129685562
50014R,tpm,2,0.005114933383855781,0.002312721818632864,0.009807554522112759,0.12025370921777358
50014R,tpm,4,0.004996230113831062,0.0022820650902189736,0.009628351023711337,0.08452649762096316
50014R,tpm,8,0.004960738593202104,0.002269733164641695,0.009573662457312735,0.08051518609901395
50014R,tpm,16,0.00494540603113948,0.002278137060179016,0.009736872039141774,0.07960386199744567
50014R,tpm,32,0.0048519655920596805,0.002277546532681322,0.009822828144073413,0.09458311245912841
50014R,tpm,64,0.004141975820944877,0.002003104709169557,0.008699279330659351,0.06885083968816673
50014R,mc1,1,0.004129870373901908,0.0022431887247725073,0.008965180920654557,0.05876613506217055
50014R,mc1,2,0.0038851375604355993,0.0021223708910975978,0.008340038065200813,0.049456432119204585
50014R,mc1,4,0.0036454681931526183,0.002009590434853858,0.0077679824272809525,0.044388573843331974
50014R,mc1,8,0.00339168119235264,0.0018874868811453378,0.007229987090181374,0.041411953066881654
50014R,mc1,16,0.0031044775757368974,0.0017454994255529906,0.006552331061213366,0.043969189062398606
50014R,mc1,32,0.0027643308538974685,0.0015673112368873312,0.005853597923196253,0.049068488915652055
50014R,mc1,64,0.0022182862515303233,0.0012383003018404462,0.00473859538807116,0.04027163612124601
50019R,tpm,1,0.005205340617722331,0.00232213878624251,0.009669998503389161,0.09933567910830157
50019R,tpm,2,0.00515718494630127,0.0023022288987045005,0.009539426698914923,0.08501858878311455
50019R,tpm,4,0.005132996817756833,0.0022981172581330285,0.009493141051974177,0.08355721922649993
50019R,tpm,8,0.005091679881203876,0.002294155740104574,0.00951712272530923,0.08118080771360688
50019R,tpm,16,0.005015399340801953,0.0022858968879792356,0.00951204686613216,0.07750868334229975
50019R,tpm,32,0.004820543935460252,0.0022688222846228238,0.009443706646646014,0.08112805727371614
50019R,tpm,64,0.004033583563634409,0.001967350699724264,0.008338438421207649,0.054063933240146606
50019R,mc1,1,0.004677088132083184,0.002433978790834692,0.009574739063053898,0.26462109852202814
50019R,mc1,2,0.004407699428848197,0.0022882681857107085,0.008960206954762287,0.2667331151698876
50019R,mc1,4,0.004201406622441323,0.002164859900007708,0.008461580753383486,0.27241419911310766
50019R,mc1,8,0.003717244671578934,0.0020321717319859455,0.007943494245757805,0.0711727706558871
50019R,mc1,16,0.003425014879756004,0.0018703159081785187,0.00717416161413988,0.09986671895579988
50019R,mc1,32,0.0030660900778451496,0.0016627026384273575,0.006282685462851563,0.13053541295528917
50019R,mc1,64,0.0024611567161487154,0.0012929544237967334,0.005060187594378728,0.10632078960049492
50033L,tpm,1,0.005403344918525558,0.0024734885016878356,0.010337338831373883,0.09032778107038378
50033L,tpm,2,0.005304673118264901,0.002440654498311548,0.010405313556404358,0.08167147362549036
50033L,tpm,4,0.005251926826582685,0.002430415055837674,0.010385943890254348,0.07700029207767968
50033L,tpm,8,0.005226141867005809,0.0024217412140774327,0.01031475370197251,0.07326632545196173
50033L,tpm,16,0.005196780392331822,0.002411647238063572,0.010065281414934976,0.07578211790562327
50033L,tpm,32,0.005074158253895099,0.0024013524518965617,0.010126289637659838,0.07380534526185001
50033L,tpm,64,0.004312638209741762,0.0020953274785551457,0.008951217210568511,0.07698369047556937
50033L,mc1,1,0.004905514537053065,0.0024830435762580112,0.009965997414358888,0.08440395075449722
50033L,mc1,2,0.0045708776100955835,0.0023315272137314482,0.009192584446948555,0.0769044770375167
50033L,mc1,4,0.004271414442097626,0.002209952707839233,0.00867345462938094,0.07896475371453224
50033L,mc1,8,0.003971357625592727,0.0020888078403639965,0.008075931417582756,0.07641167848141371
50033L,mc1,16,0.0036021116765161763,0.001947249140689958,0.007585028448941659,0.0614638436670542
50033L,mc1,32,0.0032187089410029815,0.0017736075043053698,0.0068618659681553154,0.05615857799350414
50033L,mc1,64,0.0026513535029456894,0.0014013371110231892,0.005645672000910973,0.06274042042280836
50053R,tpm,1,0.0049267892207488055,0.002265302142490042,0.009205102512769427,0.09018913651259206
50053R,tpm,2,0.004818273593208081,0.0022268211991814586,0.009004007390808434,0.0710740039146555
50053R,tpm,4,0.00474182734105714,0.0021952274388326205,0.008795035220598837,0.07078986021534428
50053R,tpm,8,0.00466409393811753,0.0021622341489242964,0.008650757078140808,0.07206154588781025
50053R,tpm,16,0.004582526416141834,0.002144311418377071,0.008627670466107103,0.07339574352192227
50053R,tpm,32,0.004476038730030374,0.0021469596445867134,0.008767720196566974,0.0748828167651784
50053R,tpm,64,0.003955717953243381,0.0019519078747699428,0.008229323120084528,0.07761422125049416
50053R,mc1,1,0.004765185734534431,0.0023974583185883466,0.009429485921537015,0.13708054442056072
50053R,mc1,2,0.00440398733071453,0.002241563764151513,0.008733222062251026,0.13833394439940214
50053R,mc1,4,0.004063479414892018,0.0021158239319117008,0.008184934622158677,0.10305776531998025
50053R,mc1,8,0.003774231807994008,0.001996532590647554,0.007606332187472324,0.09375821240221775
50053R,mc1,16,0.0034429925220628094,0.0018643546371982136,0.007090268988231982,0.08611105714646215
50053R,mc1,32,0.0030840702630056584,0.0016983275476627003,0.006590945533085241,0.08166728157617253
50053R,mc1,64,0.002455789731566359,0.0013404053106372785,0.005170445593982306,0.03623503936019449
50016L,tpm,1,0.005484449097748003,0.0023905404874359736,0.010166528547752192,0.38745322298311313
50016L,tpm,2,0.004913599098996461,0.0023469679622969944,0.010154386196111167,0.09219446100570557
50016L,tpm,4,0.004843191280779847,0.002323968679888415,0.010105793366858616,0.09720944602472024
50016L,tpm,8,0.004801749204294026,0.002310903073272369,0.009953884676218355,0.10932079375578989
50016L,tpm,16,0.004732927304978735,0.0022999375786154127,0.009819139501324866,0.09807650661702011
50016L,tpm,32,0.0046511672062079104,0.0023114774737332004,0.009932830230489069,0.09002059184505105
50016L,tpm,64,0.00413568734257673,0.002092694886494536,0.009089156374619144,0.0736538574173003
50016L,mc1,1,0.004736223712110284,0.002451847246748696,0.009652210421830888,0.10889481291023125
50016L,mc1,2,0.004456480246124184,0.002315855611709799,0.009114618112804576,0.11948371336157683
50016L,mc1,4,0.00417605685948684,0.0021976945852171673,0.008511939199311487,0.09645370185895372
50016L,mc1,8,0.003939225212503545,0.0020913341375592693,0.008168432398983827,0.08173663848260045
50016L,mc1,16,0.0037087116703475157,0.001983506500248902,0.007701150833611014,0.07358886404523984
50016L,mc1,32,0.0034451451797279688,0.001853432875938802,0.007194485299905864,0.06263750714938356
50016L,mc1,64,0.002821855277750427,0.0015024557900296096,0.005928544371365293,0.04332710502770819
50024R,tpm,1,0.005335132455322538,0.0024119506085055584,0.010339215278005971,0.08369346981810338
50024R,tpm,2,0.0053332267590091515,0.0023914058757284586,0.0102794789531288,0.07690427105693733
50024R,tpm,4,0.005331659200011956,0.0023858017262472623,0.010244615924400395,0.08731111329954151
50024R,tpm,8,0.005339346594406552,0.0023883987222069526,0.010325326101996034,0.09006377987815149
50024R,tpm,16,0.005316608482464782,0.0024021742391794414,0.010148188633284497,0.08448891562134637
50024R,tpm,32,0.005213234648634662,0.002409642466145021,0.01024109909765002,0.07563405999741502
50024R,tpm,64,0.004581940372096544,0.002138961222263696,0.009312387901225783,0.14987091036167643
50024R,mc1,1,0.004733087100923345,0.0024669924610026188,0.009694313087808177,0.10162107070956052
50024R,mc1,2,0.004430963930228626,0.002337054886792431,0.00917252446050766,0.07691996493708786
50024R,mc1,4,0.004138668652284698,0.002218329221724544,0.008705939914753193,0.06825102423863826
50024R,mc1,8,0.0038372120218582878,0.002082113915660998,0.008050539789473303,0.06329753399056373
50024R,mc1,16,0.0034969754804951934,0.0019201650332016,0.007400350570611926,0.0519210207330294
50024R,mc1,32,0.0030818984608951892,0.001719522281299679,0.006591738089178289,0.044113353713441356
50024R,mc1,64,0.002550144967583288,0.0013805589499858357,0.005488749102823513,0.033663576774210016
50007L,tpm,1,0.005477519710598338,0.002507221337919452,0.010642894956346804,0.11113773972518147
50007L,tpm,2,0.005375907371657733,0.002467866176454912,0.010390035749462068,0.08656019823806903
50007L,tpm,4,0.0053346950329949275,0.0024525074483752996,0.010326718896177058,0.09137303151167654
50007L,tpm,8,0.005265825485813423,0.0024448131768512026,0.010215863640890145,0.08759167045304975
50007L,tpm,16,0.005182058052512498,0.0024471120423453434,0.010191834937822268,0.07989905838826823
50007L,tpm,32,0.005025979666528054,0.0024395500440536977,0.010159961512826316,0.07626931833604067
50007L,tpm,64,0.004277068198340539,0.0021384732200113166,0.00890978757036727,0.07975391914037198
50007L,mc1,1,0.004148988238427632,0.002306213572433061,0.008774178180216644,0.06795155607251654
50007L,mc1,2,0.003903284640927357,0.002170348066588699,0.008279583863893195,0.06101301117620501
50007L,mc1,4,0.003664507014801061,0.002054818085537709,0.007771576115639299,0.05872925422040152
50007L,mc1,8,0.003460020439248619,0.001944851032363533,0.00726042939281587,0.05972304364081351
50007L,mc1,16,0.003216223454630703,0.001818598737859544,0.006753652091916067,0.05910496654740268
50007L,mc1,32,0.002925700936925549,0.0016694311199268524,0.006179119434705971,0.05367125356536451
50007L,mc1,64,0.002418871851759483,0.00134221494910322,0.005075457559669939,0.03974405584961046
50001R,tpm,1,0.004916310293073935,0.002293617097153038,0.009621189175923648,0.07797655772962334
50001R,tpm,2,0.00484338916335409,0.002267698905671528,0.009450371165049211,0.07762966120051573
50001R,tpm,4,0.004792910464092687,0.0022489738240921526,0.009328470018566584,0.07607382147999134
50001R,tpm,8,0.004737767818306416,0.002237775242936774,0.0092617474330712,0.07613631109840369
50001R,tpm,16,0.004689025453369278,0.002227851483449463,0.009259799830876558,0.07384327191699744
50001R,tpm,32,0.00455532319313591,0.0022081415259934136,0.009224044795597904,0.06874998185618471
50001R,tpm,64,0.003973814777809271,0.001977236259656591,0.008318916122520894,0.055228940130149506
50001R,mc1,1,0.0042176841675081915,0.00220212718414614,0.008440027833427009,0.11260963714406014
50001R,mc1,2,0.003940316083854957,0.002085052684803536,0.007865106848580047,0.10280040783725294
50001R,mc1,4,0.003737266030117383,0.0019818641519282532,0.007487825856775763,0.10132711492776544
50001R,mc1,8,0.0035272628398089634,0.0018854180367740636,0.007126368268835976,0.08423073905880792
50001R,mc1,16,0.003282645651081369,0.0017803570767531446,0.006705407708038142,0.05606669073861051
50001R,mc1,32,0.002955161483555569,0.0016349461103521035,0.00614779888126864,0.042215643815018196
50001R,mc1,64,0.0023607967323309364,0.0013193748689265589,0.0050504495660425456,0.031059465659631323
15357R,tpm,1,0.005103001710537987,0.0022764453804919585,0.009448855252779104,0.09160128336196849
15357R,tpm,2,0.005095499331068222,0.002253681404700834,0.009315070207668646,0.11817445833934241
15357R,tpm,4,0.005101593557520017,0.0022550024711970925,0.009253948185076633,0.12506307716018947
15357R,tpm,8,0.005113786060064693,0.0022571608450871732,0.009239948229901375,0.11756880811269607
15357R,tpm,16,0.005104064895281173,0.002265128642379667,0.009390522738880192,0.11963406284339807
15357R,tpm,32,0.0050264907738911445,0.0022507872395728097,0.009266801627287049,0.13112329869505568
15357R,tpm,64,0.004176432742675092,0.001907607870087837,0.008105491663738326,0.1058144137236243
15357R,mc1,1,0.0052850161875773625,0.0026445442789284073,0.010775207987237773,0.15453316189003027
15357R,mc1,2,0.005114529273000406,0.0025490493552174616,0.010290460718804646,0.19661914899402855
15357R,mc1,4,0.004857364508298407,0.002442550439121689,0.009768256654928673,0.17297039097466574
15357R,mc1,8,0.004554150772507909,0.0023129803925920557,0.009084853771072696,0.13385675374647665
15357R,mc1,16,0.004139224773677744,0.002137347780333087,0.008340435778949485,0.09916931677834573
15357R,mc1,32,0.0035397014446216873,0.0018750845868944319,0.007316164503503937,0.08039295128138668
15357R,mc1,64,0.0025974451998306866,0.0013969035707080567,0.005520091043923759,0.04223145274092712
14819R,tpm,1,0.004788154924735744,0.002298549396841775,0.009759281909903519,0.07420760659623613
14819R,tpm,2,0.004774172486596181,0.0022739350315101785,0.009418388276897326,0.06910494752286087
14819R,tpm,4,0.00469965616446455,0.002254097771823189,0.00921426069203278,0.071704886598956
14819R,tpm,8,0.004656977603149919,0.0022388788870225627,0.009127692893642871,0.0651797829291852
14819R,tpm,16,0.004667938894313399,0.0022495507830999507,0.00921668644188963,0.060160837007575685
14819R,tpm,32,0.004655456175817133,0.0022693891445056255,0.009557281697279277,0.06078442464173782
14819R,tpm,64,0.004006920400108086,0.0020183603768679434,0.008625665418407263,0.045118670240036435
14819R,mc1,1,0.0044951141415125314,0.0024531215464316932,0.009716281456331029,0.06505471150657212
14819R,mc1,2,0.004237347253666926,0.0023333051480696797,0.00908329425219426,0.06786814608881249
14819R,mc1,4,0.003995831274937908,0.0022260382390689513,0.00853928351889649,0.05639509565707403
14819R,mc1,8,0.0037494456422046637,0.002111104915202482,0.007970198656975458,0.0468074797021631
14819R,mc1,16,0.0034699940221906466,0.0019788423502473114,0.007329352029935169,0.04787711117251592
14819R,mc1,32,0.003082590145333234,0.001790492850563344,0.006538772296028448,0.040555906531208476
14819R,mc1,64,0.002380272735411172,0.0013823885295787468,0.005061804098767887,0.02654000430730751
15283R,tpm,1,0.004890494822158442,0.0022078678920187857,0.009009100083904258,0.08398030267487315
15283R,tpm,2,0.004779797469782711,0.0021841999472333013,0.00894755449314661,0.07857855941121242
15283R,tpm,4,0.004662285036415754,0.0021530402728156027,0.008750052322847163,0.06893709814118569
15283R,tpm,8,0.004530988853058333,0.00211042986099985,0.008625209928589126,0.06278588203133137
15283R,tpm,16,0.004359555246481807,0.0020546733920189654,0.008527114682838522,0.06136621965880748
15283R,tpm,32,0.004110986367789294,0.0019965491644941226,0.00831175763495653,0.05064284670286764
15283R,tpm,64,0.003535398640786971,0.001755307215128151,0.0075852784612329225,0.04613709599519777
15283R,mc1,1,0.004249195090553828,0.002296089088175982,0.009482786828206862,0.04552093361980067
15283R,mc1,2,0.004098787630732784,0.002230802651796689,0.009056705700733709,0.048451445519487775
15283R,mc1,4,0.003902260067548116,0.002161267438934237,0.00861228089900908,0.04877258676406367
15283R,mc1,8,0.0036995851564863617,0.002078661563394267,0.00821847669329717,0.04374461909947967
15283R,mc1,16,0.003419515866217821,0.0019510319474662038,0.007592268154268586,0.03397231876053375
15283R,mc1,32,0.003022689015409934,0.0017554437004522437,0.006690582667726213,0.034379554294516515
15283R,mc1,64,0.0023483191002811356,0.0013613200605401402,0.005101124055161599,0.033507938134278624
