sub,bone,run_id,h_bone_max,d0,fd_cart_near,fd_cart_far,fd_bone,facet_angle,cell_radius_edge_ratio
14548R,tpm,0a,0.5,2,0.02,0.01,0.2,7.5,3
14548R,tpm,1a,0.5,2,0.02,0.01,0.2,7.5,6
14548R,tpm,2a,0.5,2,0.02,0.01,0.2,7.5,12
14548R,tpm,3a,0.5,2,0.02,0.01,0.2,15.0,3
14548R,tpm,4a,0.5,2,0.02,0.01,0.2,15.0,6
14548R,tpm,5a,0.5,2,0.02,0.01,0.2,15.0,12
14548R,tpm,6a,0.5,2,0.02,0.01,0.2,30.0,3
14548R,tpm,7a,0.5,2,0.02,0.01,0.2,30.0,6
14548R,tpm,8a,0.5,2,0.02,0.01,0.2,30.0,12
14548R,tpm,9a,0.5,2,0.02,0.01,0.4,7.5,3
14548R,tpm,10a,0.5,2,0.02,0.01,0.4,7.5,6
14548R,tpm,11a,0.5,2,0.02,0.01,0.4,7.5,12
14548R,tpm,12a,0.5,2,0.02,0.01,0.4,15.0,3
14548R,tpm,13a,0.5,2,0.02,0.01,0.4,15.0,6
14548R,tpm,14a,0.5,2,0.02,0.01,0.4,15.0,12
14548R,tpm,15a,0.5,2,0.02,0.01,0.4,30.0,3
14548R,tpm,16a,0.5,2,0.02,0.01,0.4,30.0,6
14548R,tpm,17a,0.5,2,0.02,0.01,0.4,30.0,12
14548R,tpm,18a,0.5,2,0.02,0.01,0.8,7.5,3
14548R,tpm,19a,0.5,2,0.02,0.01,0.8,7.5,6
14548R,tpm,20a,0.5,2,0.02,0.01,0.8,7.5,12
14548R,tpm,21a,0.5,2,0.02,0.01,0.8,15.0,3
14548R,tpm,22a,0.5,2,0.02,0.01,0.8,15.0,6
14548R,tpm,23a,0.5,2,0.02,0.01,0.8,15.0,12
14548R,tpm,24a,0.5,2,0.02,0.01,0.8,30.0,3
14548R,tpm,25a,0.5,2,0.02,0.01,0.8,30.0,6
14548R,tpm,26a,0.5,2,0.02,0.01,0.8,30.0,12
14548R,tpm,27a,0.5,2,0.02,0.02,0.2,7.5,3
14548R,tpm,28a,0.5,2,0.02,0.02,0.2,7.5,6
14548R,tpm,29a,0.5,2,0.02,0.02,0.2,7.5,12
14548R,tpm,30a,0.5,2,0.02,0.02,0.2,15.0,3
14548R,tpm,31a,0.5,2,0.02,0.02,0.2,15.0,6
14548R,tpm,32a,0.5,2,0.02,0.02,0.2,15.0,12
14548R,tpm,33a,0.5,2,0.02,0.02,0.2,30.0,3
14548R,tpm,34a,0.5,2,0.02,0.02,0.2,30.0,6
14548R,tpm,35a,0.5,2,0.02,0.02,0.2,30.0,12
14548R,tpm,36a,0.5,2,0.02,0.02,0.4,7.5,3
14548R,tpm,37a,0.5,2,0.02,0.02,0.4,7.5,6
14548R,tpm,38a,0.5,2,0.02,0.02,0.4,7.5,12
14548R,tpm,39a,0.5,2,0.02,0.02,0.4,15.0,3
14548R,tpm,40a,0.5,2,0.02,0.02,0.4,15.0,6
14548R,tpm,41a,0.5,2,0.02,0.02,0.4,15.0,12
14548R,tpm,42a,0.5,2,0.02,0.02,0.4,30.0,3
14548R,tpm,43a,0.5,2,0.02,0.02,0.4,30.0,6
14548R,tpm,44a,0.5,2,0.02,0.02,0.4,30.0,12
14548R,tpm,45a,0.5,2,0.02,0.02,0.8,7.5,3
14548R,tpm,46a,0.5,2,0.02,0.02,0.8,7.5,6
14548R,tpm,47a,0.5,2,0.02,0.02,0.8,7.5,12
14548R,tpm,48a,0.5,2,0.02,0.02,0.8,15.0,3
14548R,tpm,49a,0.5,2,0.02,0.02,0.8,15.0,6
14548R,tpm,50a,0.5,2,0.02,0.02,0.8,15.0,12
14548R,tpm,51a,0.5,2,0.02,0.02,0.8,30.0,3
14548R,tpm,52a,0.5,2,0.02,0.02,0.8,30.0,6
14548R,tpm,53a,0.5,2,0.02,0.02,0.8,30.0,12
14548R,tpm,54a,0.5,2,0.02,0.04,0.2,7.5,3
14548R,tpm,55a,0.5,2,0.02,0.04,0.2,7.5,6
14548R,tpm,56a,0.5,2,0.02,0.04,0.2,7.5,12
14548R,tpm,57a,0.5,2,0.02,0.04,0.2,15.0,3
14548R,tpm,58a,0.5,2,0.02,0.04,0.2,15.0,6
14548R,tpm,59a,0.5,2,0.02,0.04,0.2,15.0,12
14548R,tpm,60a,0.5,2,0.02,0.04,0.2,30.0,3
14548R,tpm,61a,0.5,2,0.02,0.04,0.2,30.0,6
14548R,tpm,62a,0.5,2,0.02,0.04,0.2,30.0,12
14548R,tpm,63a,0.5,2,0.02,0.04,0.4,7.5,3
14548R,tpm,64a,0.5,2,0.02,0.04,0.4,7.5,6
14548R,tpm,65a,0.5,2,0.02,0.04,0.4,7.5,12
14548R,tpm,66a,0.5,2,0.02,0.04,0.4,15.0,3
14548R,tpm,67a,0.5,2,0.02,0.04,0.4,15.0,6
14548R,tpm,68a,0.5,2,0.02,0.04,0.4,15.0,12
14548R,tpm,69a,0.5,2,0.02,0.04,0.4,30.0,3
14548R,tpm,70a,0.5,2,0.02,0.04,0.4,30.0,6
14548R,tpm,71a,0.5,2,0.02,0.04,0.4,30.0,12
14548R,tpm,72a,0.5,2,0.02,0.04,0.8,7.5,3
14548R,tpm,73a,0.5,2,0.02,0.04,0.8,7.5,6
14548R,tpm,74a,0.5,2,0.02,0.04,0.8,7.5,12
14548R,tpm,75a,0.5,2,0.02,0.04,0.8,15.0,3
14548R,tpm,76a,0.5,2,0.02,0.04,0.8,15.0,6
14548R,tpm,77a,0.5,2,0.02,0.04,0.8,15.0,12
14548R,tpm,78a,0.5,2,0.02,0.04,0.8,30.0,3
14548R,tpm,79a,0.5,2,0.02,0.04,0.8,30.0,6
14548R,tpm,80a,0.5,2,0.02,0.04,0.8,30.0,12
14548R,tpm,81a,0.5,2,0.04,0.01,0.2,7.5,3
14548R,tpm,82a,0.5,2,0.04,0.01,0.2,7.5,6
14548R,tpm,83a,0.5,2,0.04,0.01,0.2,7.5,12
14548R,tpm,84a,0.5,2,0.04,0.01,0.2,15.0,3
14548R,tpm,85a,0.5,2,0.04,0.01,0.2,15.0,6
14548R,tpm,86a,0.5,2,0.04,0.01,0.2,15.0,12
14548R,tpm,87a,0.5,2,0.04,0.01,0.2,30.0,3
14548R,tpm,88a,0.5,2,0.04,0.01,0.2,30.0,6
14548R,tpm,89a,0.5,2,0.04,0.01,0.2,30.0,12
14548R,tpm,90a,0.5,2,0.04,0.01,0.4,7.5,3
14548R,tpm,91a,0.5,2,0.04,0.01,0.4,7.5,6
14548R,tpm,92a,0.5,2,0.04,0.01,0.4,7.5,12
14548R,tpm,93a,0.5,2,0.04,0.01,0.4,15.0,3
14548R,tpm,94a,0.5,2,0.04,0.01,0.4,15.0,6
14548R,tpm,95a,0.5,2,0.04,0.01,0.4,15.0,12
14548R,tpm,96a,0.5,2,0.04,0.01,0.4,30.0,3
14548R,tpm,97a,0.5,2,0.04,0.01,0.4,30.0,6
14548R,tpm,98a,0.5,2,0.04,0.01,0.4,30.0,12
14548R,tpm,99a,0.5,2,0.04,0.01,0.8,7.5,3
14548R,tpm,100a,0.5,2,0.04,0.01,0.8,7.5,6
14548R,tpm,101a,0.5,2,0.04,0.01,0.8,7.5,12
14548R,tpm,102a,0.5,2,0.04,0.01,0.8,15.0,3
14548R,tpm,103a,0.5,2,0.04,0.01,0.8,15.0,6
14548R,tpm,104a,0.5,2,0.04,0.01,0.8,15.0,12
14548R,tpm,105a,0.5,2,0.04,0.01,0.8,30.0,3
14548R,tpm,106a,0.5,2,0.04,0.01,0.8,30.0,6
14548R,tpm,107a,0.5,2,0.04,0.01,0.8,30.0,12
14548R,tpm,108a,0.5,2,0.04,0.02,0.2,7.5,3
14548R,tpm,109a,0.5,2,0.04,0.02,0.2,7.5,6
14548R,tpm,110a,0.5,2,0.04,0.02,0.2,7.5,12
14548R,tpm,111a,0.5,2,0.04,0.02,0.2,15.0,3
14548R,tpm,112a,0.5,2,0.04,0.02,0.2,15.0,6
14548R,tpm,113a,0.5,2,0.04,0.02,0.2,15.0,12
14548R,tpm,114a,0.5,2,0.04,0.02,0.2,30.0,3
14548R,tpm,115a,0.5,2,0.04,0.02,0.2,30.0,6
14548R,tpm,116a,0.5,2,0.04,0.02,0.2,30.0,12
14548R,tpm,117a,0.5,2,0.04,0.02,0.4,7.5,3
14548R,tpm,118a,0.5,2,0.04,0.02,0.4,7.5,6
14548R,tpm,119a,0.5,2,0.04,0.02,0.4,7.5,12
14548R,tpm,120a,0.5,2,0.04,0.02,0.4,15.0,3
14548R,tpm,121a,0.5,2,0.04,0.02,0.4,15.0,6
14548R,tpm,122a,0.5,2,0.04,0.02,0.4,15.0,12
14548R,tpm,123a,0.5,2,0.04,0.02,0.4,30.0,3
14548R,tpm,124a,0.5,2,0.04,0.02,0.4,30.0,6
14548R,tpm,125a,0.5,2,0.04,0.02,0.4,30.0,12
14548R,tpm,126a,0.5,2,0.04,0.02,0.8,7.5,3
14548R,tpm,127a,0.5,2,0.04,0.02,0.8,7.5,6
14548R,tpm,128a,0.5,2,0.04,0.02,0.8,7.5,12
14548R,tpm,129a,0.5,2,0.04,0.02,0.8,15.0,3
14548R,tpm,130a,0.5,2,0.04,0.02,0.8,15.0,6
14548R,tpm,131a,0.5,2,0.04,0.02,0.8,15.0,12
14548R,tpm,132a,0.5,2,0.04,0.02,0.8,30.0,3
14548R,tpm,133a,0.5,2,0.04,0.02,0.8,30.0,6
14548R,tpm,134a,0.5,2,0.04,0.02,0.8,30.0,12
14548R,tpm,135a,0.5,2,0.04,0.04,0.2,7.5,3
14548R,tpm,136a,0.5,2,0.04,0.04,0.2,7.5,6
14548R,tpm,137a,0.5,2,0.04,0.04,0.2,7.5,12
14548R,tpm,138a,0.5,2,0.04,0.04,0.2,15.0,3
14548R,tpm,139a,0.5,2,0.04,0.04,0.2,15.0,6
14548R,tpm,140a,0.5,2,0.04,0.04,0.2,15.0,12
14548R,tpm,141a,0.5,2,0.04,0.04,0.2,30.0,3
14548R,tpm,142a,0.5,2,0.04,0.04,0.2,30.0,6
14548R,tpm,143a,0.5,2,0.04,0.04,0.2,30.0,12
14548R,tpm,144a,0.5,2,0.04,0.04,0.4,7.5,3
14548R,tpm,145a,0.5,2,0.04,0.04,0.4,7.5,6
14548R,tpm,146a,0.5,2,0.04,0.04,0.4,7.5,12
14548R,tpm,147a,0.5,2,0.04,0.04,0.4,15.0,3
14548R,tpm,148a,0.5,2,0.04,0.04,0.4,15.0,6
14548R,tpm,149a,0.5,2,0.04,0.04,0.4,15.0,12
14548R,tpm,150a,0.5,2,0.04,0.04,0.4,30.0,3
14548R,tpm,151a,0.5,2,0.04,0.04,0.4,30.0,6
14548R,tpm,152a,0.5,2,0.04,0.04,0.4,30.0,12
14548R,tpm,153a,0.5,2,0.04,0.04,0.8,7.5,3
14548R,tpm,154a,0.5,2,0.04,0.04,0.8,7.5,6
14548R,tpm,155a,0.5,2,0.04,0.04,0.8,7.5,12
14548R,tpm,156a,0.5,2,0.04,0.04,0.8,15.0,3
14548R,tpm,157a,0.5,2,0.04,0.04,0.8,15.0,6
14548R,tpm,158a,0.5,2,0.04,0.04,0.8,15.0,12
14548R,tpm,159a,0.5,2,0.04,0.04,0.8,30.0,3
14548R,tpm,160a,0.5,2,0.04,0.04,0.8,30.0,6
14548R,tpm,161a,0.5,2,0.04,0.04,0.8,30.0,12
14548R,tpm,162a,0.5,2,0.08,0.01,0.2,7.5,3
14548R,tpm,163a,0.5,2,0.08,0.01,0.2,7.5,6
14548R,tpm,164a,0.5,2,0.08,0.01,0.2,7.5,12
14548R,tpm,165a,0.5,2,0.08,0.01,0.2,15.0,3
14548R,tpm,166a,0.5,2,0.08,0.01,0.2,15.0,6
14548R,tpm,167a,0.5,2,0.08,0.01,0.2,15.0,12
14548R,tpm,168a,0.5,2,0.08,0.01,0.2,30.0,3
14548R,tpm,169a,0.5,2,0.08,0.01,0.2,30.0,6
14548R,tpm,170a,0.5,2,0.08,0.01,0.2,30.0,12
14548R,tpm,171a,0.5,2,0.08,0.01,0.4,7.5,3
14548R,tpm,172a,0.5,2,0.08,0.01,0.4,7.5,6
14548R,tpm,173a,0.5,2,0.08,0.01,0.4,7.5,12
14548R,tpm,174a,0.5,2,0.08,0.01,0.4,15.0,3
14548R,tpm,175a,0.5,2,0.08,0.01,0.4,15.0,6
14548R,tpm,176a,0.5,2,0.08,0.01,0.4,15.0,12
14548R,tpm,177a,0.5,2,0.08,0.01,0.4,30.0,3
14548R,tpm,178a,0.5,2,0.08,0.01,0.4,30.0,6
14548R,tpm,179a,0.5,2,0.08,0.01,0.4,30.0,12
14548R,tpm,180a,0.5,2,0.08,0.01,0.8,7.5,3
14548R,tpm,181a,0.5,2,0.08,0.01,0.8,7.5,6
14548R,tpm,182a,0.5,2,0.08,0.01,0.8,7.5,12
14548R,tpm,183a,0.5,2,0.08,0.01,0.8,15.0,3
14548R,tpm,184a,0.5,2,0.08,0.01,0.8,15.0,6
14548R,tpm,185a,0.5,2,0.08,0.01,0.8,15.0,12
14548R,tpm,186a,0.5,2,0.08,0.01,0.8,30.0,3
14548R,tpm,187a,0.5,2,0.08,0.01,0.8,30.0,6
14548R,tpm,188a,0.5,2,0.08,0.01,0.8,30.0,12
14548R,tpm,189a,0.5,2,0.08,0.02,0.2,7.5,3
14548R,tpm,190a,0.5,2,0.08,0.02,0.2,7.5,6
14548R,tpm,191a,0.5,2,0.08,0.02,0.2,7.5,12
14548R,tpm,192a,0.5,2,0.08,0.02,0.2,15.0,3
14548R,tpm,193a,0.5,2,0.08,0.02,0.2,15.0,6
14548R,tpm,194a,0.5,2,0.08,0.02,0.2,15.0,12
14548R,tpm,195a,0.5,2,0.08,0.02,0.2,30.0,3
14548R,tpm,196a,0.5,2,0.08,0.02,0.2,30.0,6
14548R,tpm,197a,0.5,2,0.08,0.02,0.2,30.0,12
14548R,tpm,198a,0.5,2,0.08,0.02,0.4,7.5,3
14548R,tpm,199a,0.5,2,0.08,0.02,0.4,7.5,6
14548R,tpm,200a,0.5,2,0.08,0.02,0.4,7.5,12
14548R,tpm,201a,0.5,2,0.08,0.02,0.4,15.0,3
14548R,tpm,202a,0.5,2,0.08,0.02,0.4,15.0,6
14548R,tpm,203a,0.5,2,0.08,0.02,0.4,15.0,12
14548R,tpm,204a,0.5,2,0.08,0.02,0.4,30.0,3
14548R,tpm,205a,0.5,2,0.08,0.02,0.4,30.0,6
14548R,tpm,206a,0.5,2,0.08,0.02,0.4,30.0,12
14548R,tpm,207a,0.5,2,0.08,0.02,0.8,7.5,3
14548R,tpm,208a,0.5,2,0.08,0.02,0.8,7.5,6
14548R,tpm,209a,0.5,2,0.08,0.02,0.8,7.5,12
14548R,tpm,210a,0.5,2,0.08,0.02,0.8,15.0,3
14548R,tpm,211a,0.5,2,0.08,0.02,0.8,15.0,6
14548R,tpm,212a,0.5,2,0.08,0.02,0.8,15.0,12
14548R,tpm,213a,0.5,2,0.08,0.02,0.8,30.0,3
14548R,tpm,214a,0.5,2,0.08,0.02,0.8,30.0,6
14548R,tpm,215a,0.5,2,0.08,0.02,0.8,30.0,12
14548R,tpm,216a,0.5,2,0.08,0.04,0.2,7.5,3
14548R,tpm,217a,0.5,2,0.08,0.04,0.2,7.5,6
14548R,tpm,218a,0.5,2,0.08,0.04,0.2,7.5,12
14548R,tpm,219a,0.5,2,0.08,0.04,0.2,15.0,3
14548R,tpm,220a,0.5,2,0.08,0.04,0.2,15.0,6
14548R,tpm,221a,0.5,2,0.08,0.04,0.2,15.0,12
14548R,tpm,222a,0.5,2,0.08,0.04,0.2,30.0,3
14548R,tpm,223a,0.5,2,0.08,0.04,0.2,30.0,6
14548R,tpm,224a,0.5,2,0.08,0.04,0.2,30.0,12
14548R,tpm,225a,0.5,2,0.08,0.04,0.4,7.5,3
14548R,tpm,226a,0.5,2,0.08,0.04,0.4,7.5,6
14548R,tpm,227a,0.5,2,0.08,0.04,0.4,7.5,12
14548R,tpm,228a,0.5,2,0.08,0.04,0.4,15.0,3
14548R,tpm,229a,0.5,2,0.08,0.04,0.4,15.0,6
14548R,tpm,230a,0.5,2,0.08,0.04,0.4,15.0,12
14548R,tpm,231a,0.5,2,0.08,0.04,0.4,30.0,3
14548R,tpm,232a,0.5,2,0.08,0.04,0.4,30.0,6
14548R,tpm,233a,0.5,2,0.08,0.04,0.4,30.0,12
14548R,tpm,234a,0.5,2,0.08,0.04,0.8,7.5,3
14548R,tpm,235a,0.5,2,0.08,0.04,0.8,7.5,6
14548R,tpm,236a,0.5,2,0.08,0.04,0.8,7.5,12
14548R,tpm,237a,0.5,2,0.08,0.04,0.8,15.0,3
14548R,tpm,238a,0.5,2,0.08,0.04,0.8,15.0,6
14548R,tpm,239a,0.5,2,0.08,0.04,0.8,15.0,12
14548R,tpm,240a,0.5,2,0.08,0.04,0.8,30.0,3
14548R,tpm,241a,0.5,2,0.08,0.04,0.8,30.0,6
14548R,tpm,242a,0.5,2,0.08,0.04,0.8,30.0,12
14548R,tpm,243a,0.5,4,0.02,0.01,0.2,7.5,3
14548R,tpm,244a,0.5,4,0.02,0.01,0.2,7.5,6
14548R,tpm,245a,0.5,4,0.02,0.01,0.2,7.5,12
14548R,tpm,246a,0.5,4,0.02,0.01,0.2,15.0,3
14548R,tpm,247a,0.5,4,0.02,0.01,0.2,15.0,6
14548R,tpm,248a,0.5,4,0.02,0.01,0.2,15.0,12
14548R,tpm,249a,0.5,4,0.02,0.01,0.2,30.0,3
14548R,tpm,250a,0.5,4,0.02,0.01,0.2,30.0,6
14548R,tpm,251a,0.5,4,0.02,0.01,0.2,30.0,12
14548R,tpm,252a,0.5,4,0.02,0.01,0.4,7.5,3
14548R,tpm,253a,0.5,4,0.02,0.01,0.4,7.5,6
14548R,tpm,254a,0.5,4,0.02,0.01,0.4,7.5,12
14548R,tpm,255a,0.5,4,0.02,0.01,0.4,15.0,3
14548R,tpm,256a,0.5,4,0.02,0.01,0.4,15.0,6
14548R,tpm,257a,0.5,4,0.02,0.01,0.4,15.0,12
14548R,tpm,258a,0.5,4,0.02,0.01,0.4,30.0,3
14548R,tpm,259a,0.5,4,0.02,0.01,0.4,30.0,6
14548R,tpm,260a,0.5,4,0.02,0.01,0.4,30.0,12
14548R,tpm,261a,0.5,4,0.02,0.01,0.8,7.5,3
14548R,tpm,262a,0.5,4,0.02,0.01,0.8,7.5,6
14548R,tpm,263a,0.5,4,0.02,0.01,0.8,7.5,12
14548R,tpm,264a,0.5,4,0.02,0.01,0.8,15.0,3
14548R,tpm,265a,0.5,4,0.02,0.01,0.8,15.0,6
14548R,tpm,266a,0.5,4,0.02,0.01,0.8,15.0,12
14548R,tpm,267a,0.5,4,0.02,0.01,0.8,30.0,3
14548R,tpm,268a,0.5,4,0.02,0.01,0.8,30.0,6
14548R,tpm,269a,0.5,4,0.02,0.01,0.8,30.0,12
14548R,tpm,270a,0.5,4,0.02,0.02,0.2,7.5,3
14548R,tpm,271a,0.5,4,0.02,0.02,0.2,7.5,6
14548R,tpm,272a,0.5,4,0.02,0.02,0.2,7.5,12
14548R,tpm,273a,0.5,4,0.02,0.02,0.2,15.0,3
14548R,tpm,274a,0.5,4,0.02,0.02,0.2,15.0,6
14548R,tpm,275a,0.5,4,0.02,0.02,0.2,15.0,12
14548R,tpm,276a,0.5,4,0.02,0.02,0.2,30.0,3
14548R,tpm,277a,0.5,4,0.02,0.02,0.2,30.0,6
14548R,tpm,278a,0.5,4,0.02,0.02,0.2,30.0,12
14548R,tpm,279a,0.5,4,0.02,0.02,0.4,7.5,3
14548R,tpm,280a,0.5,4,0.02,0.02,0.4,7.5,6
14548R,tpm,281a,0.5,4,0.02,0.02,0.4,7.5,12
14548R,tpm,282a,0.5,4,0.02,0.02,0.4,15.0,3
14548R,tpm,283a,0.5,4,0.02,0.02,0.4,15.0,6
14548R,tpm,284a,0.5,4,0.02,0.02,0.4,15.0,12
14548R,tpm,285a,0.5,4,0.02,0.02,0.4,30.0,3
14548R,tpm,286a,0.5,4,0.02,0.02,0.4,30.0,6
14548R,tpm,287a,0.5,4,0.02,0.02,0.4,30.0,12
14548R,tpm,288a,0.5,4,0.02,0.02,0.8,7.5,3
14548R,tpm,289a,0.5,4,0.02,0.02,0.8,7.5,6
14548R,tpm,290a,0.5,4,0.02,0.02,0.8,7.5,12
14548R,tpm,291a,0.5,4,0.02,0.02,0.8,15.0,3
14548R,tpm,292a,0.5,4,0.02,0.02,0.8,15.0,6
14548R,tpm,293a,0.5,4,0.02,0.02,0.8,15.0,12
14548R,tpm,294a,0.5,4,0.02,0.02,0.8,30.0,3
14548R,tpm,295a,0.5,4,0.02,0.02,0.8,30.0,6
14548R,tpm,296a,0.5,4,0.02,0.02,0.8,30.0,12
14548R,tpm,297a,0.5,4,0.02,0.04,0.2,7.5,3
14548R,tpm,298a,0.5,4,0.02,0.04,0.2,7.5,6
14548R,tpm,299a,0.5,4,0.02,0.04,0.2,7.5,12
14548R,tpm,300a,0.5,4,0.02,0.04,0.2,15.0,3
14548R,tpm,301a,0.5,4,0.02,0.04,0.2,15.0,6
14548R,tpm,302a,0.5,4,0.02,0.04,0.2,15.0,12
14548R,tpm,303a,0.5,4,0.02,0.04,0.2,30.0,3
14548R,tpm,304a,0.5,4,0.02,0.04,0.2,30.0,6
14548R,tpm,305a,0.5,4,0.02,0.04,0.2,30.0,12
14548R,tpm,306a,0.5,4,0.02,0.04,0.4,7.5,3
14548R,tpm,307a,0.5,4,0.02,0.04,0.4,7.5,6
14548R,tpm,308a,0.5,4,0.02,0.04,0.4,7.5,12
14548R,tpm,309a,0.5,4,0.02,0.04,0.4,15.0,3
14548R,tpm,310a,0.5,4,0.02,0.04,0.4,15.0,6
14548R,tpm,311a,0.5,4,0.02,0.04,0.4,15.0,12
14548R,tpm,312a,0.5,4,0.02,0.04,0.4,30.0,3
14548R,tpm,313a,0.5,4,0.02,0.04,0.4,30.0,6
14548R,tpm,314a,0.5,4,0.02,0.04,0.4,30.0,12
14548R,tpm,315a,0.5,4,0.02,0.04,0.8,7.5,3
14548R,tpm,316a,0.5,4,0.02,0.04,0.8,7.5,6
14548R,tpm,317a,0.5,4,0.02,0.04,0.8,7.5,12
14548R,tpm,318a,0.5,4,0.02,0.04,0.8,15.0,3
14548R,tpm,319a,0.5,4,0.02,0.04,0.8,15.0,6
14548R,tpm,320a,0.5,4,0.02,0.04,0.8,15.0,12
14548R,tpm,321a,0.5,4,0.02,0.04,0.8,30.0,3
14548R,tpm,322a,0.5,4,0.02,0.04,0.8,30.0,6
14548R,tpm,323a,0.5,4,0.02,0.04,0.8,30.0,12
14548R,tpm,324a,0.5,4,0.04,0.01,0.2,7.5,3
14548R,tpm,325a,0.5,4,0.04,0.01,0.2,7.5,6
14548R,tpm,326a,0.5,4,0.04,0.01,0.2,7.5,12
14548R,tpm,327a,0.5,4,0.04,0.01,0.2,15.0,3
14548R,tpm,328a,0.5,4,0.04,0.01,0.2,15.0,6
14548R,tpm,329a,0.5,4,0.04,0.01,0.2,15.0,12
14548R,tpm,330a,0.5,4,0.04,0.01,0.2,30.0,3
14548R,tpm,331a,0.5,4,0.04,0.01,0.2,30.0,6
14548R,tpm,332a,0.5,4,0.04,0.01,0.2,30.0,12
14548R,tpm,333a,0.5,4,0.04,0.01,0.4,7.5,3
14548R,tpm,334a,0.5,4,0.04,0.01,0.4,7.5,6
14548R,tpm,335a,0.5,4,0.04,0.01,0.4,7.5,12
14548R,tpm,336a,0.5,4,0.04,0.01,0.4,15.0,3
14548R,tpm,337a,0.5,4,0.04,0.01,0.4,15.0,6
14548R,tpm,338a,0.5,4,0.04,0.01,0.4,15.0,12
14548R,tpm,339a,0.5,4,0.04,0.01,0.4,30.0,3
14548R,tpm,340a,0.5,4,0.04,0.01,0.4,30.0,6
14548R,tpm,341a,0.5,4,0.04,0.01,0.4,30.0,12
14548R,tpm,342a,0.5,4,0.04,0.01,0.8,7.5,3
14548R,tpm,343a,0.5,4,0.04,0.01,0.8,7.5,6
14548R,tpm,344a,0.5,4,0.04,0.01,0.8,7.5,12
14548R,tpm,345a,0.5,4,0.04,0.01,0.8,15.0,3
14548R,tpm,346a,0.5,4,0.04,0.01,0.8,15.0,6
14548R,tpm,347a,0.5,4,0.04,0.01,0.8,15.0,12
14548R,tpm,348a,0.5,4,0.04,0.01,0.8,30.0,3
14548R,tpm,349a,0.5,4,0.04,0.01,0.8,30.0,6
14548R,tpm,350a,0.5,4,0.04,0.01,0.8,30.0,12
14548R,tpm,351a,0.5,4,0.04,0.02,0.2,7.5,3
14548R,tpm,352a,0.5,4,0.04,0.02,0.2,7.5,6
14548R,tpm,353a,0.5,4,0.04,0.02,0.2,7.5,12
14548R,tpm,354a,0.5,4,0.04,0.02,0.2,15.0,3
14548R,tpm,355a,0.5,4,0.04,0.02,0.2,15.0,6
14548R,tpm,356a,0.5,4,0.04,0.02,0.2,15.0,12
14548R,tpm,357a,0.5,4,0.04,0.02,0.2,30.0,3
14548R,tpm,358a,0.5,4,0.04,0.02,0.2,30.0,6
14548R,tpm,359a,0.5,4,0.04,0.02,0.2,30.0,12
14548R,tpm,360a,0.5,4,0.04,0.02,0.4,7.5,3
14548R,tpm,361a,0.5,4,0.04,0.02,0.4,7.5,6
14548R,tpm,362a,0.5,4,0.04,0.02,0.4,7.5,12
14548R,tpm,363a,0.5,4,0.04,0.02,0.4,15.0,3
14548R,tpm,364a,0.5,4,0.04,0.02,0.4,15.0,6
14548R,tpm,365a,0.5,4,0.04,0.02,0.4,15.0,12
14548R,tpm,366a,0.5,4,0.04,0.02,0.4,30.0,3
14548R,tpm,367a,0.5,4,0.04,0.02,0.4,30.0,6
14548R,tpm,368a,0.5,4,0.04,0.02,0.4,30.0,12
14548R,tpm,369a,0.5,4,0.04,0.02,0.8,7.5,3
14548R,tpm,370a,0.5,4,0.04,0.02,0.8,7.5,6
14548R,tpm,371a,0.5,4,0.04,0.02,0.8,7.5,12
14548R,tpm,372a,0.5,4,0.04,0.02,0.8,15.0,3
14548R,tpm,373a,0.5,4,0.04,0.02,0.8,15.0,6
14548R,tpm,374a,0.5,4,0.04,0.02,0.8,15.0,12
14548R,tpm,375a,0.5,4,0.04,0.02,0.8,30.0,3
14548R,tpm,376a,0.5,4,0.04,0.02,0.8,30.0,6
14548R,tpm,377a,0.5,4,0.04,0.02,0.8,30.0,12
14548R,tpm,378a,0.5,4,0.04,0.04,0.2,7.5,3
14548R,tpm,379a,0.5,4,0.04,0.04,0.2,7.5,6
14548R,tpm,380a,0.5,4,0.04,0.04,0.2,7.5,12
14548R,tpm,381a,0.5,4,0.04,0.04,0.2,15.0,3
14548R,tpm,382a,0.5,4,0.04,0.04,0.2,15.0,6
14548R,tpm,383a,0.5,4,0.04,0.04,0.2,15.0,12
14548R,tpm,384a,0.5,4,0.04,0.04,0.2,30.0,3
14548R,tpm,385a,0.5,4,0.04,0.04,0.2,30.0,6
14548R,tpm,386a,0.5,4,0.04,0.04,0.2,30.0,12
14548R,tpm,387a,0.5,4,0.04,0.04,0.4,7.5,3
14548R,tpm,388a,0.5,4,0.04,0.04,0.4,7.5,6
14548R,tpm,389a,0.5,4,0.04,0.04,0.4,7.5,12
14548R,tpm,390a,0.5,4,0.04,0.04,0.4,15.0,3
14548R,tpm,391a,0.5,4,0.04,0.04,0.4,15.0,6
14548R,tpm,392a,0.5,4,0.04,0.04,0.4,15.0,12
14548R,tpm,393a,0.5,4,0.04,0.04,0.4,30.0,3
14548R,tpm,394a,0.5,4,0.04,0.04,0.4,30.0,6
14548R,tpm,395a,0.5,4,0.04,0.04,0.4,30.0,12
14548R,tpm,396a,0.5,4,0.04,0.04,0.8,7.5,3
14548R,tpm,397a,0.5,4,0.04,0.04,0.8,7.5,6
14548R,tpm,398a,0.5,4,0.04,0.04,0.8,7.5,12
14548R,tpm,399a,0.5,4,0.04,0.04,0.8,15.0,3
14548R,tpm,400a,0.5,4,0.04,0.04,0.8,15.0,6
14548R,tpm,401a,0.5,4,0.04,0.04,0.8,15.0,12
14548R,tpm,402a,0.5,4,0.04,0.04,0.8,30.0,3
14548R,tpm,403a,0.5,4,0.04,0.04,0.8,30.0,6
14548R,tpm,404a,0.5,4,0.04,0.04,0.8,30.0,12
14548R,tpm,405a,0.5,4,0.08,0.01,0.2,7.5,3
14548R,tpm,406a,0.5,4,0.08,0.01,0.2,7.5,6
14548R,tpm,407a,0.5,4,0.08,0.01,0.2,7.5,12
14548R,tpm,408a,0.5,4,0.08,0.01,0.2,15.0,3
14548R,tpm,409a,0.5,4,0.08,0.01,0.2,15.0,6
14548R,tpm,410a,0.5,4,0.08,0.01,0.2,15.0,12
14548R,tpm,411a,0.5,4,0.08,0.01,0.2,30.0,3
14548R,tpm,412a,0.5,4,0.08,0.01,0.2,30.0,6
14548R,tpm,413a,0.5,4,0.08,0.01,0.2,30.0,12
14548R,tpm,414a,0.5,4,0.08,0.01,0.4,7.5,3
14548R,tpm,415a,0.5,4,0.08,0.01,0.4,7.5,6
14548R,tpm,416a,0.5,4,0.08,0.01,0.4,7.5,12
14548R,tpm,417a,0.5,4,0.08,0.01,0.4,15.0,3
14548R,tpm,418a,0.5,4,0.08,0.01,0.4,15.0,6
14548R,tpm,419a,0.5,4,0.08,0.01,0.4,15.0,12
14548R,tpm,420a,0.5,4,0.08,0.01,0.4,30.0,3
14548R,tpm,421a,0.5,4,0.08,0.01,0.4,30.0,6
14548R,tpm,422a,0.5,4,0.08,0.01,0.4,30.0,12
14548R,tpm,423a,0.5,4,0.08,0.01,0.8,7.5,3
14548R,tpm,424a,0.5,4,0.08,0.01,0.8,7.5,6
14548R,tpm,425a,0.5,4,0.08,0.01,0.8,7.5,12
14548R,tpm,426a,0.5,4,0.08,0.01,0.8,15.0,3
14548R,tpm,427a,0.5,4,0.08,0.01,0.8,15.0,6
14548R,tpm,428a,0.5,4,0.08,0.01,0.8,15.0,12
14548R,tpm,429a,0.5,4,0.08,0.01,0.8,30.0,3
14548R,tpm,430a,0.5,4,0.08,0.01,0.8,30.0,6
14548R,tpm,431a,0.5,4,0.08,0.01,0.8,30.0,12
14548R,tpm,432a,0.5,4,0.08,0.02,0.2,7.5,3
14548R,tpm,433a,0.5,4,0.08,0.02,0.2,7.5,6
14548R,tpm,434a,0.5,4,0.08,0.02,0.2,7.5,12
14548R,tpm,435a,0.5,4,0.08,0.02,0.2,15.0,3
14548R,tpm,436a,0.5,4,0.08,0.02,0.2,15.0,6
14548R,tpm,437a,0.5,4,0.08,0.02,0.2,15.0,12
14548R,tpm,438a,0.5,4,0.08,0.02,0.2,30.0,3
14548R,tpm,439a,0.5,4,0.08,0.02,0.2,30.0,6
14548R,tpm,440a,0.5,4,0.08,0.02,0.2,30.0,12
14548R,tpm,441a,0.5,4,0.08,0.02,0.4,7.5,3
14548R,tpm,442a,0.5,4,0.08,0.02,0.4,7.5,6
14548R,tpm,443a,0.5,4,0.08,0.02,0.4,7.5,12
14548R,tpm,444a,0.5,4,0.08,0.02,0.4,15.0,3
14548R,tpm,445a,0.5,4,0.08,0.02,0.4,15.0,6
14548R,tpm,446a,0.5,4,0.08,0.02,0.4,15.0,12
14548R,tpm,447a,0.5,4,0.08,0.02,0.4,30.0,3
14548R,tpm,448a,0.5,4,0.08,0.02,0.4,30.0,6
14548R,tpm,449a,0.5,4,0.08,0.02,0.4,30.0,12
14548R,tpm,450a,0.5,4,0.08,0.02,0.8,7.5,3
14548R,tpm,451a,0.5,4,0.08,0.02,0.8,7.5,6
14548R,tpm,452a,0.5,4,0.08,0.02,0.8,7.5,12
14548R,tpm,453a,0.5,4,0.08,0.02,0.8,15.0,3
14548R,tpm,454a,0.5,4,0.08,0.02,0.8,15.0,6
14548R,tpm,455a,0.5,4,0.08,0.02,0.8,15.0,12
14548R,tpm,456a,0.5,4,0.08,0.02,0.8,30.0,3
14548R,tpm,457a,0.5,4,0.08,0.02,0.8,30.0,6
14548R,tpm,458a,0.5,4,0.08,0.02,0.8,30.0,12
14548R,tpm,459a,0.5,4,0.08,0.04,0.2,7.5,3
14548R,tpm,460a,0.5,4,0.08,0.04,0.2,7.5,6
14548R,tpm,461a,0.5,4,0.08,0.04,0.2,7.5,12
14548R,tpm,462a,0.5,4,0.08,0.04,0.2,15.0,3
14548R,tpm,463a,0.5,4,0.08,0.04,0.2,15.0,6
14548R,tpm,464a,0.5,4,0.08,0.04,0.2,15.0,12
14548R,tpm,465a,0.5,4,0.08,0.04,0.2,30.0,3
14548R,tpm,466a,0.5,4,0.08,0.04,0.2,30.0,6
14548R,tpm,467a,0.5,4,0.08,0.04,0.2,30.0,12
14548R,tpm,468a,0.5,4,0.08,0.04,0.4,7.5,3
14548R,tpm,469a,0.5,4,0.08,0.04,0.4,7.5,6
14548R,tpm,470a,0.5,4,0.08,0.04,0.4,7.5,12
14548R,tpm,471a,0.5,4,0.08,0.04,0.4,15.0,3
14548R,tpm,472a,0.5,4,0.08,0.04,0.4,15.0,6
14548R,tpm,473a,0.5,4,0.08,0.04,0.4,15.0,12
14548R,tpm,474a,0.5,4,0.08,0.04,0.4,30.0,3
14548R,tpm,475a,0.5,4,0.08,0.04,0.4,30.0,6
14548R,tpm,476a,0.5,4,0.08,0.04,0.4,30.0,12
14548R,tpm,477a,0.5,4,0.08,0.04,0.8,7.5,3
14548R,tpm,478a,0.5,4,0.08,0.04,0.8,7.5,6
14548R,tpm,479a,0.5,4,0.08,0.04,0.8,7.5,12
14548R,tpm,480a,0.5,4,0.08,0.04,0.8,15.0,3
14548R,tpm,481a,0.5,4,0.08,0.04,0.8,15.0,6
14548R,tpm,482a,0.5,4,0.08,0.04,0.8,15.0,12
14548R,tpm,483a,0.5,4,0.08,0.04,0.8,30.0,3
14548R,tpm,484a,0.5,4,0.08,0.04,0.8,30.0,6
14548R,tpm,485a,0.5,4,0.08,0.04,0.8,30.0,12
14548R,tpm,486a,0.5,8,0.02,0.01,0.2,7.5,3
14548R,tpm,487a,0.5,8,0.02,0.01,0.2,7.5,6
14548R,tpm,488a,0.5,8,0.02,0.01,0.2,7.5,12
14548R,tpm,489a,0.5,8,0.02,0.01,0.2,15.0,3
14548R,tpm,490a,0.5,8,0.02,0.01,0.2,15.0,6
14548R,tpm,491a,0.5,8,0.02,0.01,0.2,15.0,12
14548R,tpm,492a,0.5,8,0.02,0.01,0.2,30.0,3
14548R,tpm,493a,0.5,8,0.02,0.01,0.2,30.0,6
14548R,tpm,494a,0.5,8,0.02,0.01,0.2,30.0,12
14548R,tpm,495a,0.5,8,0.02,0.01,0.4,7.5,3
14548R,tpm,496a,0.5,8,0.02,0.01,0.4,7.5,6
14548R,tpm,497a,0.5,8,0.02,0.01,0.4,7.5,12
14548R,tpm,498a,0.5,8,0.02,0.01,0.4,15.0,3
14548R,tpm,499a,0.5,8,0.02,0.01,0.4,15.0,6
14548R,tpm,500a,0.5,8,0.02,0.01,0.4,15.0,12
14548R,tpm,501a,0.5,8,0.02,0.01,0.4,30.0,3
14548R,tpm,502a,0.5,8,0.02,0.01,0.4,30.0,6
14548R,tpm,503a,0.5,8,0.02,0.01,0.4,30.0,12
14548R,tpm,504a,0.5,8,0.02,0.01,0.8,7.5,3
14548R,tpm,505a,0.5,8,0.02,0.01,0.8,7.5,6
14548R,tpm,506a,0.5,8,0.02,0.01,0.8,7.5,12
14548R,tpm,507a,0.5,8,0.02,0.01,0.8,15.0,3
14548R,tpm,508a,0.5,8,0.02,0.01,0.8,15.0,6
14548R,tpm,509a,0.5,8,0.02,0.01,0.8,15.0,12
14548R,tpm,510a,0.5,8,0.02,0.01,0.8,30.0,3
14548R,tpm,511a,0.5,8,0.02,0.01,0.8,30.0,6
14548R,tpm,512a,0.5,8,0.02,0.01,0.8,30.0,12
14548R,tpm,513a,0.5,8,0.02,0.02,0.2,7.5,3
14548R,tpm,514a,0.5,8,0.02,0.02,0.2,7.5,6
14548R,tpm,515a,0.5,8,0.02,0.02,0.2,7.5,12
14548R,tpm,516a,0.5,8,0.02,0.02,0.2,15.0,3
14548R,tpm,517a,0.5,8,0.02,0.02,0.2,15.0,6
14548R,tpm,518a,0.5,8,0.02,0.02,0.2,15.0,12
14548R,tpm,519a,0.5,8,0.02,0.02,0.2,30.0,3
14548R,tpm,520a,0.5,8,0.02,0.02,0.2,30.0,6
14548R,tpm,521a,0.5,8,0.02,0.02,0.2,30.0,12
14548R,tpm,522a,0.5,8,0.02,0.02,0.4,7.5,3
14548R,tpm,523a,0.5,8,0.02,0.02,0.4,7.5,6
14548R,tpm,524a,0.5,8,0.02,0.02,0.4,7.5,12
14548R,tpm,525a,0.5,8,0.02,0.02,0.4,15.0,3
14548R,tpm,526a,0.5,8,0.02,0.02,0.4,15.0,6
14548R,tpm,527a,0.5,8,0.02,0.02,0.4,15.0,12
14548R,tpm,528a,0.5,8,0.02,0.02,0.4,30.0,3
14548R,tpm,529a,0.5,8,0.02,0.02,0.4,30.0,6
14548R,tpm,530a,0.5,8,0.02,0.02,0.4,30.0,12
14548R,tpm,531a,0.5,8,0.02,0.02,0.8,7.5,3
14548R,tpm,532a,0.5,8,0.02,0.02,0.8,7.5,6
14548R,tpm,533a,0.5,8,0.02,0.02,0.8,7.5,12
14548R,tpm,534a,0.5,8,0.02,0.02,0.8,15.0,3
14548R,tpm,535a,0.5,8,0.02,0.02,0.8,15.0,6
14548R,tpm,536a,0.5,8,0.02,0.02,0.8,15.0,12
14548R,tpm,537a,0.5,8,0.02,0.02,0.8,30.0,3
14548R,tpm,538a,0.5,8,0.02,0.02,0.8,30.0,6
14548R,tpm,539a,0.5,8,0.02,0.02,0.8,30.0,12
14548R,tpm,540a,0.5,8,0.02,0.04,0.2,7.5,3
14548R,tpm,541a,0.5,8,0.02,0.04,0.2,7.5,6
14548R,tpm,542a,0.5,8,0.02,0.04,0.2,7.5,12
14548R,tpm,543a,0.5,8,0.02,0.04,0.2,15.0,3
14548R,tpm,544a,0.5,8,0.02,0.04,0.2,15.0,6
14548R,tpm,545a,0.5,8,0.02,0.04,0.2,15.0,12
14548R,tpm,546a,0.5,8,0.02,0.04,0.2,30.0,3
14548R,tpm,547a,0.5,8,0.02,0.04,0.2,30.0,6
14548R,tpm,548a,0.5,8,0.02,0.04,0.2,30.0,12
14548R,tpm,549a,0.5,8,0.02,0.04,0.4,7.5,3
14548R,tpm,550a,0.5,8,0.02,0.04,0.4,7.5,6
14548R,tpm,551a,0.5,8,0.02,0.04,0.4,7.5,12
14548R,tpm,552a,0.5,8,0.02,0.04,0.4,15.0,3
14548R,tpm,553a,0.5,8,0.02,0.04,0.4,15.0,6
14548R,tpm,554a,0.5,8,0.02,0.04,0.4,15.0,12
14548R,tpm,555a,0.5,8,0.02,0.04,0.4,30.0,3
14548R,tpm,556a,0.5,8,0.02,0.04,0.4,30.0,6
14548R,tpm,557a,0.5,8,0.02,0.04,0.4,30.0,12
14548R,tpm,558a,0.5,8,0.02,0.04,0.8,7.5,3
14548R,tpm,559a,0.5,8,0.02,0.04,0.8,7.5,6
14548R,tpm,560a,0.5,8,0.02,0.04,0.8,7.5,12
14548R,tpm,561a,0.5,8,0.02,0.04,0.8,15.0,3
14548R,tpm,562a,0.5,8,0.02,0.04,0.8,15.0,6
14548R,tpm,563a,0.5,8,0.02,0.04,0.8,15.0,12
14548R,tpm,564a,0.5,8,0.02,0.04,0.8,30.0,3
14548R,tpm,565a,0.5,8,0.02,0.04,0.8,30.0,6
14548R,tpm,566a,0.5,8,0.02,0.04,0.8,30.0,12
14548R,tpm,567a,0.5,8,0.04,0.01,0.2,7.5,3
14548R,tpm,568a,0.5,8,0.04,0.01,0.2,7.5,6
14548R,tpm,569a,0.5,8,0.04,0.01,0.2,7.5,12
14548R,tpm,570a,0.5,8,0.04,0.01,0.2,15.0,3
14548R,tpm,571a,0.5,8,0.04,0.01,0.2,15.0,6
14548R,tpm,572a,0.5,8,0.04,0.01,0.2,15.0,12
14548R,tpm,573a,0.5,8,0.04,0.01,0.2,30.0,3
14548R,tpm,574a,0.5,8,0.04,0.01,0.2,30.0,6
14548R,tpm,575a,0.5,8,0.04,0.01,0.2,30.0,12
14548R,tpm,576a,0.5,8,0.04,0.01,0.4,7.5,3
14548R,tpm,577a,0.5,8,0.04,0.01,0.4,7.5,6
14548R,tpm,578a,0.5,8,0.04,0.01,0.4,7.5,12
14548R,tpm,579a,0.5,8,0.04,0.01,0.4,15.0,3
14548R,tpm,580a,0.5,8,0.04,0.01,0.4,15.0,6
14548R,tpm,581a,0.5,8,0.04,0.01,0.4,15.0,12
14548R,tpm,582a,0.5,8,0.04,0.01,0.4,30.0,3
14548R,tpm,583a,0.5,8,0.04,0.01,0.4,30.0,6
14548R,tpm,584a,0.5,8,0.04,0.01,0.4,30.0,12
14548R,tpm,585a,0.5,8,0.04,0.01,0.8,7.5,3
14548R,tpm,586a,0.5,8,0.04,0.01,0.8,7.5,6
14548R,tpm,587a,0.5,8,0.04,0.01,0.8,7.5,12
14548R,tpm,588a,0.5,8,0.04,0.01,0.8,15.0,3
14548R,tpm,589a,0.5,8,0.04,0.01,0.8,15.0,6
14548R,tpm,590a,0.5,8,0.04,0.01,0.8,15.0,12
14548R,tpm,591a,0.5,8,0.04,0.01,0.8,30.0,3
14548R,tpm,592a,0.5,8,0.04,0.01,0.8,30.0,6
14548R,tpm,593a,0.5,8,0.04,0.01,0.8,30.0,12
14548R,tpm,594a,0.5,8,0.04,0.02,0.2,7.5,3
14548R,tpm,595a,0.5,8,0.04,0.02,0.2,7.5,6
14548R,tpm,596a,0.5,8,0.04,0.02,0.2,7.5,12
14548R,tpm,597a,0.5,8,0.04,0.02,0.2,15.0,3
14548R,tpm,598a,0.5,8,0.04,0.02,0.2,15.0,6
14548R,tpm,599a,0.5,8,0.04,0.02,0.2,15.0,12
14548R,tpm,600a,0.5,8,0.04,0.02,0.2,30.0,3
14548R,tpm,601a,0.5,8,0.04,0.02,0.2,30.0,6
14548R,tpm,602a,0.5,8,0.04,0.02,0.2,30.0,12
14548R,tpm,603a,0.5,8,0.04,0.02,0.4,7.5,3
14548R,tpm,604a,0.5,8,0.04,0.02,0.4,7.5,6
14548R,tpm,605a,0.5,8,0.04,0.02,0.4,7.5,12
14548R,tpm,606a,0.5,8,0.04,0.02,0.4,15.0,3
14548R,tpm,607a,0.5,8,0.04,0.02,0.4,15.0,6
14548R,tpm,608a,0.5,8,0.04,0.02,0.4,15.0,12
14548R,tpm,609a,0.5,8,0.04,0.02,0.4,30.0,3
14548R,tpm,610a,0.5,8,0.04,0.02,0.4,30.0,6
14548R,tpm,611a,0.5,8,0.04,0.02,0.4,30.0,12
14548R,tpm,612a,0.5,8,0.04,0.02,0.8,7.5,3
14548R,tpm,613a,0.5,8,0.04,0.02,0.8,7.5,6
14548R,tpm,614a,0.5,8,0.04,0.02,0.8,7.5,12
14548R,tpm,615a,0.5,8,0.04,0.02,0.8,15.0,3
14548R,tpm,616a,0.5,8,0.04,0.02,0.8,15.0,6
14548R,tpm,617a,0.5,8,0.04,0.02,0.8,15.0,12
14548R,tpm,618a,0.5,8,0.04,0.02,0.8,30.0,3
14548R,tpm,619a,0.5,8,0.04,0.02,0.8,30.0,6
14548R,tpm,620a,0.5,8,0.04,0.02,0.8,30.0,12
14548R,tpm,621a,0.5,8,0.04,0.04,0.2,7.5,3
14548R,tpm,622a,0.5,8,0.04,0.04,0.2,7.5,6
14548R,tpm,623a,0.5,8,0.04,0.04,0.2,7.5,12
14548R,tpm,624a,0.5,8,0.04,0.04,0.2,15.0,3
14548R,tpm,625a,0.5,8,0.04,0.04,0.2,15.0,6
14548R,tpm,626a,0.5,8,0.04,0.04,0.2,15.0,12
14548R,tpm,627a,0.5,8,0.04,0.04,0.2,30.0,3
14548R,tpm,628a,0.5,8,0.04,0.04,0.2,30.0,6
14548R,tpm,629a,0.5,8,0.04,0.04,0.2,30.0,12
14548R,tpm,630a,0.5,8,0.04,0.04,0.4,7.5,3
14548R,tpm,631a,0.5,8,0.04,0.04,0.4,7.5,6
14548R,tpm,632a,0.5,8,0.04,0.04,0.4,7.5,12
14548R,tpm,633a,0.5,8,0.04,0.04,0.4,15.0,3
14548R,tpm,634a,0.5,8,0.04,0.04,0.4,15.0,6
14548R,tpm,635a,0.5,8,0.04,0.04,0.4,15.0,12
14548R,tpm,636a,0.5,8,0.04,0.04,0.4,30.0,3
14548R,tpm,637a,0.5,8,0.04,0.04,0.4,30.0,6
14548R,tpm,638a,0.5,8,0.04,0.04,0.4,30.0,12
14548R,tpm,639a,0.5,8,0.04,0.04,0.8,7.5,3
14548R,tpm,640a,0.5,8,0.04,0.04,0.8,7.5,6
14548R,tpm,641a,0.5,8,0.04,0.04,0.8,7.5,12
14548R,tpm,642a,0.5,8,0.04,0.04,0.8,15.0,3
14548R,tpm,643a,0.5,8,0.04,0.04,0.8,15.0,6
14548R,tpm,644a,0.5,8,0.04,0.04,0.8,15.0,12
14548R,tpm,645a,0.5,8,0.04,0.04,0.8,30.0,3
14548R,tpm,646a,0.5,8,0.04,0.04,0.8,30.0,6
14548R,tpm,647a,0.5,8,0.04,0.04,0.8,30.0,12
14548R,tpm,648a,0.5,8,0.08,0.01,0.2,7.5,3
14548R,tpm,649a,0.5,8,0.08,0.01,0.2,7.5,6
14548R,tpm,650a,0.5,8,0.08,0.01,0.2,7.5,12
14548R,tpm,651a,0.5,8,0.08,0.01,0.2,15.0,3
14548R,tpm,652a,0.5,8,0.08,0.01,0.2,15.0,6
14548R,tpm,653a,0.5,8,0.08,0.01,0.2,15.0,12
14548R,tpm,654a,0.5,8,0.08,0.01,0.2,30.0,3
14548R,tpm,655a,0.5,8,0.08,0.01,0.2,30.0,6
14548R,tpm,656a,0.5,8,0.08,0.01,0.2,30.0,12
14548R,tpm,657a,0.5,8,0.08,0.01,0.4,7.5,3
14548R,tpm,658a,0.5,8,0.08,0.01,0.4,7.5,6
14548R,tpm,659a,0.5,8,0.08,0.01,0.4,7.5,12
14548R,tpm,660a,0.5,8,0.08,0.01,0.4,15.0,3
14548R,tpm,661a,0.5,8,0.08,0.01,0.4,15.0,6
14548R,tpm,662a,0.5,8,0.08,0.01,0.4,15.0,12
14548R,tpm,663a,0.5,8,0.08,0.01,0.4,30.0,3
14548R,tpm,664a,0.5,8,0.08,0.01,0.4,30.0,6
14548R,tpm,665a,0.5,8,0.08,0.01,0.4,30.0,12
14548R,tpm,666a,0.5,8,0.08,0.01,0.8,7.5,3
14548R,tpm,667a,0.5,8,0.08,0.01,0.8,7.5,6
14548R,tpm,668a,0.5,8,0.08,0.01,0.8,7.5,12
14548R,tpm,669a,0.5,8,0.08,0.01,0.8,15.0,3
14548R,tpm,670a,0.5,8,0.08,0.01,0.8,15.0,6
14548R,tpm,671a,0.5,8,0.08,0.01,0.8,15.0,12
14548R,tpm,672a,0.5,8,0.08,0.01,0.8,30.0,3
14548R,tpm,673a,0.5,8,0.08,0.01,0.8,30.0,6
14548R,tpm,674a,0.5,8,0.08,0.01,0.8,30.0,12
14548R,tpm,675a,0.5,8,0.08,0.02,0.2,7.5,3
14548R,tpm,676a,0.5,8,0.08,0.02,0.2,7.5,6
14548R,tpm,677a,0.5,8,0.08,0.02,0.2,7.5,12
14548R,tpm,678a,0.5,8,0.08,0.02,0.2,15.0,3
14548R,tpm,679a,0.5,8,0.08,0.02,0.2,15.0,6
14548R,tpm,680a,0.5,8,0.08,0.02,0.2,15.0,12
14548R,tpm,681a,0.5,8,0.08,0.02,0.2,30.0,3
14548R,tpm,682a,0.5,8,0.08,0.02,0.2,30.0,6
14548R,tpm,683a,0.5,8,0.08,0.02,0.2,30.0,12
14548R,tpm,684a,0.5,8,0.08,0.02,0.4,7.5,3
14548R,tpm,685a,0.5,8,0.08,0.02,0.4,7.5,6
14548R,tpm,686a,0.5,8,0.08,0.02,0.4,7.5,12
14548R,tpm,687a,0.5,8,0.08,0.02,0.4,15.0,3
14548R,tpm,688a,0.5,8,0.08,0.02,0.4,15.0,6
14548R,tpm,689a,0.5,8,0.08,0.02,0.4,15.0,12
14548R,tpm,690a,0.5,8,0.08,0.02,0.4,30.0,3
14548R,tpm,691a,0.5,8,0.08,0.02,0.4,30.0,6
14548R,tpm,692a,0.5,8,0.08,0.02,0.4,30.0,12
14548R,tpm,693a,0.5,8,0.08,0.02,0.8,7.5,3
14548R,tpm,694a,0.5,8,0.08,0.02,0.8,7.5,6
14548R,tpm,695a,0.5,8,0.08,0.02,0.8,7.5,12
14548R,tpm,696a,0.5,8,0.08,0.02,0.8,15.0,3
14548R,tpm,697a,0.5,8,0.08,0.02,0.8,15.0,6
14548R,tpm,698a,0.5,8,0.08,0.02,0.8,15.0,12
14548R,tpm,699a,0.5,8,0.08,0.02,0.8,30.0,3
14548R,tpm,700a,0.5,8,0.08,0.02,0.8,30.0,6
14548R,tpm,701a,0.5,8,0.08,0.02,0.8,30.0,12
14548R,tpm,702a,0.5,8,0.08,0.04,0.2,7.5,3
14548R,tpm,703a,0.5,8,0.08,0.04,0.2,7.5,6
14548R,tpm,704a,0.5,8,0.08,0.04,0.2,7.5,12
14548R,tpm,705a,0.5,8,0.08,0.04,0.2,15.0,3
14548R,tpm,706a,0.5,8,0.08,0.04,0.2,15.0,6
14548R,tpm,707a,0.5,8,0.08,0.04,0.2,15.0,12
14548R,tpm,708a,0.5,8,0.08,0.04,0.2,30.0,3
14548R,tpm,709a,0.5,8,0.08,0.04,0.2,30.0,6
14548R,tpm,710a,0.5,8,0.08,0.04,0.2,30.0,12
14548R,tpm,711a,0.5,8,0.08,0.04,0.4,7.5,3
14548R,tpm,712a,0.5,8,0.08,0.04,0.4,7.5,6
14548R,tpm,713a,0.5,8,0.08,0.04,0.4,7.5,12
14548R,tpm,714a,0.5,8,0.08,0.04,0.4,15.0,3
14548R,tpm,715a,0.5,8,0.08,0.04,0.4,15.0,6
14548R,tpm,716a,0.5,8,0.08,0.04,0.4,15.0,12
14548R,tpm,717a,0.5,8,0.08,0.04,0.4,30.0,3
14548R,tpm,718a,0.5,8,0.08,0.04,0.4,30.0,6
14548R,tpm,719a,0.5,8,0.08,0.04,0.4,30.0,12
14548R,tpm,720a,0.5,8,0.08,0.04,0.8,7.5,3
14548R,tpm,721a,0.5,8,0.08,0.04,0.8,7.5,6
14548R,tpm,722a,0.5,8,0.08,0.04,0.8,7.5,12
14548R,tpm,723a,0.5,8,0.08,0.04,0.8,15.0,3
14548R,tpm,724a,0.5,8,0.08,0.04,0.8,15.0,6
14548R,tpm,725a,0.5,8,0.08,0.04,0.8,15.0,12
14548R,tpm,726a,0.5,8,0.08,0.04,0.8,30.0,3
14548R,tpm,727a,0.5,8,0.08,0.04,0.8,30.0,6
14548R,tpm,728a,0.5,8,0.08,0.04,0.8,30.0,12
14548R,tpm,0b,1.0,2,0.02,0.01,0.2,7.5,3
14548R,tpm,1b,1.0,2,0.02,0.01,0.2,7.5,6
14548R,tpm,2b,1.0,2,0.02,0.01,0.2,7.5,12
14548R,tpm,3b,1.0,2,0.02,0.01,0.2,15.0,3
14548R,tpm,4b,1.0,2,0.02,0.01,0.2,15.0,6
14548R,tpm,5b,1.0,2,0.02,0.01,0.2,15.0,12
14548R,tpm,6b,1.0,2,0.02,0.01,0.2,30.0,3
14548R,tpm,7b,1.0,2,0.02,0.01,0.2,30.0,6
14548R,tpm,8b,1.0,2,0.02,0.01,0.2,30.0,12
14548R,tpm,9b,1.0,2,0.02,0.01,0.4,7.5,3
14548R,tpm,10b,1.0,2,0.02,0.01,0.4,7.5,6
14548R,tpm,11b,1.0,2,0.02,0.01,0.4,7.5,12
14548R,tpm,12b,1.0,2,0.02,0.01,0.4,15.0,3
14548R,tpm,13b,1.0,2,0.02,0.01,0.4,15.0,6
14548R,tpm,14b,1.0,2,0.02,0.01,0.4,15.0,12
14548R,tpm,15b,1.0,2,0.02,0.01,0.4,30.0,3
14548R,tpm,16b,1.0,2,0.02,0.01,0.4,30.0,6
14548R,tpm,17b,1.0,2,0.02,0.01,0.4,30.0,12
14548R,tpm,18b,1.0,2,0.02,0.01,0.8,7.5,3
14548R,tpm,19b,1.0,2,0.02,0.01,0.8,7.5,6
14548R,tpm,20b,1.0,2,0.02,0.01,0.8,7.5,12
14548R,tpm,21b,1.0,2,0.02,0.01,0.8,15.0,3
14548R,tpm,22b,1.0,2,0.02,0.01,0.8,15.0,6
14548R,tpm,23b,1.0,2,0.02,0.01,0.8,15.0,12
14548R,tpm,24b,1.0,2,0.02,0.01,0.8,30.0,3
14548R,tpm,25b,1.0,2,0.02,0.01,0.8,30.0,6
14548R,tpm,26b,1.0,2,0.02,0.01,0.8,30.0,12
14548R,tpm,27b,1.0,2,0.02,0.02,0.2,7.5,3
14548R,tpm,28b,1.0,2,0.02,0.02,0.2,7.5,6
14548R,tpm,29b,1.0,2,0.02,0.02,0.2,7.5,12
14548R,tpm,30b,1.0,2,0.02,0.02,0.2,15.0,3
14548R,tpm,31b,1.0,2,0.02,0.02,0.2,15.0,6
14548R,tpm,32b,1.0,2,0.02,0.02,0.2,15.0,12
14548R,tpm,33b,1.0,2,0.02,0.02,0.2,30.0,3
14548R,tpm,34b,1.0,2,0.02,0.02,0.2,30.0,6
14548R,tpm,35b,1.0,2,0.02,0.02,0.2,30.0,12
14548R,tpm,36b,1.0,2,0.02,0.02,0.4,7.5,3
14548R,tpm,37b,1.0,2,0.02,0.02,0.4,7.5,6
14548R,tpm,38b,1.0,2,0.02,0.02,0.4,7.5,12
14548R,tpm,39b,1.0,2,0.02,0.02,0.4,15.0,3
14548R,tpm,40b,1.0,2,0.02,0.02,0.4,15.0,6
14548R,tpm,41b,1.0,2,0.02,0.02,0.4,15.0,12
14548R,tpm,42b,1.0,2,0.02,0.02,0.4,30.0,3
14548R,tpm,43b,1.0,2,0.02,0.02,0.4,30.0,6
14548R,tpm,44b,1.0,2,0.02,0.02,0.4,30.0,12
14548R,tpm,45b,1.0,2,0.02,0.02,0.8,7.5,3
14548R,tpm,46b,1.0,2,0.02,0.02,0.8,7.5,6
14548R,tpm,47b,1.0,2,0.02,0.02,0.8,7.5,12
14548R,tpm,48b,1.0,2,0.02,0.02,0.8,15.0,3
14548R,tpm,49b,1.0,2,0.02,0.02,0.8,15.0,6
14548R,tpm,50b,1.0,2,0.02,0.02,0.8,15.0,12
14548R,tpm,51b,1.0,2,0.02,0.02,0.8,30.0,3
14548R,tpm,52b,1.0,2,0.02,0.02,0.8,30.0,6
14548R,tpm,53b,1.0,2,0.02,0.02,0.8,30.0,12
14548R,tpm,54b,1.0,2,0.02,0.04,0.2,7.5,3
14548R,tpm,55b,1.0,2,0.02,0.04,0.2,7.5,6
14548R,tpm,56b,1.0,2,0.02,0.04,0.2,7.5,12
14548R,tpm,57b,1.0,2,0.02,0.04,0.2,15.0,3
14548R,tpm,58b,1.0,2,0.02,0.04,0.2,15.0,6
14548R,tpm,59b,1.0,2,0.02,0.04,0.2,15.0,12
14548R,tpm,60b,1.0,2,0.02,0.04,0.2,30.0,3
14548R,tpm,61b,1.0,2,0.02,0.04,0.2,30.0,6
14548R,tpm,62b,1.0,2,0.02,0.04,0.2,30.0,12
14548R,tpm,63b,1.0,2,0.02,0.04,0.4,7.5,3
14548R,tpm,64b,1.0,2,0.02,0.04,0.4,7.5,6
14548R,tpm,65b,1.0,2,0.02,0.04,0.4,7.5,12
14548R,tpm,66b,1.0,2,0.02,0.04,0.4,15.0,3
14548R,tpm,67b,1.0,2,0.02,0.04,0.4,15.0,6
14548R,tpm,68b,1.0,2,0.02,0.04,0.4,15.0,12
14548R,tpm,69b,1.0,2,0.02,0.04,0.4,30.0,3
14548R,tpm,70b,1.0,2,0.02,0.04,0.4,30.0,6
14548R,tpm,71b,1.0,2,0.02,0.04,0.4,30.0,12
14548R,tpm,72b,1.0,2,0.02,0.04,0.8,7.5,3
14548R,tpm,73b,1.0,2,0.02,0.04,0.8,7.5,6
14548R,tpm,74b,1.0,2,0.02,0.04,0.8,7.5,12
14548R,tpm,75b,1.0,2,0.02,0.04,0.8,15.0,3
14548R,tpm,76b,1.0,2,0.02,0.04,0.8,15.0,6
14548R,tpm,77b,1.0,2,0.02,0.04,0.8,15.0,12
14548R,tpm,78b,1.0,2,0.02,0.04,0.8,30.0,3
14548R,tpm,79b,1.0,2,0.02,0.04,0.8,30.0,6
14548R,tpm,80b,1.0,2,0.02,0.04,0.8,30.0,12
14548R,tpm,81b,1.0,2,0.04,0.01,0.2,7.5,3
14548R,tpm,82b,1.0,2,0.04,0.01,0.2,7.5,6
14548R,tpm,83b,1.0,2,0.04,0.01,0.2,7.5,12
14548R,tpm,84b,1.0,2,0.04,0.01,0.2,15.0,3
14548R,tpm,85b,1.0,2,0.04,0.01,0.2,15.0,6
14548R,tpm,86b,1.0,2,0.04,0.01,0.2,15.0,12
14548R,tpm,87b,1.0,2,0.04,0.01,0.2,30.0,3
14548R,tpm,88b,1.0,2,0.04,0.01,0.2,30.0,6
14548R,tpm,89b,1.0,2,0.04,0.01,0.2,30.0,12
14548R,tpm,90b,1.0,2,0.04,0.01,0.4,7.5,3
14548R,tpm,91b,1.0,2,0.04,0.01,0.4,7.5,6
14548R,tpm,92b,1.0,2,0.04,0.01,0.4,7.5,12
14548R,tpm,93b,1.0,2,0.04,0.01,0.4,15.0,3
14548R,tpm,94b,1.0,2,0.04,0.01,0.4,15.0,6
14548R,tpm,95b,1.0,2,0.04,0.01,0.4,15.0,12
14548R,tpm,96b,1.0,2,0.04,0.01,0.4,30.0,3
14548R,tpm,97b,1.0,2,0.04,0.01,0.4,30.0,6
14548R,tpm,98b,1.0,2,0.04,0.01,0.4,30.0,12
14548R,tpm,99b,1.0,2,0.04,0.01,0.8,7.5,3
14548R,tpm,100b,1.0,2,0.04,0.01,0.8,7.5,6
14548R,tpm,101b,1.0,2,0.04,0.01,0.8,7.5,12
14548R,tpm,102b,1.0,2,0.04,0.01,0.8,15.0,3
14548R,tpm,103b,1.0,2,0.04,0.01,0.8,15.0,6
14548R,tpm,104b,1.0,2,0.04,0.01,0.8,15.0,12
14548R,tpm,105b,1.0,2,0.04,0.01,0.8,30.0,3
14548R,tpm,106b,1.0,2,0.04,0.01,0.8,30.0,6
14548R,tpm,107b,1.0,2,0.04,0.01,0.8,30.0,12
14548R,tpm,108b,1.0,2,0.04,0.02,0.2,7.5,3
14548R,tpm,109b,1.0,2,0.04,0.02,0.2,7.5,6
14548R,tpm,110b,1.0,2,0.04,0.02,0.2,7.5,12
14548R,tpm,111b,1.0,2,0.04,0.02,0.2,15.0,3
14548R,tpm,112b,1.0,2,0.04,0.02,0.2,15.0,6
14548R,tpm,113b,1.0,2,0.04,0.02,0.2,15.0,12
14548R,tpm,114b,1.0,2,0.04,0.02,0.2,30.0,3
14548R,tpm,115b,1.0,2,0.04,0.02,0.2,30.0,6
14548R,tpm,116b,1.0,2,0.04,0.02,0.2,30.0,12
14548R,tpm,117b,1.0,2,0.04,0.02,0.4,7.5,3
14548R,tpm,118b,1.0,2,0.04,0.02,0.4,7.5,6
14548R,tpm,119b,1.0,2,0.04,0.02,0.4,7.5,12
14548R,tpm,120b,1.0,2,0.04,0.02,0.4,15.0,3
14548R,tpm,121b,1.0,2,0.04,0.02,0.4,15.0,6
14548R,tpm,122b,1.0,2,0.04,0.02,0.4,15.0,12
14548R,tpm,123b,1.0,2,0.04,0.02,0.4,30.0,3
14548R,tpm,124b,1.0,2,0.04,0.02,0.4,30.0,6
14548R,tpm,125b,1.0,2,0.04,0.02,0.4,30.0,12
14548R,tpm,126b,1.0,2,0.04,0.02,0.8,7.5,3
14548R,tpm,127b,1.0,2,0.04,0.02,0.8,7.5,6
14548R,tpm,128b,1.0,2,0.04,0.02,0.8,7.5,12
14548R,tpm,129b,1.0,2,0.04,0.02,0.8,15.0,3
14548R,tpm,130b,1.0,2,0.04,0.02,0.8,15.0,6
14548R,tpm,131b,1.0,2,0.04,0.02,0.8,15.0,12
14548R,tpm,132b,1.0,2,0.04,0.02,0.8,30.0,3
14548R,tpm,133b,1.0,2,0.04,0.02,0.8,30.0,6
14548R,tpm,134b,1.0,2,0.04,0.02,0.8,30.0,12
14548R,tpm,135b,1.0,2,0.04,0.04,0.2,7.5,3
14548R,tpm,136b,1.0,2,0.04,0.04,0.2,7.5,6
14548R,tpm,137b,1.0,2,0.04,0.04,0.2,7.5,12
14548R,tpm,138b,1.0,2,0.04,0.04,0.2,15.0,3
14548R,tpm,139b,1.0,2,0.04,0.04,0.2,15.0,6
14548R,tpm,140b,1.0,2,0.04,0.04,0.2,15.0,12
14548R,tpm,141b,1.0,2,0.04,0.04,0.2,30.0,3
14548R,tpm,142b,1.0,2,0.04,0.04,0.2,30.0,6
14548R,tpm,143b,1.0,2,0.04,0.04,0.2,30.0,12
14548R,tpm,144b,1.0,2,0.04,0.04,0.4,7.5,3
14548R,tpm,145b,1.0,2,0.04,0.04,0.4,7.5,6
14548R,tpm,146b,1.0,2,0.04,0.04,0.4,7.5,12
14548R,tpm,147b,1.0,2,0.04,0.04,0.4,15.0,3
14548R,tpm,148b,1.0,2,0.04,0.04,0.4,15.0,6
14548R,tpm,149b,1.0,2,0.04,0.04,0.4,15.0,12
14548R,tpm,150b,1.0,2,0.04,0.04,0.4,30.0,3
14548R,tpm,151b,1.0,2,0.04,0.04,0.4,30.0,6
14548R,tpm,152b,1.0,2,0.04,0.04,0.4,30.0,12
14548R,tpm,153b,1.0,2,0.04,0.04,0.8,7.5,3
14548R,tpm,154b,1.0,2,0.04,0.04,0.8,7.5,6
14548R,tpm,155b,1.0,2,0.04,0.04,0.8,7.5,12
14548R,tpm,156b,1.0,2,0.04,0.04,0.8,15.0,3
14548R,tpm,157b,1.0,2,0.04,0.04,0.8,15.0,6
14548R,tpm,158b,1.0,2,0.04,0.04,0.8,15.0,12
14548R,tpm,159b,1.0,2,0.04,0.04,0.8,30.0,3
14548R,tpm,160b,1.0,2,0.04,0.04,0.8,30.0,6
14548R,tpm,161b,1.0,2,0.04,0.04,0.8,30.0,12
14548R,tpm,162b,1.0,2,0.08,0.01,0.2,7.5,3
14548R,tpm,163b,1.0,2,0.08,0.01,0.2,7.5,6
14548R,tpm,164b,1.0,2,0.08,0.01,0.2,7.5,12
14548R,tpm,165b,1.0,2,0.08,0.01,0.2,15.0,3
14548R,tpm,166b,1.0,2,0.08,0.01,0.2,15.0,6
14548R,tpm,167b,1.0,2,0.08,0.01,0.2,15.0,12
14548R,tpm,168b,1.0,2,0.08,0.01,0.2,30.0,3
14548R,tpm,169b,1.0,2,0.08,0.01,0.2,30.0,6
14548R,tpm,170b,1.0,2,0.08,0.01,0.2,30.0,12
14548R,tpm,171b,1.0,2,0.08,0.01,0.4,7.5,3
14548R,tpm,172b,1.0,2,0.08,0.01,0.4,7.5,6
14548R,tpm,173b,1.0,2,0.08,0.01,0.4,7.5,12
14548R,tpm,174b,1.0,2,0.08,0.01,0.4,15.0,3
14548R,tpm,175b,1.0,2,0.08,0.01,0.4,15.0,6
14548R,tpm,176b,1.0,2,0.08,0.01,0.4,15.0,12
14548R,tpm,177b,1.0,2,0.08,0.01,0.4,30.0,3
14548R,tpm,178b,1.0,2,0.08,0.01,0.4,30.0,6
14548R,tpm,179b,1.0,2,0.08,0.01,0.4,30.0,12
14548R,tpm,180b,1.0,2,0.08,0.01,0.8,7.5,3
14548R,tpm,181b,1.0,2,0.08,0.01,0.8,7.5,6
14548R,tpm,182b,1.0,2,0.08,0.01,0.8,7.5,12
14548R,tpm,183b,1.0,2,0.08,0.01,0.8,15.0,3
14548R,tpm,184b,1.0,2,0.08,0.01,0.8,15.0,6
14548R,tpm,185b,1.0,2,0.08,0.01,0.8,15.0,12
14548R,tpm,186b,1.0,2,0.08,0.01,0.8,30.0,3
14548R,tpm,187b,1.0,2,0.08,0.01,0.8,30.0,6
14548R,tpm,188b,1.0,2,0.08,0.01,0.8,30.0,12
14548R,tpm,189b,1.0,2,0.08,0.02,0.2,7.5,3
14548R,tpm,190b,1.0,2,0.08,0.02,0.2,7.5,6
14548R,tpm,191b,1.0,2,0.08,0.02,0.2,7.5,12
14548R,tpm,192b,1.0,2,0.08,0.02,0.2,15.0,3
14548R,tpm,193b,1.0,2,0.08,0.02,0.2,15.0,6
14548R,tpm,194b,1.0,2,0.08,0.02,0.2,15.0,12
14548R,tpm,195b,1.0,2,0.08,0.02,0.2,30.0,3
14548R,tpm,196b,1.0,2,0.08,0.02,0.2,30.0,6
14548R,tpm,197b,1.0,2,0.08,0.02,0.2,30.0,12
14548R,tpm,198b,1.0,2,0.08,0.02,0.4,7.5,3
14548R,tpm,199b,1.0,2,0.08,0.02,0.4,7.5,6
14548R,tpm,200b,1.0,2,0.08,0.02,0.4,7.5,12
14548R,tpm,201b,1.0,2,0.08,0.02,0.4,15.0,3
14548R,tpm,202b,1.0,2,0.08,0.02,0.4,15.0,6
14548R,tpm,203b,1.0,2,0.08,0.02,0.4,15.0,12
14548R,tpm,204b,1.0,2,0.08,0.02,0.4,30.0,3
14548R,tpm,205b,1.0,2,0.08,0.02,0.4,30.0,6
14548R,tpm,206b,1.0,2,0.08,0.02,0.4,30.0,12
14548R,tpm,207b,1.0,2,0.08,0.02,0.8,7.5,3
14548R,tpm,208b,1.0,2,0.08,0.02,0.8,7.5,6
14548R,tpm,209b,1.0,2,0.08,0.02,0.8,7.5,12
14548R,tpm,210b,1.0,2,0.08,0.02,0.8,15.0,3
14548R,tpm,211b,1.0,2,0.08,0.02,0.8,15.0,6
14548R,tpm,212b,1.0,2,0.08,0.02,0.8,15.0,12
14548R,tpm,213b,1.0,2,0.08,0.02,0.8,30.0,3
14548R,tpm,214b,1.0,2,0.08,0.02,0.8,30.0,6
14548R,tpm,215b,1.0,2,0.08,0.02,0.8,30.0,12
14548R,tpm,216b,1.0,2,0.08,0.04,0.2,7.5,3
14548R,tpm,217b,1.0,2,0.08,0.04,0.2,7.5,6
14548R,tpm,218b,1.0,2,0.08,0.04,0.2,7.5,12
14548R,tpm,219b,1.0,2,0.08,0.04,0.2,15.0,3
14548R,tpm,220b,1.0,2,0.08,0.04,0.2,15.0,6
14548R,tpm,221b,1.0,2,0.08,0.04,0.2,15.0,12
14548R,tpm,222b,1.0,2,0.08,0.04,0.2,30.0,3
14548R,tpm,223b,1.0,2,0.08,0.04,0.2,30.0,6
14548R,tpm,224b,1.0,2,0.08,0.04,0.2,30.0,12
14548R,tpm,225b,1.0,2,0.08,0.04,0.4,7.5,3
14548R,tpm,226b,1.0,2,0.08,0.04,0.4,7.5,6
14548R,tpm,227b,1.0,2,0.08,0.04,0.4,7.5,12
14548R,tpm,228b,1.0,2,0.08,0.04,0.4,15.0,3
14548R,tpm,229b,1.0,2,0.08,0.04,0.4,15.0,6
14548R,tpm,230b,1.0,2,0.08,0.04,0.4,15.0,12
14548R,tpm,231b,1.0,2,0.08,0.04,0.4,30.0,3
14548R,tpm,232b,1.0,2,0.08,0.04,0.4,30.0,6
14548R,tpm,233b,1.0,2,0.08,0.04,0.4,30.0,12
14548R,tpm,234b,1.0,2,0.08,0.04,0.8,7.5,3
14548R,tpm,235b,1.0,2,0.08,0.04,0.8,7.5,6
14548R,tpm,236b,1.0,2,0.08,0.04,0.8,7.5,12
14548R,tpm,237b,1.0,2,0.08,0.04,0.8,15.0,3
14548R,tpm,238b,1.0,2,0.08,0.04,0.8,15.0,6
14548R,tpm,239b,1.0,2,0.08,0.04,0.8,15.0,12
14548R,tpm,240b,1.0,2,0.08,0.04,0.8,30.0,3
14548R,tpm,241b,1.0,2,0.08,0.04,0.8,30.0,6
14548R,tpm,242b,1.0,2,0.08,0.04,0.8,30.0,12
14548R,tpm,243b,1.0,4,0.02,0.01,0.2,7.5,3
14548R,tpm,244b,1.0,4,0.02,0.01,0.2,7.5,6
14548R,tpm,245b,1.0,4,0.02,0.01,0.2,7.5,12
14548R,tpm,246b,1.0,4,0.02,0.01,0.2,15.0,3
14548R,tpm,247b,1.0,4,0.02,0.01,0.2,15.0,6
14548R,tpm,248b,1.0,4,0.02,0.01,0.2,15.0,12
14548R,tpm,249b,1.0,4,0.02,0.01,0.2,30.0,3
14548R,tpm,250b,1.0,4,0.02,0.01,0.2,30.0,6
14548R,tpm,251b,1.0,4,0.02,0.01,0.2,30.0,12
14548R,tpm,252b,1.0,4,0.02,0.01,0.4,7.5,3
14548R,tpm,253b,1.0,4,0.02,0.01,0.4,7.5,6
14548R,tpm,254b,1.0,4,0.02,0.01,0.4,7.5,12
14548R,tpm,255b,1.0,4,0.02,0.01,0.4,15.0,3
14548R,tpm,256b,1.0,4,0.02,0.01,0.4,15.0,6
14548R,tpm,257b,1.0,4,0.02,0.01,0.4,15.0,12
14548R,tpm,258b,1.0,4,0.02,0.01,0.4,30.0,3
14548R,tpm,259b,1.0,4,0.02,0.01,0.4,30.0,6
14548R,tpm,260b,1.0,4,0.02,0.01,0.4,30.0,12
14548R,tpm,261b,1.0,4,0.02,0.01,0.8,7.5,3
14548R,tpm,262b,1.0,4,0.02,0.01,0.8,7.5,6
14548R,tpm,263b,1.0,4,0.02,0.01,0.8,7.5,12
14548R,tpm,264b,1.0,4,0.02,0.01,0.8,15.0,3
14548R,tpm,265b,1.0,4,0.02,0.01,0.8,15.0,6
14548R,tpm,266b,1.0,4,0.02,0.01,0.8,15.0,12
14548R,tpm,267b,1.0,4,0.02,0.01,0.8,30.0,3
14548R,tpm,268b,1.0,4,0.02,0.01,0.8,30.0,6
14548R,tpm,269b,1.0,4,0.02,0.01,0.8,30.0,12
14548R,tpm,270b,1.0,4,0.02,0.02,0.2,7.5,3
14548R,tpm,271b,1.0,4,0.02,0.02,0.2,7.5,6
14548R,tpm,272b,1.0,4,0.02,0.02,0.2,7.5,12
14548R,tpm,273b,1.0,4,0.02,0.02,0.2,15.0,3
14548R,tpm,274b,1.0,4,0.02,0.02,0.2,15.0,6
14548R,tpm,275b,1.0,4,0.02,0.02,0.2,15.0,12
14548R,tpm,276b,1.0,4,0.02,0.02,0.2,30.0,3
14548R,tpm,277b,1.0,4,0.02,0.02,0.2,30.0,6
14548R,tpm,278b,1.0,4,0.02,0.02,0.2,30.0,12
14548R,tpm,279b,1.0,4,0.02,0.02,0.4,7.5,3
14548R,tpm,280b,1.0,4,0.02,0.02,0.4,7.5,6
14548R,tpm,281b,1.0,4,0.02,0.02,0.4,7.5,12
14548R,tpm,282b,1.0,4,0.02,0.02,0.4,15.0,3
14548R,tpm,283b,1.0,4,0.02,0.02,0.4,15.0,6
14548R,tpm,284b,1.0,4,0.02,0.02,0.4,15.0,12
14548R,tpm,285b,1.0,4,0.02,0.02,0.4,30.0,3
14548R,tpm,286b,1.0,4,0.02,0.02,0.4,30.0,6
14548R,tpm,287b,1.0,4,0.02,0.02,0.4,30.0,12
14548R,tpm,288b,1.0,4,0.02,0.02,0.8,7.5,3
14548R,tpm,289b,1.0,4,0.02,0.02,0.8,7.5,6
14548R,tpm,290b,1.0,4,0.02,0.02,0.8,7.5,12
14548R,tpm,291b,1.0,4,0.02,0.02,0.8,15.0,3
14548R,tpm,292b,1.0,4,0.02,0.02,0.8,15.0,6
14548R,tpm,293b,1.0,4,0.02,0.02,0.8,15.0,12
14548R,tpm,294b,1.0,4,0.02,0.02,0.8,30.0,3
14548R,tpm,295b,1.0,4,0.02,0.02,0.8,30.0,6
14548R,tpm,296b,1.0,4,0.02,0.02,0.8,30.0,12
14548R,tpm,297b,1.0,4,0.02,0.04,0.2,7.5,3
14548R,tpm,298b,1.0,4,0.02,0.04,0.2,7.5,6
14548R,tpm,299b,1.0,4,0.02,0.04,0.2,7.5,12
14548R,tpm,300b,1.0,4,0.02,0.04,0.2,15.0,3
14548R,tpm,301b,1.0,4,0.02,0.04,0.2,15.0,6
14548R,tpm,302b,1.0,4,0.02,0.04,0.2,15.0,12
14548R,tpm,303b,1.0,4,0.02,0.04,0.2,30.0,3
14548R,tpm,304b,1.0,4,0.02,0.04,0.2,30.0,6
14548R,tpm,305b,1.0,4,0.02,0.04,0.2,30.0,12
14548R,tpm,306b,1.0,4,0.02,0.04,0.4,7.5,3
14548R,tpm,307b,1.0,4,0.02,0.04,0.4,7.5,6
14548R,tpm,308b,1.0,4,0.02,0.04,0.4,7.5,12
14548R,tpm,309b,1.0,4,0.02,0.04,0.4,15.0,3
14548R,tpm,310b,1.0,4,0.02,0.04,0.4,15.0,6
14548R,tpm,311b,1.0,4,0.02,0.04,0.4,15.0,12
14548R,tpm,312b,1.0,4,0.02,0.04,0.4,30.0,3
14548R,tpm,313b,1.0,4,0.02,0.04,0.4,30.0,6
14548R,tpm,314b,1.0,4,0.02,0.04,0.4,30.0,12
14548R,tpm,315b,1.0,4,0.02,0.04,0.8,7.5,3
14548R,tpm,316b,1.0,4,0.02,0.04,0.8,7.5,6
14548R,tpm,317b,1.0,4,0.02,0.04,0.8,7.5,12
14548R,tpm,318b,1.0,4,0.02,0.04,0.8,15.0,3
14548R,tpm,319b,1.0,4,0.02,0.04,0.8,15.0,6
14548R,tpm,320b,1.0,4,0.02,0.04,0.8,15.0,12
14548R,tpm,321b,1.0,4,0.02,0.04,0.8,30.0,3
14548R,tpm,322b,1.0,4,0.02,0.04,0.8,30.0,6
14548R,tpm,323b,1.0,4,0.02,0.04,0.8,30.0,12
14548R,tpm,324b,1.0,4,0.04,0.01,0.2,7.5,3
14548R,tpm,325b,1.0,4,0.04,0.01,0.2,7.5,6
14548R,tpm,326b,1.0,4,0.04,0.01,0.2,7.5,12
14548R,tpm,327b,1.0,4,0.04,0.01,0.2,15.0,3
14548R,tpm,328b,1.0,4,0.04,0.01,0.2,15.0,6
14548R,tpm,329b,1.0,4,0.04,0.01,0.2,15.0,12
14548R,tpm,330b,1.0,4,0.04,0.01,0.2,30.0,3
14548R,tpm,331b,1.0,4,0.04,0.01,0.2,30.0,6
14548R,tpm,332b,1.0,4,0.04,0.01,0.2,30.0,12
14548R,tpm,333b,1.0,4,0.04,0.01,0.4,7.5,3
14548R,tpm,334b,1.0,4,0.04,0.01,0.4,7.5,6
14548R,tpm,335b,1.0,4,0.04,0.01,0.4,7.5,12
14548R,tpm,336b,1.0,4,0.04,0.01,0.4,15.0,3
14548R,tpm,337b,1.0,4,0.04,0.01,0.4,15.0,6
14548R,tpm,338b,1.0,4,0.04,0.01,0.4,15.0,12
14548R,tpm,339b,1.0,4,0.04,0.01,0.4,30.0,3
14548R,tpm,340b,1.0,4,0.04,0.01,0.4,30.0,6
14548R,tpm,341b,1.0,4,0.04,0.01,0.4,30.0,12
14548R,tpm,342b,1.0,4,0.04,0.01,0.8,7.5,3
14548R,tpm,343b,1.0,4,0.04,0.01,0.8,7.5,6
14548R,tpm,344b,1.0,4,0.04,0.01,0.8,7.5,12
14548R,tpm,345b,1.0,4,0.04,0.01,0.8,15.0,3
14548R,tpm,346b,1.0,4,0.04,0.01,0.8,15.0,6
14548R,tpm,347b,1.0,4,0.04,0.01,0.8,15.0,12
14548R,tpm,348b,1.0,4,0.04,0.01,0.8,30.0,3
14548R,tpm,349b,1.0,4,0.04,0.01,0.8,30.0,6
14548R,tpm,350b,1.0,4,0.04,0.01,0.8,30.0,12
14548R,tpm,351b,1.0,4,0.04,0.02,0.2,7.5,3
14548R,tpm,352b,1.0,4,0.04,0.02,0.2,7.5,6
14548R,tpm,353b,1.0,4,0.04,0.02,0.2,7.5,12
14548R,tpm,354b,1.0,4,0.04,0.02,0.2,15.0,3
14548R,tpm,355b,1.0,4,0.04,0.02,0.2,15.0,6
14548R,tpm,356b,1.0,4,0.04,0.02,0.2,15.0,12
14548R,tpm,357b,1.0,4,0.04,0.02,0.2,30.0,3
14548R,tpm,358b,1.0,4,0.04,0.02,0.2,30.0,6
14548R,tpm,359b,1.0,4,0.04,0.02,0.2,30.0,12
14548R,tpm,360b,1.0,4,0.04,0.02,0.4,7.5,3
14548R,tpm,361b,1.0,4,0.04,0.02,0.4,7.5,6
14548R,tpm,362b,1.0,4,0.04,0.02,0.4,7.5,12
14548R,tpm,363b,1.0,4,0.04,0.02,0.4,15.0,3
14548R,tpm,364b,1.0,4,0.04,0.02,0.4,15.0,6
14548R,tpm,365b,1.0,4,0.04,0.02,0.4,15.0,12
14548R,tpm,366b,1.0,4,0.04,0.02,0.4,30.0,3
14548R,tpm,367b,1.0,4,0.04,0.02,0.4,30.0,6
14548R,tpm,368b,1.0,4,0.04,0.02,0.4,30.0,12
14548R,tpm,369b,1.0,4,0.04,0.02,0.8,7.5,3
14548R,tpm,370b,1.0,4,0.04,0.02,0.8,7.5,6
14548R,tpm,371b,1.0,4,0.04,0.02,0.8,7.5,12
14548R,tpm,372b,1.0,4,0.04,0.02,0.8,15.0,3
14548R,tpm,373b,1.0,4,0.04,0.02,0.8,15.0,6
14548R,tpm,374b,1.0,4,0.04,0.02,0.8,15.0,12
14548R,tpm,375b,1.0,4,0.04,0.02,0.8,30.0,3
14548R,tpm,376b,1.0,4,0.04,0.02,0.8,30.0,6
14548R,tpm,377b,1.0,4,0.04,0.02,0.8,30.0,12
14548R,tpm,378b,1.0,4,0.04,0.04,0.2,7.5,3
14548R,tpm,379b,1.0,4,0.04,0.04,0.2,7.5,6
14548R,tpm,380b,1.0,4,0.04,0.04,0.2,7.5,12
14548R,tpm,381b,1.0,4,0.04,0.04,0.2,15.0,3
14548R,tpm,382b,1.0,4,0.04,0.04,0.2,15.0,6
14548R,tpm,383b,1.0,4,0.04,0.04,0.2,15.0,12
14548R,tpm,384b,1.0,4,0.04,0.04,0.2,30.0,3
14548R,tpm,385b,1.0,4,0.04,0.04,0.2,30.0,6
14548R,tpm,386b,1.0,4,0.04,0.04,0.2,30.0,12
14548R,tpm,387b,1.0,4,0.04,0.04,0.4,7.5,3
14548R,tpm,388b,1.0,4,0.04,0.04,0.4,7.5,6
14548R,tpm,389b,1.0,4,0.04,0.04,0.4,7.5,12
14548R,tpm,390b,1.0,4,0.04,0.04,0.4,15.0,3
14548R,tpm,391b,1.0,4,0.04,0.04,0.4,15.0,6
14548R,tpm,392b,1.0,4,0.04,0.04,0.4,15.0,12
14548R,tpm,393b,1.0,4,0.04,0.04,0.4,30.0,3
14548R,tpm,394b,1.0,4,0.04,0.04,0.4,30.0,6
14548R,tpm,395b,1.0,4,0.04,0.04,0.4,30.0,12
14548R,tpm,396b,1.0,4,0.04,0.04,0.8,7.5,3
14548R,tpm,397b,1.0,4,0.04,0.04,0.8,7.5,6
14548R,tpm,398b,1.0,4,0.04,0.04,0.8,7.5,12
14548R,tpm,399b,1.0,4,0.04,0.04,0.8,15.0,3
14548R,tpm,400b,1.0,4,0.04,0.04,0.8,15.0,6
14548R,tpm,401b,1.0,4,0.04,0.04,0.8,15.0,12
14548R,tpm,402b,1.0,4,0.04,0.04,0.8,30.0,3
14548R,tpm,403b,1.0,4,0.04,0.04,0.8,30.0,6
14548R,tpm,404b,1.0,4,0.04,0.04,0.8,30.0,12
14548R,tpm,405b,1.0,4,0.08,0.01,0.2,7.5,3
14548R,tpm,406b,1.0,4,0.08,0.01,0.2,7.5,6
14548R,tpm,407b,1.0,4,0.08,0.01,0.2,7.5,12
14548R,tpm,408b,1.0,4,0.08,0.01,0.2,15.0,3
14548R,tpm,409b,1.0,4,0.08,0.01,0.2,15.0,6
14548R,tpm,410b,1.0,4,0.08,0.01,0.2,15.0,12
14548R,tpm,411b,1.0,4,0.08,0.01,0.2,30.0,3
14548R,tpm,412b,1.0,4,0.08,0.01,0.2,30.0,6
14548R,tpm,413b,1.0,4,0.08,0.01,0.2,30.0,12
14548R,tpm,414b,1.0,4,0.08,0.01,0.4,7.5,3
14548R,tpm,415b,1.0,4,0.08,0.01,0.4,7.5,6
14548R,tpm,416b,1.0,4,0.08,0.01,0.4,7.5,12
14548R,tpm,417b,1.0,4,0.08,0.01,0.4,15.0,3
14548R,tpm,418b,1.0,4,0.08,0.01,0.4,15.0,6
14548R,tpm,419b,1.0,4,0.08,0.01,0.4,15.0,12
14548R,tpm,420b,1.0,4,0.08,0.01,0.4,30.0,3
14548R,tpm,421b,1.0,4,0.08,0.01,0.4,30.0,6
14548R,tpm,422b,1.0,4,0.08,0.01,0.4,30.0,12
14548R,tpm,423b,1.0,4,0.08,0.01,0.8,7.5,3
14548R,tpm,424b,1.0,4,0.08,0.01,0.8,7.5,6
14548R,tpm,425b,1.0,4,0.08,0.01,0.8,7.5,12
14548R,tpm,426b,1.0,4,0.08,0.01,0.8,15.0,3
14548R,tpm,427b,1.0,4,0.08,0.01,0.8,15.0,6
14548R,tpm,428b,1.0,4,0.08,0.01,0.8,15.0,12
14548R,tpm,429b,1.0,4,0.08,0.01,0.8,30.0,3
14548R,tpm,430b,1.0,4,0.08,0.01,0.8,30.0,6
14548R,tpm,431b,1.0,4,0.08,0.01,0.8,30.0,12
14548R,tpm,432b,1.0,4,0.08,0.02,0.2,7.5,3
14548R,tpm,433b,1.0,4,0.08,0.02,0.2,7.5,6
14548R,tpm,434b,1.0,4,0.08,0.02,0.2,7.5,12
14548R,tpm,435b,1.0,4,0.08,0.02,0.2,15.0,3
14548R,tpm,436b,1.0,4,0.08,0.02,0.2,15.0,6
14548R,tpm,437b,1.0,4,0.08,0.02,0.2,15.0,12
14548R,tpm,438b,1.0,4,0.08,0.02,0.2,30.0,3
14548R,tpm,439b,1.0,4,0.08,0.02,0.2,30.0,6
14548R,tpm,440b,1.0,4,0.08,0.02,0.2,30.0,12
14548R,tpm,441b,1.0,4,0.08,0.02,0.4,7.5,3
14548R,tpm,442b,1.0,4,0.08,0.02,0.4,7.5,6
14548R,tpm,443b,1.0,4,0.08,0.02,0.4,7.5,12
14548R,tpm,444b,1.0,4,0.08,0.02,0.4,15.0,3
14548R,tpm,445b,1.0,4,0.08,0.02,0.4,15.0,6
14548R,tpm,446b,1.0,4,0.08,0.02,0.4,15.0,12
14548R,tpm,447b,1.0,4,0.08,0.02,0.4,30.0,3
14548R,tpm,448b,1.0,4,0.08,0.02,0.4,30.0,6
14548R,tpm,449b,1.0,4,0.08,0.02,0.4,30.0,12
14548R,tpm,450b,1.0,4,0.08,0.02,0.8,7.5,3
14548R,tpm,451b,1.0,4,0.08,0.02,0.8,7.5,6
14548R,tpm,452b,1.0,4,0.08,0.02,0.8,7.5,12
14548R,tpm,453b,1.0,4,0.08,0.02,0.8,15.0,3
14548R,tpm,454b,1.0,4,0.08,0.02,0.8,15.0,6
14548R,tpm,455b,1.0,4,0.08,0.02,0.8,15.0,12
14548R,tpm,456b,1.0,4,0.08,0.02,0.8,30.0,3
14548R,tpm,457b,1.0,4,0.08,0.02,0.8,30.0,6
14548R,tpm,458b,1.0,4,0.08,0.02,0.8,30.0,12
14548R,tpm,459b,1.0,4,0.08,0.04,0.2,7.5,3
14548R,tpm,460b,1.0,4,0.08,0.04,0.2,7.5,6
14548R,tpm,461b,1.0,4,0.08,0.04,0.2,7.5,12
14548R,tpm,462b,1.0,4,0.08,0.04,0.2,15.0,3
14548R,tpm,463b,1.0,4,0.08,0.04,0.2,15.0,6
14548R,tpm,464b,1.0,4,0.08,0.04,0.2,15.0,12
14548R,tpm,465b,1.0,4,0.08,0.04,0.2,30.0,3
14548R,tpm,466b,1.0,4,0.08,0.04,0.2,30.0,6
14548R,tpm,467b,1.0,4,0.08,0.04,0.2,30.0,12
14548R,tpm,468b,1.0,4,0.08,0.04,0.4,7.5,3
14548R,tpm,469b,1.0,4,0.08,0.04,0.4,7.5,6
14548R,tpm,470b,1.0,4,0.08,0.04,0.4,7.5,12
14548R,tpm,471b,1.0,4,0.08,0.04,0.4,15.0,3
14548R,tpm,472b,1.0,4,0.08,0.04,0.4,15.0,6
14548R,tpm,473b,1.0,4,0.08,0.04,0.4,15.0,12
14548R,tpm,474b,1.0,4,0.08,0.04,0.4,30.0,3
14548R,tpm,475b,1.0,4,0.08,0.04,0.4,30.0,6
14548R,tpm,476b,1.0,4,0.08,0.04,0.4,30.0,12
14548R,tpm,477b,1.0,4,0.08,0.04,0.8,7.5,3
14548R,tpm,478b,1.0,4,0.08,0.04,0.8,7.5,6
14548R,tpm,479b,1.0,4,0.08,0.04,0.8,7.5,12
14548R,tpm,480b,1.0,4,0.08,0.04,0.8,15.0,3
14548R,tpm,481b,1.0,4,0.08,0.04,0.8,15.0,6
14548R,tpm,482b,1.0,4,0.08,0.04,0.8,15.0,12
14548R,tpm,483b,1.0,4,0.08,0.04,0.8,30.0,3
14548R,tpm,484b,1.0,4,0.08,0.04,0.8,30.0,6
14548R,tpm,485b,1.0,4,0.08,0.04,0.8,30.0,12
14548R,tpm,486b,1.0,8,0.02,0.01,0.2,7.5,3
14548R,tpm,487b,1.0,8,0.02,0.01,0.2,7.5,6
14548R,tpm,488b,1.0,8,0.02,0.01,0.2,7.5,12
14548R,tpm,489b,1.0,8,0.02,0.01,0.2,15.0,3
14548R,tpm,490b,1.0,8,0.02,0.01,0.2,15.0,6
14548R,tpm,491b,1.0,8,0.02,0.01,0.2,15.0,12
14548R,tpm,492b,1.0,8,0.02,0.01,0.2,30.0,3
14548R,tpm,493b,1.0,8,0.02,0.01,0.2,30.0,6
14548R,tpm,494b,1.0,8,0.02,0.01,0.2,30.0,12
14548R,tpm,495b,1.0,8,0.02,0.01,0.4,7.5,3
14548R,tpm,496b,1.0,8,0.02,0.01,0.4,7.5,6
14548R,tpm,497b,1.0,8,0.02,0.01,0.4,7.5,12
14548R,tpm,498b,1.0,8,0.02,0.01,0.4,15.0,3
14548R,tpm,499b,1.0,8,0.02,0.01,0.4,15.0,6
14548R,tpm,500b,1.0,8,0.02,0.01,0.4,15.0,12
14548R,tpm,501b,1.0,8,0.02,0.01,0.4,30.0,3
14548R,tpm,502b,1.0,8,0.02,0.01,0.4,30.0,6
14548R,tpm,503b,1.0,8,0.02,0.01,0.4,30.0,12
14548R,tpm,504b,1.0,8,0.02,0.01,0.8,7.5,3
14548R,tpm,505b,1.0,8,0.02,0.01,0.8,7.5,6
14548R,tpm,506b,1.0,8,0.02,0.01,0.8,7.5,12
14548R,tpm,507b,1.0,8,0.02,0.01,0.8,15.0,3
14548R,tpm,508b,1.0,8,0.02,0.01,0.8,15.0,6
14548R,tpm,509b,1.0,8,0.02,0.01,0.8,15.0,12
14548R,tpm,510b,1.0,8,0.02,0.01,0.8,30.0,3
14548R,tpm,511b,1.0,8,0.02,0.01,0.8,30.0,6
14548R,tpm,512b,1.0,8,0.02,0.01,0.8,30.0,12
14548R,tpm,513b,1.0,8,0.02,0.02,0.2,7.5,3
14548R,tpm,514b,1.0,8,0.02,0.02,0.2,7.5,6
14548R,tpm,515b,1.0,8,0.02,0.02,0.2,7.5,12
14548R,tpm,516b,1.0,8,0.02,0.02,0.2,15.0,3
14548R,tpm,517b,1.0,8,0.02,0.02,0.2,15.0,6
14548R,tpm,518b,1.0,8,0.02,0.02,0.2,15.0,12
14548R,tpm,519b,1.0,8,0.02,0.02,0.2,30.0,3
14548R,tpm,520b,1.0,8,0.02,0.02,0.2,30.0,6
14548R,tpm,521b,1.0,8,0.02,0.02,0.2,30.0,12
14548R,tpm,522b,1.0,8,0.02,0.02,0.4,7.5,3
14548R,tpm,523b,1.0,8,0.02,0.02,0.4,7.5,6
14548R,tpm,524b,1.0,8,0.02,0.02,0.4,7.5,12
14548R,tpm,525b,1.0,8,0.02,0.02,0.4,15.0,3
14548R,tpm,526b,1.0,8,0.02,0.02,0.4,15.0,6
14548R,tpm,527b,1.0,8,0.02,0.02,0.4,15.0,12
14548R,tpm,528b,1.0,8,0.02,0.02,0.4,30.0,3
14548R,tpm,529b,1.0,8,0.02,0.02,0.4,30.0,6
14548R,tpm,530b,1.0,8,0.02,0.02,0.4,30.0,12
14548R,tpm,531b,1.0,8,0.02,0.02,0.8,7.5,3
14548R,tpm,532b,1.0,8,0.02,0.02,0.8,7.5,6
14548R,tpm,533b,1.0,8,0.02,0.02,0.8,7.5,12
14548R,tpm,534b,1.0,8,0.02,0.02,0.8,15.0,3
14548R,tpm,535b,1.0,8,0.02,0.02,0.8,15.0,6
14548R,tpm,536b,1.0,8,0.02,0.02,0.8,15.0,12
14548R,tpm,537b,1.0,8,0.02,0.02,0.8,30.0,3
14548R,tpm,538b,1.0,8,0.02,0.02,0.8,30.0,6
14548R,tpm,539b,1.0,8,0.02,0.02,0.8,30.0,12
14548R,tpm,540b,1.0,8,0.02,0.04,0.2,7.5,3
14548R,tpm,541b,1.0,8,0.02,0.04,0.2,7.5,6
14548R,tpm,542b,1.0,8,0.02,0.04,0.2,7.5,12
14548R,tpm,543b,1.0,8,0.02,0.04,0.2,15.0,3
14548R,tpm,544b,1.0,8,0.02,0.04,0.2,15.0,6
14548R,tpm,545b,1.0,8,0.02,0.04,0.2,15.0,12
14548R,tpm,546b,1.0,8,0.02,0.04,0.2,30.0,3
14548R,tpm,547b,1.0,8,0.02,0.04,0.2,30.0,6
14548R,tpm,548b,1.0,8,0.02,0.04,0.2,30.0,12
14548R,tpm,549b,1.0,8,0.02,0.04,0.4,7.5,3
14548R,tpm,550b,1.0,8,0.02,0.04,0.4,7.5,6
14548R,tpm,551b,1.0,8,0.02,0.04,0.4,7.5,12
14548R,tpm,552b,1.0,8,0.02,0.04,0.4,15.0,3
14548R,tpm,553b,1.0,8,0.02,0.04,0.4,15.0,6
14548R,tpm,554b,1.0,8,0.02,0.04,0.4,15.0,12
14548R,tpm,555b,1.0,8,0.02,0.04,0.4,30.0,3
14548R,tpm,556b,1.0,8,0.02,0.04,0.4,30.0,6
14548R,tpm,557b,1.0,8,0.02,0.04,0.4,30.0,12
14548R,tpm,558b,1.0,8,0.02,0.04,0.8,7.5,3
14548R,tpm,559b,1.0,8,0.02,0.04,0.8,7.5,6
14548R,tpm,560b,1.0,8,0.02,0.04,0.8,7.5,12
14548R,tpm,561b,1.0,8,0.02,0.04,0.8,15.0,3
14548R,tpm,562b,1.0,8,0.02,0.04,0.8,15.0,6
14548R,tpm,563b,1.0,8,0.02,0.04,0.8,15.0,12
14548R,tpm,564b,1.0,8,0.02,0.04,0.8,30.0,3
14548R,tpm,565b,1.0,8,0.02,0.04,0.8,30.0,6
14548R,tpm,566b,1.0,8,0.02,0.04,0.8,30.0,12
14548R,tpm,567b,1.0,8,0.04,0.01,0.2,7.5,3
14548R,tpm,568b,1.0,8,0.04,0.01,0.2,7.5,6
14548R,tpm,569b,1.0,8,0.04,0.01,0.2,7.5,12
14548R,tpm,570b,1.0,8,0.04,0.01,0.2,15.0,3
14548R,tpm,571b,1.0,8,0.04,0.01,0.2,15.0,6
14548R,tpm,572b,1.0,8,0.04,0.01,0.2,15.0,12
14548R,tpm,573b,1.0,8,0.04,0.01,0.2,30.0,3
14548R,tpm,574b,1.0,8,0.04,0.01,0.2,30.0,6
14548R,tpm,575b,1.0,8,0.04,0.01,0.2,30.0,12
14548R,tpm,576b,1.0,8,0.04,0.01,0.4,7.5,3
14548R,tpm,577b,1.0,8,0.04,0.01,0.4,7.5,6
14548R,tpm,578b,1.0,8,0.04,0.01,0.4,7.5,12
14548R,tpm,579b,1.0,8,0.04,0.01,0.4,15.0,3
14548R,tpm,580b,1.0,8,0.04,0.01,0.4,15.0,6
14548R,tpm,581b,1.0,8,0.04,0.01,0.4,15.0,12
14548R,tpm,582b,1.0,8,0.04,0.01,0.4,30.0,3
14548R,tpm,583b,1.0,8,0.04,0.01,0.4,30.0,6
14548R,tpm,584b,1.0,8,0.04,0.01,0.4,30.0,12
14548R,tpm,585b,1.0,8,0.04,0.01,0.8,7.5,3
14548R,tpm,586b,1.0,8,0.04,0.01,0.8,7.5,6
14548R,tpm,587b,1.0,8,0.04,0.01,0.8,7.5,12
14548R,tpm,588b,1.0,8,0.04,0.01,0.8,15.0,3
14548R,tpm,589b,1.0,8,0.04,0.01,0.8,15.0,6
14548R,tpm,590b,1.0,8,0.04,0.01,0.8,15.0,12
14548R,tpm,591b,1.0,8,0.04,0.01,0.8,30.0,3
14548R,tpm,592b,1.0,8,0.04,0.01,0.8,30.0,6
14548R,tpm,593b,1.0,8,0.04,0.01,0.8,30.0,12
14548R,tpm,594b,1.0,8,0.04,0.02,0.2,7.5,3
14548R,tpm,595b,1.0,8,0.04,0.02,0.2,7.5,6
14548R,tpm,596b,1.0,8,0.04,0.02,0.2,7.5,12
14548R,tpm,597b,1.0,8,0.04,0.02,0.2,15.0,3
14548R,tpm,598b,1.0,8,0.04,0.02,0.2,15.0,6
14548R,tpm,599b,1.0,8,0.04,0.02,0.2,15.0,12
14548R,tpm,600b,1.0,8,0.04,0.02,0.2,30.0,3
14548R,tpm,601b,1.0,8,0.04,0.02,0.2,30.0,6
14548R,tpm,602b,1.0,8,0.04,0.02,0.2,30.0,12
14548R,tpm,603b,1.0,8,0.04,0.02,0.4,7.5,3
14548R,tpm,604b,1.0,8,0.04,0.02,0.4,7.5,6
14548R,tpm,605b,1.0,8,0.04,0.02,0.4,7.5,12
14548R,tpm,606b,1.0,8,0.04,0.02,0.4,15.0,3
14548R,tpm,607b,1.0,8,0.04,0.02,0.4,15.0,6
14548R,tpm,608b,1.0,8,0.04,0.02,0.4,15.0,12
14548R,tpm,609b,1.0,8,0.04,0.02,0.4,30.0,3
14548R,tpm,610b,1.0,8,0.04,0.02,0.4,30.0,6
14548R,tpm,611b,1.0,8,0.04,0.02,0.4,30.0,12
14548R,tpm,612b,1.0,8,0.04,0.02,0.8,7.5,3
14548R,tpm,613b,1.0,8,0.04,0.02,0.8,7.5,6
14548R,tpm,614b,1.0,8,0.04,0.02,0.8,7.5,12
14548R,tpm,615b,1.0,8,0.04,0.02,0.8,15.0,3
14548R,tpm,616b,1.0,8,0.04,0.02,0.8,15.0,6
14548R,tpm,617b,1.0,8,0.04,0.02,0.8,15.0,12
14548R,tpm,618b,1.0,8,0.04,0.02,0.8,30.0,3
14548R,tpm,619b,1.0,8,0.04,0.02,0.8,30.0,6
14548R,tpm,620b,1.0,8,0.04,0.02,0.8,30.0,12
14548R,tpm,621b,1.0,8,0.04,0.04,0.2,7.5,3
14548R,tpm,622b,1.0,8,0.04,0.04,0.2,7.5,6
14548R,tpm,623b,1.0,8,0.04,0.04,0.2,7.5,12
14548R,tpm,624b,1.0,8,0.04,0.04,0.2,15.0,3
14548R,tpm,625b,1.0,8,0.04,0.04,0.2,15.0,6
14548R,tpm,626b,1.0,8,0.04,0.04,0.2,15.0,12
14548R,tpm,627b,1.0,8,0.04,0.04,0.2,30.0,3
14548R,tpm,628b,1.0,8,0.04,0.04,0.2,30.0,6
14548R,tpm,629b,1.0,8,0.04,0.04,0.2,30.0,12
14548R,tpm,630b,1.0,8,0.04,0.04,0.4,7.5,3
14548R,tpm,631b,1.0,8,0.04,0.04,0.4,7.5,6
14548R,tpm,632b,1.0,8,0.04,0.04,0.4,7.5,12
14548R,tpm,633b,1.0,8,0.04,0.04,0.4,15.0,3
14548R,tpm,634b,1.0,8,0.04,0.04,0.4,15.0,6
14548R,tpm,635b,1.0,8,0.04,0.04,0.4,15.0,12
14548R,tpm,636b,1.0,8,0.04,0.04,0.4,30.0,3
14548R,tpm,637b,1.0,8,0.04,0.04,0.4,30.0,6
14548R,tpm,638b,1.0,8,0.04,0.04,0.4,30.0,12
14548R,tpm,639b,1.0,8,0.04,0.04,0.8,7.5,3
14548R,tpm,640b,1.0,8,0.04,0.04,0.8,7.5,6
14548R,tpm,641b,1.0,8,0.04,0.04,0.8,7.5,12
14548R,tpm,642b,1.0,8,0.04,0.04,0.8,15.0,3
14548R,tpm,643b,1.0,8,0.04,0.04,0.8,15.0,6
14548R,tpm,644b,1.0,8,0.04,0.04,0.8,15.0,12
14548R,tpm,645b,1.0,8,0.04,0.04,0.8,30.0,3
14548R,tpm,646b,1.0,8,0.04,0.04,0.8,30.0,6
14548R,tpm,647b,1.0,8,0.04,0.04,0.8,30.0,12
14548R,tpm,648b,1.0,8,0.08,0.01,0.2,7.5,3
14548R,tpm,649b,1.0,8,0.08,0.01,0.2,7.5,6
14548R,tpm,650b,1.0,8,0.08,0.01,0.2,7.5,12
14548R,tpm,651b,1.0,8,0.08,0.01,0.2,15.0,3
14548R,tpm,652b,1.0,8,0.08,0.01,0.2,15.0,6
14548R,tpm,653b,1.0,8,0.08,0.01,0.2,15.0,12
14548R,tpm,654b,1.0,8,0.08,0.01,0.2,30.0,3
14548R,tpm,655b,1.0,8,0.08,0.01,0.2,30.0,6
14548R,tpm,656b,1.0,8,0.08,0.01,0.2,30.0,12
14548R,tpm,657b,1.0,8,0.08,0.01,0.4,7.5,3
14548R,tpm,658b,1.0,8,0.08,0.01,0.4,7.5,6
14548R,tpm,659b,1.0,8,0.08,0.01,0.4,7.5,12
14548R,tpm,660b,1.0,8,0.08,0.01,0.4,15.0,3
14548R,tpm,661b,1.0,8,0.08,0.01,0.4,15.0,6
14548R,tpm,662b,1.0,8,0.08,0.01,0.4,15.0,12
14548R,tpm,663b,1.0,8,0.08,0.01,0.4,30.0,3
14548R,tpm,664b,1.0,8,0.08,0.01,0.4,30.0,6
14548R,tpm,665b,1.0,8,0.08,0.01,0.4,30.0,12
14548R,tpm,666b,1.0,8,0.08,0.01,0.8,7.5,3
14548R,tpm,667b,1.0,8,0.08,0.01,0.8,7.5,6
14548R,tpm,668b,1.0,8,0.08,0.01,0.8,7.5,12
14548R,tpm,669b,1.0,8,0.08,0.01,0.8,15.0,3
14548R,tpm,670b,1.0,8,0.08,0.01,0.8,15.0,6
14548R,tpm,671b,1.0,8,0.08,0.01,0.8,15.0,12
14548R,tpm,672b,1.0,8,0.08,0.01,0.8,30.0,3
14548R,tpm,673b,1.0,8,0.08,0.01,0.8,30.0,6
14548R,tpm,674b,1.0,8,0.08,0.01,0.8,30.0,12
14548R,tpm,675b,1.0,8,0.08,0.02,0.2,7.5,3
14548R,tpm,676b,1.0,8,0.08,0.02,0.2,7.5,6
14548R,tpm,677b,1.0,8,0.08,0.02,0.2,7.5,12
14548R,tpm,678b,1.0,8,0.08,0.02,0.2,15.0,3
14548R,tpm,679b,1.0,8,0.08,0.02,0.2,15.0,6
14548R,tpm,680b,1.0,8,0.08,0.02,0.2,15.0,12
14548R,tpm,681b,1.0,8,0.08,0.02,0.2,30.0,3
14548R,tpm,682b,1.0,8,0.08,0.02,0.2,30.0,6
14548R,tpm,683b,1.0,8,0.08,0.02,0.2,30.0,12
14548R,tpm,684b,1.0,8,0.08,0.02,0.4,7.5,3
14548R,tpm,685b,1.0,8,0.08,0.02,0.4,7.5,6
14548R,tpm,686b,1.0,8,0.08,0.02,0.4,7.5,12
14548R,tpm,687b,1.0,8,0.08,0.02,0.4,15.0,3
14548R,tpm,688b,1.0,8,0.08,0.02,0.4,15.0,6
14548R,tpm,689b,1.0,8,0.08,0.02,0.4,15.0,12
14548R,tpm,690b,1.0,8,0.08,0.02,0.4,30.0,3
14548R,tpm,691b,1.0,8,0.08,0.02,0.4,30.0,6
14548R,tpm,692b,1.0,8,0.08,0.02,0.4,30.0,12
14548R,tpm,693b,1.0,8,0.08,0.02,0.8,7.5,3
14548R,tpm,694b,1.0,8,0.08,0.02,0.8,7.5,6
14548R,tpm,695b,1.0,8,0.08,0.02,0.8,7.5,12
14548R,tpm,696b,1.0,8,0.08,0.02,0.8,15.0,3
14548R,tpm,697b,1.0,8,0.08,0.02,0.8,15.0,6
14548R,tpm,698b,1.0,8,0.08,0.02,0.8,15.0,12
14548R,tpm,699b,1.0,8,0.08,0.02,0.8,30.0,3
14548R,tpm,700b,1.0,8,0.08,0.02,0.8,30.0,6
14548R,tpm,701b,1.0,8,0.08,0.02,0.8,30.0,12
14548R,tpm,702b,1.0,8,0.08,0.04,0.2,7.5,3
14548R,tpm,703b,1.0,8,0.08,0.04,0.2,7.5,6
14548R,tpm,704b,1.0,8,0.08,0.04,0.2,7.5,12
14548R,tpm,705b,1.0,8,0.08,0.04,0.2,15.0,3
14548R,tpm,706b,1.0,8,0.08,0.04,0.2,15.0,6
14548R,tpm,707b,1.0,8,0.08,0.04,0.2,15.0,12
14548R,tpm,708b,1.0,8,0.08,0.04,0.2,30.0,3
14548R,tpm,709b,1.0,8,0.08,0.04,0.2,30.0,6
14548R,tpm,710b,1.0,8,0.08,0.04,0.2,30.0,12
14548R,tpm,711b,1.0,8,0.08,0.04,0.4,7.5,3
14548R,tpm,712b,1.0,8,0.08,0.04,0.4,7.5,6
14548R,tpm,713b,1.0,8,0.08,0.04,0.4,7.5,12
14548R,tpm,714b,1.0,8,0.08,0.04,0.4,15.0,3
14548R,tpm,715b,1.0,8,0.08,0.04,0.4,15.0,6
14548R,tpm,716b,1.0,8,0.08,0.04,0.4,15.0,12
14548R,tpm,717b,1.0,8,0.08,0.04,0.4,30.0,3
14548R,tpm,718b,1.0,8,0.08,0.04,0.4,30.0,6
14548R,tpm,719b,1.0,8,0.08,0.04,0.4,30.0,12
14548R,tpm,720b,1.0,8,0.08,0.04,0.8,7.5,3
14548R,tpm,721b,1.0,8,0.08,0.04,0.8,7.5,6
14548R,tpm,722b,1.0,8,0.08,0.04,0.8,7.5,12
14548R,tpm,723b,1.0,8,0.08,0.04,0.8,15.0,3
14548R,tpm,724b,1.0,8,0.08,0.04,0.8,15.0,6
14548R,tpm,725b,1.0,8,0.08,0.04,0.8,15.0,12
14548R,tpm,726b,1.0,8,0.08,0.04,0.8,30.0,3
14548R,tpm,727b,1.0,8,0.08,0.04,0.8,30.0,6
14548R,tpm,728b,1.0,8,0.08,0.04,0.8,30.0,12
14548R,tpm,0c,2.0,2,0.02,0.01,0.2,7.5,3
14548R,tpm,1c,2.0,2,0.02,0.01,0.2,7.5,6
14548R,tpm,2c,2.0,2,0.02,0.01,0.2,7.5,12
14548R,tpm,3c,2.0,2,0.02,0.01,0.2,15.0,3
14548R,tpm,4c,2.0,2,0.02,0.01,0.2,15.0,6
14548R,tpm,5c,2.0,2,0.02,0.01,0.2,15.0,12
14548R,tpm,6c,2.0,2,0.02,0.01,0.2,30.0,3
14548R,tpm,7c,2.0,2,0.02,0.01,0.2,30.0,6
14548R,tpm,8c,2.0,2,0.02,0.01,0.2,30.0,12
14548R,tpm,9c,2.0,2,0.02,0.01,0.4,7.5,3
14548R,tpm,10c,2.0,2,0.02,0.01,0.4,7.5,6
14548R,tpm,11c,2.0,2,0.02,0.01,0.4,7.5,12
14548R,tpm,12c,2.0,2,0.02,0.01,0.4,15.0,3
14548R,tpm,13c,2.0,2,0.02,0.01,0.4,15.0,6
14548R,tpm,14c,2.0,2,0.02,0.01,0.4,15.0,12
14548R,tpm,15c,2.0,2,0.02,0.01,0.4,30.0,3
14548R,tpm,16c,2.0,2,0.02,0.01,0.4,30.0,6
14548R,tpm,17c,2.0,2,0.02,0.01,0.4,30.0,12
14548R,tpm,18c,2.0,2,0.02,0.01,0.8,7.5,3
14548R,tpm,19c,2.0,2,0.02,0.01,0.8,7.5,6
14548R,tpm,20c,2.0,2,0.02,0.01,0.8,7.5,12
14548R,tpm,21c,2.0,2,0.02,0.01,0.8,15.0,3
14548R,tpm,22c,2.0,2,0.02,0.01,0.8,15.0,6
14548R,tpm,23c,2.0,2,0.02,0.01,0.8,15.0,12
14548R,tpm,24c,2.0,2,0.02,0.01,0.8,30.0,3
14548R,tpm,25c,2.0,2,0.02,0.01,0.8,30.0,6
14548R,tpm,26c,2.0,2,0.02,0.01,0.8,30.0,12
14548R,tpm,27c,2.0,2,0.02,0.02,0.2,7.5,3
14548R,tpm,28c,2.0,2,0.02,0.02,0.2,7.5,6
14548R,tpm,29c,2.0,2,0.02,0.02,0.2,7.5,12
14548R,tpm,30c,2.0,2,0.02,0.02,0.2,15.0,3
14548R,tpm,31c,2.0,2,0.02,0.02,0.2,15.0,6
14548R,tpm,32c,2.0,2,0.02,0.02,0.2,15.0,12
14548R,tpm,33c,2.0,2,0.02,0.02,0.2,30.0,3
14548R,tpm,34c,2.0,2,0.02,0.02,0.2,30.0,6
14548R,tpm,35c,2.0,2,0.02,0.02,0.2,30.0,12
14548R,tpm,36c,2.0,2,0.02,0.02,0.4,7.5,3
14548R,tpm,37c,2.0,2,0.02,0.02,0.4,7.5,6
14548R,tpm,38c,2.0,2,0.02,0.02,0.4,7.5,12
14548R,tpm,39c,2.0,2,0.02,0.02,0.4,15.0,3
14548R,tpm,40c,2.0,2,0.02,0.02,0.4,15.0,6
14548R,tpm,41c,2.0,2,0.02,0.02,0.4,15.0,12
14548R,tpm,42c,2.0,2,0.02,0.02,0.4,30.0,3
14548R,tpm,43c,2.0,2,0.02,0.02,0.4,30.0,6
14548R,tpm,44c,2.0,2,0.02,0.02,0.4,30.0,12
14548R,tpm,45c,2.0,2,0.02,0.02,0.8,7.5,3
14548R,tpm,46c,2.0,2,0.02,0.02,0.8,7.5,6
14548R,tpm,47c,2.0,2,0.02,0.02,0.8,7.5,12
14548R,tpm,48c,2.0,2,0.02,0.02,0.8,15.0,3
14548R,tpm,49c,2.0,2,0.02,0.02,0.8,15.0,6
14548R,tpm,50c,2.0,2,0.02,0.02,0.8,15.0,12
14548R,tpm,51c,2.0,2,0.02,0.02,0.8,30.0,3
14548R,tpm,52c,2.0,2,0.02,0.02,0.8,30.0,6
14548R,tpm,53c,2.0,2,0.02,0.02,0.8,30.0,12
14548R,tpm,54c,2.0,2,0.02,0.04,0.2,7.5,3
14548R,tpm,55c,2.0,2,0.02,0.04,0.2,7.5,6
14548R,tpm,56c,2.0,2,0.02,0.04,0.2,7.5,12
14548R,tpm,57c,2.0,2,0.02,0.04,0.2,15.0,3
14548R,tpm,58c,2.0,2,0.02,0.04,0.2,15.0,6
14548R,tpm,59c,2.0,2,0.02,0.04,0.2,15.0,12
14548R,tpm,60c,2.0,2,0.02,0.04,0.2,30.0,3
14548R,tpm,61c,2.0,2,0.02,0.04,0.2,30.0,6
14548R,tpm,62c,2.0,2,0.02,0.04,0.2,30.0,12
14548R,tpm,63c,2.0,2,0.02,0.04,0.4,7.5,3
14548R,tpm,64c,2.0,2,0.02,0.04,0.4,7.5,6
14548R,tpm,65c,2.0,2,0.02,0.04,0.4,7.5,12
14548R,tpm,66c,2.0,2,0.02,0.04,0.4,15.0,3
14548R,tpm,67c,2.0,2,0.02,0.04,0.4,15.0,6
14548R,tpm,68c,2.0,2,0.02,0.04,0.4,15.0,12
14548R,tpm,69c,2.0,2,0.02,0.04,0.4,30.0,3
14548R,tpm,70c,2.0,2,0.02,0.04,0.4,30.0,6
14548R,tpm,71c,2.0,2,0.02,0.04,0.4,30.0,12
14548R,tpm,72c,2.0,2,0.02,0.04,0.8,7.5,3
14548R,tpm,73c,2.0,2,0.02,0.04,0.8,7.5,6
14548R,tpm,74c,2.0,2,0.02,0.04,0.8,7.5,12
14548R,tpm,75c,2.0,2,0.02,0.04,0.8,15.0,3
14548R,tpm,76c,2.0,2,0.02,0.04,0.8,15.0,6
14548R,tpm,77c,2.0,2,0.02,0.04,0.8,15.0,12
14548R,tpm,78c,2.0,2,0.02,0.04,0.8,30.0,3
14548R,tpm,79c,2.0,2,0.02,0.04,0.8,30.0,6
14548R,tpm,80c,2.0,2,0.02,0.04,0.8,30.0,12
14548R,tpm,81c,2.0,2,0.04,0.01,0.2,7.5,3
14548R,tpm,82c,2.0,2,0.04,0.01,0.2,7.5,6
14548R,tpm,83c,2.0,2,0.04,0.01,0.2,7.5,12
14548R,tpm,84c,2.0,2,0.04,0.01,0.2,15.0,3
14548R,tpm,85c,2.0,2,0.04,0.01,0.2,15.0,6
14548R,tpm,86c,2.0,2,0.04,0.01,0.2,15.0,12
14548R,tpm,87c,2.0,2,0.04,0.01,0.2,30.0,3
14548R,tpm,88c,2.0,2,0.04,0.01,0.2,30.0,6
14548R,tpm,89c,2.0,2,0.04,0.01,0.2,30.0,12
14548R,tpm,90c,2.0,2,0.04,0.01,0.4,7.5,3
14548R,tpm,91c,2.0,2,0.04,0.01,0.4,7.5,6
14548R,tpm,92c,2.0,2,0.04,0.01,0.4,7.5,12
14548R,tpm,93c,2.0,2,0.04,0.01,0.4,15.0,3
14548R,tpm,94c,2.0,2,0.04,0.01,0.4,15.0,6
14548R,tpm,95c,2.0,2,0.04,0.01,0.4,15.0,12
14548R,tpm,96c,2.0,2,0.04,0.01,0.4,30.0,3
14548R,tpm,97c,2.0,2,0.04,0.01,0.4,30.0,6
14548R,tpm,98c,2.0,2,0.04,0.01,0.4,30.0,12
14548R,tpm,99c,2.0,2,0.04,0.01,0.8,7.5,3
14548R,tpm,100c,2.0,2,0.04,0.01,0.8,7.5,6
14548R,tpm,101c,2.0,2,0.04,0.01,0.8,7.5,12
14548R,tpm,102c,2.0,2,0.04,0.01,0.8,15.0,3
14548R,tpm,103c,2.0,2,0.04,0.01,0.8,15.0,6
14548R,tpm,104c,2.0,2,0.04,0.01,0.8,15.0,12
14548R,tpm,105c,2.0,2,0.04,0.01,0.8,30.0,3
14548R,tpm,106c,2.0,2,0.04,0.01,0.8,30.0,6
14548R,tpm,107c,2.0,2,0.04,0.01,0.8,30.0,12
14548R,tpm,108c,2.0,2,0.04,0.02,0.2,7.5,3
14548R,tpm,109c,2.0,2,0.04,0.02,0.2,7.5,6
14548R,tpm,110c,2.0,2,0.04,0.02,0.2,7.5,12
14548R,tpm,111c,2.0,2,0.04,0.02,0.2,15.0,3
14548R,tpm,112c,2.0,2,0.04,0.02,0.2,15.0,6
14548R,tpm,113c,2.0,2,0.04,0.02,0.2,15.0,12
14548R,tpm,114c,2.0,2,0.04,0.02,0.2,30.0,3
14548R,tpm,115c,2.0,2,0.04,0.02,0.2,30.0,6
14548R,tpm,116c,2.0,2,0.04,0.02,0.2,30.0,12
14548R,tpm,117c,2.0,2,0.04,0.02,0.4,7.5,3
14548R,tpm,118c,2.0,2,0.04,0.02,0.4,7.5,6
14548R,tpm,119c,2.0,2,0.04,0.02,0.4,7.5,12
14548R,tpm,120c,2.0,2,0.04,0.02,0.4,15.0,3
14548R,tpm,121c,2.0,2,0.04,0.02,0.4,15.0,6
14548R,tpm,122c,2.0,2,0.04,0.02,0.4,15.0,12
14548R,tpm,123c,2.0,2,0.04,0.02,0.4,30.0,3
14548R,tpm,124c,2.0,2,0.04,0.02,0.4,30.0,6
14548R,tpm,125c,2.0,2,0.04,0.02,0.4,30.0,12
14548R,tpm,126c,2.0,2,0.04,0.02,0.8,7.5,3
14548R,tpm,127c,2.0,2,0.04,0.02,0.8,7.5,6
14548R,tpm,128c,2.0,2,0.04,0.02,0.8,7.5,12
14548R,tpm,129c,2.0,2,0.04,0.02,0.8,15.0,3
14548R,tpm,130c,2.0,2,0.04,0.02,0.8,15.0,6
14548R,tpm,131c,2.0,2,0.04,0.02,0.8,15.0,12
14548R,tpm,132c,2.0,2,0.04,0.02,0.8,30.0,3
14548R,tpm,133c,2.0,2,0.04,0.02,0.8,30.0,6
14548R,tpm,134c,2.0,2,0.04,0.02,0.8,30.0,12
14548R,tpm,135c,2.0,2,0.04,0.04,0.2,7.5,3
14548R,tpm,136c,2.0,2,0.04,0.04,0.2,7.5,6
14548R,tpm,137c,2.0,2,0.04,0.04,0.2,7.5,12
14548R,tpm,138c,2.0,2,0.04,0.04,0.2,15.0,3
14548R,tpm,139c,2.0,2,0.04,0.04,0.2,15.0,6
14548R,tpm,140c,2.0,2,0.04,0.04,0.2,15.0,12
14548R,tpm,141c,2.0,2,0.04,0.04,0.2,30.0,3
14548R,tpm,142c,2.0,2,0.04,0.04,0.2,30.0,6
14548R,tpm,143c,2.0,2,0.04,0.04,0.2,30.0,12
14548R,tpm,144c,2.0,2,0.04,0.04,0.4,7.5,3
14548R,tpm,145c,2.0,2,0.04,0.04,0.4,7.5,6
14548R,tpm,146c,2.0,2,0.04,0.04,0.4,7.5,12
14548R,tpm,147c,2.0,2,0.04,0.04,0.4,15.0,3
14548R,tpm,148c,2.0,2,0.04,0.04,0.4,15.0,6
14548R,tpm,149c,2.0,2,0.04,0.04,0.4,15.0,12
14548R,tpm,150c,2.0,2,0.04,0.04,0.4,30.0,3
14548R,tpm,151c,2.0,2,0.04,0.04,0.4,30.0,6
14548R,tpm,152c,2.0,2,0.04,0.04,0.4,30.0,12
14548R,tpm,153c,2.0,2,0.04,0.04,0.8,7.5,3
14548R,tpm,154c,2.0,2,0.04,0.04,0.8,7.5,6
14548R,tpm,155c,2.0,2,0.04,0.04,0.8,7.5,12
14548R,tpm,156c,2.0,2,0.04,0.04,0.8,15.0,3
14548R,tpm,157c,2.0,2,0.04,0.04,0.8,15.0,6
14548R,tpm,158c,2.0,2,0.04,0.04,0.8,15.0,12
14548R,tpm,159c,2.0,2,0.04,0.04,0.8,30.0,3
14548R,tpm,160c,2.0,2,0.04,0.04,0.8,30.0,6
14548R,tpm,161c,2.0,2,0.04,0.04,0.8,30.0,12
14548R,tpm,162c,2.0,2,0.08,0.01,0.2,7.5,3
14548R,tpm,163c,2.0,2,0.08,0.01,0.2,7.5,6
14548R,tpm,164c,2.0,2,0.08,0.01,0.2,7.5,12
14548R,tpm,165c,2.0,2,0.08,0.01,0.2,15.0,3
14548R,tpm,166c,2.0,2,0.08,0.01,0.2,15.0,6
14548R,tpm,167c,2.0,2,0.08,0.01,0.2,15.0,12
14548R,tpm,168c,2.0,2,0.08,0.01,0.2,30.0,3
14548R,tpm,169c,2.0,2,0.08,0.01,0.2,30.0,6
14548R,tpm,170c,2.0,2,0.08,0.01,0.2,30.0,12
14548R,tpm,171c,2.0,2,0.08,0.01,0.4,7.5,3
14548R,tpm,172c,2.0,2,0.08,0.01,0.4,7.5,6
14548R,tpm,173c,2.0,2,0.08,0.01,0.4,7.5,12
14548R,tpm,174c,2.0,2,0.08,0.01,0.4,15.0,3
14548R,tpm,175c,2.0,2,0.08,0.01,0.4,15.0,6
14548R,tpm,176c,2.0,2,0.08,0.01,0.4,15.0,12
14548R,tpm,177c,2.0,2,0.08,0.01,0.4,30.0,3
14548R,tpm,178c,2.0,2,0.08,0.01,0.4,30.0,6
14548R,tpm,179c,2.0,2,0.08,0.01,0.4,30.0,12
14548R,tpm,180c,2.0,2,0.08,0.01,0.8,7.5,3
14548R,tpm,181c,2.0,2,0.08,0.01,0.8,7.5,6
14548R,tpm,182c,2.0,2,0.08,0.01,0.8,7.5,12
14548R,tpm,183c,2.0,2,0.08,0.01,0.8,15.0,3
14548R,tpm,184c,2.0,2,0.08,0.01,0.8,15.0,6
14548R,tpm,185c,2.0,2,0.08,0.01,0.8,15.0,12
14548R,tpm,186c,2.0,2,0.08,0.01,0.8,30.0,3
14548R,tpm,187c,2.0,2,0.08,0.01,0.8,30.0,6
14548R,tpm,188c,2.0,2,0.08,0.01,0.8,30.0,12
14548R,tpm,189c,2.0,2,0.08,0.02,0.2,7.5,3
14548R,tpm,190c,2.0,2,0.08,0.02,0.2,7.5,6
14548R,tpm,191c,2.0,2,0.08,0.02,0.2,7.5,12
14548R,tpm,192c,2.0,2,0.08,0.02,0.2,15.0,3
14548R,tpm,193c,2.0,2,0.08,0.02,0.2,15.0,6
14548R,tpm,194c,2.0,2,0.08,0.02,0.2,15.0,12
14548R,tpm,195c,2.0,2,0.08,0.02,0.2,30.0,3
14548R,tpm,196c,2.0,2,0.08,0.02,0.2,30.0,6
14548R,tpm,197c,2.0,2,0.08,0.02,0.2,30.0,12
14548R,tpm,198c,2.0,2,0.08,0.02,0.4,7.5,3
14548R,tpm,199c,2.0,2,0.08,0.02,0.4,7.5,6
14548R,tpm,200c,2.0,2,0.08,0.02,0.4,7.5,12
14548R,tpm,201c,2.0,2,0.08,0.02,0.4,15.0,3
14548R,tpm,202c,2.0,2,0.08,0.02,0.4,15.0,6
14548R,tpm,203c,2.0,2,0.08,0.02,0.4,15.0,12
14548R,tpm,204c,2.0,2,0.08,0.02,0.4,30.0,3
14548R,tpm,205c,2.0,2,0.08,0.02,0.4,30.0,6
14548R,tpm,206c,2.0,2,0.08,0.02,0.4,30.0,12
14548R,tpm,207c,2.0,2,0.08,0.02,0.8,7.5,3
14548R,tpm,208c,2.0,2,0.08,0.02,0.8,7.5,6
14548R,tpm,209c,2.0,2,0.08,0.02,0.8,7.5,12
14548R,tpm,210c,2.0,2,0.08,0.02,0.8,15.0,3
14548R,tpm,211c,2.0,2,0.08,0.02,0.8,15.0,6
14548R,tpm,212c,2.0,2,0.08,0.02,0.8,15.0,12
14548R,tpm,213c,2.0,2,0.08,0.02,0.8,30.0,3
14548R,tpm,214c,2.0,2,0.08,0.02,0.8,30.0,6
14548R,tpm,215c,2.0,2,0.08,0.02,0.8,30.0,12
14548R,tpm,216c,2.0,2,0.08,0.04,0.2,7.5,3
14548R,tpm,217c,2.0,2,0.08,0.04,0.2,7.5,6
14548R,tpm,218c,2.0,2,0.08,0.04,0.2,7.5,12
14548R,tpm,219c,2.0,2,0.08,0.04,0.2,15.0,3
14548R,tpm,220c,2.0,2,0.08,0.04,0.2,15.0,6
14548R,tpm,221c,2.0,2,0.08,0.04,0.2,15.0,12
14548R,tpm,222c,2.0,2,0.08,0.04,0.2,30.0,3
14548R,tpm,223c,2.0,2,0.08,0.04,0.2,30.0,6
14548R,tpm,224c,2.0,2,0.08,0.04,0.2,30.0,12
14548R,tpm,225c,2.0,2,0.08,0.04,0.4,7.5,3
14548R,tpm,226c,2.0,2,0.08,0.04,0.4,7.5,6
14548R,tpm,227c,2.0,2,0.08,0.04,0.4,7.5,12
14548R,tpm,228c,2.0,2,0.08,0.04,0.4,15.0,3
14548R,tpm,229c,2.0,2,0.08,0.04,0.4,15.0,6
14548R,tpm,230c,2.0,2,0.08,0.04,0.4,15.0,12
14548R,tpm,231c,2.0,2,0.08,0.04,0.4,30.0,3
14548R,tpm,232c,2.0,2,0.08,0.04,0.4,30.0,6
14548R,tpm,233c,2.0,2,0.08,0.04,0.4,30.0,12
14548R,tpm,234c,2.0,2,0.08,0.04,0.8,7.5,3
14548R,tpm,235c,2.0,2,0.08,0.04,0.8,7.5,6
14548R,tpm,236c,2.0,2,0.08,0.04,0.8,7.5,12
14548R,tpm,237c,2.0,2,0.08,0.04,0.8,15.0,3
14548R,tpm,238c,2.0,2,0.08,0.04,0.8,15.0,6
14548R,tpm,239c,2.0,2,0.08,0.04,0.8,15.0,12
14548R,tpm,240c,2.0,2,0.08,0.04,0.8,30.0,3
14548R,tpm,241c,2.0,2,0.08,0.04,0.8,30.0,6
14548R,tpm,242c,2.0,2,0.08,0.04,0.8,30.0,12
14548R,tpm,243c,2.0,4,0.02,0.01,0.2,7.5,3
14548R,tpm,244c,2.0,4,0.02,0.01,0.2,7.5,6
14548R,tpm,245c,2.0,4,0.02,0.01,0.2,7.5,12
14548R,tpm,246c,2.0,4,0.02,0.01,0.2,15.0,3
14548R,tpm,247c,2.0,4,0.02,0.01,0.2,15.0,6
14548R,tpm,248c,2.0,4,0.02,0.01,0.2,15.0,12
14548R,tpm,249c,2.0,4,0.02,0.01,0.2,30.0,3
14548R,tpm,250c,2.0,4,0.02,0.01,0.2,30.0,6
14548R,tpm,251c,2.0,4,0.02,0.01,0.2,30.0,12
14548R,tpm,252c,2.0,4,0.02,0.01,0.4,7.5,3
14548R,tpm,253c,2.0,4,0.02,0.01,0.4,7.5,6
14548R,tpm,254c,2.0,4,0.02,0.01,0.4,7.5,12
14548R,tpm,255c,2.0,4,0.02,0.01,0.4,15.0,3
14548R,tpm,256c,2.0,4,0.02,0.01,0.4,15.0,6
14548R,tpm,257c,2.0,4,0.02,0.01,0.4,15.0,12
14548R,tpm,258c,2.0,4,0.02,0.01,0.4,30.0,3
14548R,tpm,259c,2.0,4,0.02,0.01,0.4,30.0,6
14548R,tpm,260c,2.0,4,0.02,0.01,0.4,30.0,12
14548R,tpm,261c,2.0,4,0.02,0.01,0.8,7.5,3
14548R,tpm,262c,2.0,4,0.02,0.01,0.8,7.5,6
14548R,tpm,263c,2.0,4,0.02,0.01,0.8,7.5,12
14548R,tpm,264c,2.0,4,0.02,0.01,0.8,15.0,3
14548R,tpm,265c,2.0,4,0.02,0.01,0.8,15.0,6
14548R,tpm,266c,2.0,4,0.02,0.01,0.8,15.0,12
14548R,tpm,267c,2.0,4,0.02,0.01,0.8,30.0,3
14548R,tpm,268c,2.0,4,0.02,0.01,0.8,30.0,6
14548R,tpm,269c,2.0,4,0.02,0.01,0.8,30.0,12
14548R,tpm,270c,2.0,4,0.02,0.02,0.2,7.5,3
14548R,tpm,271c,2.0,4,0.02,0.02,0.2,7.5,6
14548R,tpm,272c,2.0,4,0.02,0.02,0.2,7.5,12
14548R,tpm,273c,2.0,4,0.02,0.02,0.2,15.0,3
14548R,tpm,274c,2.0,4,0.02,0.02,0.2,15.0,6
14548R,tpm,275c,2.0,4,0.02,0.02,0.2,15.0,12
14548R,tpm,276c,2.0,4,0.02,0.02,0.2,30.0,3
14548R,tpm,277c,2.0,4,0.02,0.02,0.2,30.0,6
14548R,tpm,278c,2.0,4,0.02,0.02,0.2,30.0,12
14548R,tpm,279c,2.0,4,0.02,0.02,0.4,7.5,3
14548R,tpm,280c,2.0,4,0.02,0.02,0.4,7.5,6
14548R,tpm,281c,2.0,4,0.02,0.02,0.4,7.5,12
14548R,tpm,282c,2.0,4,0.02,0.02,0.4,15.0,3
14548R,tpm,283c,2.0,4,0.02,0.02,0.4,15.0,6
14548R,tpm,284c,2.0,4,0.02,0.02,0.4,15.0,12
14548R,tpm,285c,2.0,4,0.02,0.02,0.4,30.0,3
14548R,tpm,286c,2.0,4,0.02,0.02,0.4,30.0,6
14548R,tpm,287c,2.0,4,0.02,0.02,0.4,30.0,12
14548R,tpm,288c,2.0,4,0.02,0.02,0.8,7.5,3
14548R,tpm,289c,2.0,4,0.02,0.02,0.8,7.5,6
14548R,tpm,290c,2.0,4,0.02,0.02,0.8,7.5,12
14548R,tpm,291c,2.0,4,0.02,0.02,0.8,15.0,3
14548R,tpm,292c,2.0,4,0.02,0.02,0.8,15.0,6
14548R,tpm,293c,2.0,4,0.02,0.02,0.8,15.0,12
14548R,tpm,294c,2.0,4,0.02,0.02,0.8,30.0,3
14548R,tpm,295c,2.0,4,0.02,0.02,0.8,30.0,6
14548R,tpm,296c,2.0,4,0.02,0.02,0.8,30.0,12
14548R,tpm,297c,2.0,4,0.02,0.04,0.2,7.5,3
14548R,tpm,298c,2.0,4,0.02,0.04,0.2,7.5,6
14548R,tpm,299c,2.0,4,0.02,0.04,0.2,7.5,12
14548R,tpm,300c,2.0,4,0.02,0.04,0.2,15.0,3
14548R,tpm,301c,2.0,4,0.02,0.04,0.2,15.0,6
14548R,tpm,302c,2.0,4,0.02,0.04,0.2,15.0,12
14548R,tpm,303c,2.0,4,0.02,0.04,0.2,30.0,3
14548R,tpm,304c,2.0,4,0.02,0.04,0.2,30.0,6
14548R,tpm,305c,2.0,4,0.02,0.04,0.2,30.0,12
14548R,tpm,306c,2.0,4,0.02,0.04,0.4,7.5,3
14548R,tpm,307c,2.0,4,0.02,0.04,0.4,7.5,6
14548R,tpm,308c,2.0,4,0.02,0.04,0.4,7.5,12
14548R,tpm,309c,2.0,4,0.02,0.04,0.4,15.0,3
14548R,tpm,310c,2.0,4,0.02,0.04,0.4,15.0,6
14548R,tpm,311c,2.0,4,0.02,0.04,0.4,15.0,12
14548R,tpm,312c,2.0,4,0.02,0.04,0.4,30.0,3
14548R,tpm,313c,2.0,4,0.02,0.04,0.4,30.0,6
14548R,tpm,314c,2.0,4,0.02,0.04,0.4,30.0,12
14548R,tpm,315c,2.0,4,0.02,0.04,0.8,7.5,3
14548R,tpm,316c,2.0,4,0.02,0.04,0.8,7.5,6
14548R,tpm,317c,2.0,4,0.02,0.04,0.8,7.5,12
14548R,tpm,318c,2.0,4,0.02,0.04,0.8,15.0,3
14548R,tpm,319c,2.0,4,0.02,0.04,0.8,15.0,6
14548R,tpm,320c,2.0,4,0.02,0.04,0.8,15.0,12
14548R,tpm,321c,2.0,4,0.02,0.04,0.8,30.0,3
14548R,tpm,322c,2.0,4,0.02,0.04,0.8,30.0,6
14548R,tpm,323c,2.0,4,0.02,0.04,0.8,30.0,12
14548R,tpm,324c,2.0,4,0.04,0.01,0.2,7.5,3
14548R,tpm,325c,2.0,4,0.04,0.01,0.2,7.5,6
14548R,tpm,326c,2.0,4,0.04,0.01,0.2,7.5,12
14548R,tpm,327c,2.0,4,0.04,0.01,0.2,15.0,3
14548R,tpm,328c,2.0,4,0.04,0.01,0.2,15.0,6
14548R,tpm,329c,2.0,4,0.04,0.01,0.2,15.0,12
14548R,tpm,330c,2.0,4,0.04,0.01,0.2,30.0,3
14548R,tpm,331c,2.0,4,0.04,0.01,0.2,30.0,6
14548R,tpm,332c,2.0,4,0.04,0.01,0.2,30.0,12
14548R,tpm,333c,2.0,4,0.04,0.01,0.4,7.5,3
14548R,tpm,334c,2.0,4,0.04,0.01,0.4,7.5,6
14548R,tpm,335c,2.0,4,0.04,0.01,0.4,7.5,12
14548R,tpm,336c,2.0,4,0.04,0.01,0.4,15.0,3
14548R,tpm,337c,2.0,4,0.04,0.01,0.4,15.0,6
14548R,tpm,338c,2.0,4,0.04,0.01,0.4,15.0,12
14548R,tpm,339c,2.0,4,0.04,0.01,0.4,30.0,3
14548R,tpm,340c,2.0,4,0.04,0.01,0.4,30.0,6
14548R,tpm,341c,2.0,4,0.04,0.01,0.4,30.0,12
14548R,tpm,342c,2.0,4,0.04,0.01,0.8,7.5,3
14548R,tpm,343c,2.0,4,0.04,0.01,0.8,7.5,6
14548R,tpm,344c,2.0,4,0.04,0.01,0.8,7.5,12
14548R,tpm,345c,2.0,4,0.04,0.01,0.8,15.0,3
14548R,tpm,346c,2.0,4,0.04,0.01,0.8,15.0,6
14548R,tpm,347c,2.0,4,0.04,0.01,0.8,15.0,12
14548R,tpm,348c,2.0,4,0.04,0.01,0.8,30.0,3
14548R,tpm,349c,2.0,4,0.04,0.01,0.8,30.0,6
14548R,tpm,350c,2.0,4,0.04,0.01,0.8,30.0,12
14548R,tpm,351c,2.0,4,0.04,0.02,0.2,7.5,3
14548R,tpm,352c,2.0,4,0.04,0.02,0.2,7.5,6
14548R,tpm,353c,2.0,4,0.04,0.02,0.2,7.5,12
14548R,tpm,354c,2.0,4,0.04,0.02,0.2,15.0,3
14548R,tpm,355c,2.0,4,0.04,0.02,0.2,15.0,6
14548R,tpm,356c,2.0,4,0.04,0.02,0.2,15.0,12
14548R,tpm,357c,2.0,4,0.04,0.02,0.2,30.0,3
14548R,tpm,358c,2.0,4,0.04,0.02,0.2,30.0,6
14548R,tpm,359c,2.0,4,0.04,0.02,0.2,30.0,12
14548R,tpm,360c,2.0,4,0.04,0.02,0.4,7.5,3
14548R,tpm,361c,2.0,4,0.04,0.02,0.4,7.5,6
14548R,tpm,362c,2.0,4,0.04,0.02,0.4,7.5,12
14548R,tpm,363c,2.0,4,0.04,0.02,0.4,15.0,3
14548R,tpm,364c,2.0,4,0.04,0.02,0.4,15.0,6
14548R,tpm,365c,2.0,4,0.04,0.02,0.4,15.0,12
14548R,tpm,366c,2.0,4,0.04,0.02,0.4,30.0,3
14548R,tpm,367c,2.0,4,0.04,0.02,0.4,30.0,6
14548R,tpm,368c,2.0,4,0.04,0.02,0.4,30.0,12
14548R,tpm,369c,2.0,4,0.04,0.02,0.8,7.5,3
14548R,tpm,370c,2.0,4,0.04,0.02,0.8,7.5,6
14548R,tpm,371c,2.0,4,0.04,0.02,0.8,7.5,12
14548R,tpm,372c,2.0,4,0.04,0.02,0.8,15.0,3
14548R,tpm,373c,2.0,4,0.04,0.02,0.8,15.0,6
14548R,tpm,374c,2.0,4,0.04,0.02,0.8,15.0,12
14548R,tpm,375c,2.0,4,0.04,0.02,0.8,30.0,3
14548R,tpm,376c,2.0,4,0.04,0.02,0.8,30.0,6
14548R,tpm,377c,2.0,4,0.04,0.02,0.8,30.0,12
14548R,tpm,378c,2.0,4,0.04,0.04,0.2,7.5,3
14548R,tpm,379c,2.0,4,0.04,0.04,0.2,7.5,6
14548R,tpm,380c,2.0,4,0.04,0.04,0.2,7.5,12
14548R,tpm,381c,2.0,4,0.04,0.04,0.2,15.0,3
14548R,tpm,382c,2.0,4,0.04,0.04,0.2,15.0,6
14548R,tpm,383c,2.0,4,0.04,0.04,0.2,15.0,12
14548R,tpm,384c,2.0,4,0.04,0.04,0.2,30.0,3
14548R,tpm,385c,2.0,4,0.04,0.04,0.2,30.0,6
14548R,tpm,386c,2.0,4,0.04,0.04,0.2,30.0,12
14548R,tpm,387c,2.0,4,0.04,0.04,0.4,7.5,3
14548R,tpm,388c,2.0,4,0.04,0.04,0.4,7.5,6
14548R,tpm,389c,2.0,4,0.04,0.04,0.4,7.5,12
14548R,tpm,390c,2.0,4,0.04,0.04,0.4,15.0,3
14548R,tpm,391c,2.0,4,0.04,0.04,0.4,15.0,6
14548R,tpm,392c,2.0,4,0.04,0.04,0.4,15.0,12
14548R,tpm,393c,2.0,4,0.04,0.04,0.4,30.0,3
14548R,tpm,394c,2.0,4,0.04,0.04,0.4,30.0,6
14548R,tpm,395c,2.0,4,0.04,0.04,0.4,30.0,12
14548R,tpm,396c,2.0,4,0.04,0.04,0.8,7.5,3
14548R,tpm,397c,2.0,4,0.04,0.04,0.8,7.5,6
14548R,tpm,398c,2.0,4,0.04,0.04,0.8,7.5,12
14548R,tpm,399c,2.0,4,0.04,0.04,0.8,15.0,3
14548R,tpm,400c,2.0,4,0.04,0.04,0.8,15.0,6
14548R,tpm,401c,2.0,4,0.04,0.04,0.8,15.0,12
14548R,tpm,402c,2.0,4,0.04,0.04,0.8,30.0,3
14548R,tpm,403c,2.0,4,0.04,0.04,0.8,30.0,6
14548R,tpm,404c,2.0,4,0.04,0.04,0.8,30.0,12
14548R,tpm,405c,2.0,4,0.08,0.01,0.2,7.5,3
14548R,tpm,406c,2.0,4,0.08,0.01,0.2,7.5,6
14548R,tpm,407c,2.0,4,0.08,0.01,0.2,7.5,12
14548R,tpm,408c,2.0,4,0.08,0.01,0.2,15.0,3
14548R,tpm,409c,2.0,4,0.08,0.01,0.2,15.0,6
14548R,tpm,410c,2.0,4,0.08,0.01,0.2,15.0,12
14548R,tpm,411c,2.0,4,0.08,0.01,0.2,30.0,3
14548R,tpm,412c,2.0,4,0.08,0.01,0.2,30.0,6
14548R,tpm,413c,2.0,4,0.08,0.01,0.2,30.0,12
14548R,tpm,414c,2.0,4,0.08,0.01,0.4,7.5,3
14548R,tpm,415c,2.0,4,0.08,0.01,0.4,7.5,6
14548R,tpm,416c,2.0,4,0.08,0.01,0.4,7.5,12
14548R,tpm,417c,2.0,4,0.08,0.01,0.4,15.0,3
14548R,tpm,418c,2.0,4,0.08,0.01,0.4,15.0,6
14548R,tpm,419c,2.0,4,0.08,0.01,0.4,15.0,12
14548R,tpm,420c,2.0,4,0.08,0.01,0.4,30.0,3
14548R,tpm,421c,2.0,4,0.08,0.01,0.4,30.0,6
14548R,tpm,422c,2.0,4,0.08,0.01,0.4,30.0,12
14548R,tpm,423c,2.0,4,0.08,0.01,0.8,7.5,3
14548R,tpm,424c,2.0,4,0.08,0.01,0.8,7.5,6
14548R,tpm,425c,2.0,4,0.08,0.01,0.8,7.5,12
14548R,tpm,426c,2.0,4,0.08,0.01,0.8,15.0,3
14548R,tpm,427c,2.0,4,0.08,0.01,0.8,15.0,6
14548R,tpm,428c,2.0,4,0.08,0.01,0.8,15.0,12
14548R,tpm,429c,2.0,4,0.08,0.01,0.8,30.0,3
14548R,tpm,430c,2.0,4,0.08,0.01,0.8,30.0,6
14548R,tpm,431c,2.0,4,0.08,0.01,0.8,30.0,12
14548R,tpm,432c,2.0,4,0.08,0.02,0.2,7.5,3
14548R,tpm,433c,2.0,4,0.08,0.02,0.2,7.5,6
14548R,tpm,434c,2.0,4,0.08,0.02,0.2,7.5,12
14548R,tpm,435c,2.0,4,0.08,0.02,0.2,15.0,3
14548R,tpm,436c,2.0,4,0.08,0.02,0.2,15.0,6
14548R,tpm,437c,2.0,4,0.08,0.02,0.2,15.0,12
14548R,tpm,438c,2.0,4,0.08,0.02,0.2,30.0,3
14548R,tpm,439c,2.0,4,0.08,0.02,0.2,30.0,6
14548R,tpm,440c,2.0,4,0.08,0.02,0.2,30.0,12
14548R,tpm,441c,2.0,4,0.08,0.02,0.4,7.5,3
14548R,tpm,442c,2.0,4,0.08,0.02,0.4,7.5,6
14548R,tpm,443c,2.0,4,0.08,0.02,0.4,7.5,12
14548R,tpm,444c,2.0,4,0.08,0.02,0.4,15.0,3
14548R,tpm,445c,2.0,4,0.08,0.02,0.4,15.0,6
14548R,tpm,446c,2.0,4,0.08,0.02,0.4,15.0,12
14548R,tpm,447c,2.0,4,0.08,0.02,0.4,30.0,3
14548R,tpm,448c,2.0,4,0.08,0.02,0.4,30.0,6
14548R,tpm,449c,2.0,4,0.08,0.02,0.4,30.0,12
14548R,tpm,450c,2.0,4,0.08,0.02,0.8,7.5,3
14548R,tpm,451c,2.0,4,0.08,0.02,0.8,7.5,6
14548R,tpm,452c,2.0,4,0.08,0.02,0.8,7.5,12
14548R,tpm,453c,2.0,4,0.08,0.02,0.8,15.0,3
14548R,tpm,454c,2.0,4,0.08,0.02,0.8,15.0,6
14548R,tpm,455c,2.0,4,0.08,0.02,0.8,15.0,12
14548R,tpm,456c,2.0,4,0.08,0.02,0.8,30.0,3
14548R,tpm,457c,2.0,4,0.08,0.02,0.8,30.0,6
14548R,tpm,458c,2.0,4,0.08,0.02,0.8,30.0,12
14548R,tpm,459c,2.0,4,0.08,0.04,0.2,7.5,3
14548R,tpm,460c,2.0,4,0.08,0.04,0.2,7.5,6
14548R,tpm,461c,2.0,4,0.08,0.04,0.2,7.5,12
14548R,tpm,462c,2.0,4,0.08,0.04,0.2,15.0,3
14548R,tpm,463c,2.0,4,0.08,0.04,0.2,15.0,6
14548R,tpm,464c,2.0,4,0.08,0.04,0.2,15.0,12
14548R,tpm,465c,2.0,4,0.08,0.04,0.2,30.0,3
14548R,tpm,466c,2.0,4,0.08,0.04,0.2,30.0,6
14548R,tpm,467c,2.0,4,0.08,0.04,0.2,30.0,12
14548R,tpm,468c,2.0,4,0.08,0.04,0.4,7.5,3
14548R,tpm,469c,2.0,4,0.08,0.04,0.4,7.5,6
14548R,tpm,470c,2.0,4,0.08,0.04,0.4,7.5,12
14548R,tpm,471c,2.0,4,0.08,0.04,0.4,15.0,3
14548R,tpm,472c,2.0,4,0.08,0.04,0.4,15.0,6
14548R,tpm,473c,2.0,4,0.08,0.04,0.4,15.0,12
14548R,tpm,474c,2.0,4,0.08,0.04,0.4,30.0,3
14548R,tpm,475c,2.0,4,0.08,0.04,0.4,30.0,6
14548R,tpm,476c,2.0,4,0.08,0.04,0.4,30.0,12
14548R,tpm,477c,2.0,4,0.08,0.04,0.8,7.5,3
14548R,tpm,478c,2.0,4,0.08,0.04,0.8,7.5,6
14548R,tpm,479c,2.0,4,0.08,0.04,0.8,7.5,12
14548R,tpm,480c,2.0,4,0.08,0.04,0.8,15.0,3
14548R,tpm,481c,2.0,4,0.08,0.04,0.8,15.0,6
14548R,tpm,482c,2.0,4,0.08,0.04,0.8,15.0,12
14548R,tpm,483c,2.0,4,0.08,0.04,0.8,30.0,3
14548R,tpm,484c,2.0,4,0.08,0.04,0.8,30.0,6
14548R,tpm,485c,2.0,4,0.08,0.04,0.8,30.0,12
14548R,tpm,486c,2.0,8,0.02,0.01,0.2,7.5,3
14548R,tpm,487c,2.0,8,0.02,0.01,0.2,7.5,6
14548R,tpm,488c,2.0,8,0.02,0.01,0.2,7.5,12
14548R,tpm,489c,2.0,8,0.02,0.01,0.2,15.0,3
14548R,tpm,490c,2.0,8,0.02,0.01,0.2,15.0,6
14548R,tpm,491c,2.0,8,0.02,0.01,0.2,15.0,12
14548R,tpm,492c,2.0,8,0.02,0.01,0.2,30.0,3
14548R,tpm,493c,2.0,8,0.02,0.01,0.2,30.0,6
14548R,tpm,494c,2.0,8,0.02,0.01,0.2,30.0,12
14548R,tpm,495c,2.0,8,0.02,0.01,0.4,7.5,3
14548R,tpm,496c,2.0,8,0.02,0.01,0.4,7.5,6
14548R,tpm,497c,2.0,8,0.02,0.01,0.4,7.5,12
14548R,tpm,498c,2.0,8,0.02,0.01,0.4,15.0,3
14548R,tpm,499c,2.0,8,0.02,0.01,0.4,15.0,6
14548R,tpm,500c,2.0,8,0.02,0.01,0.4,15.0,12
14548R,tpm,501c,2.0,8,0.02,0.01,0.4,30.0,3
14548R,tpm,502c,2.0,8,0.02,0.01,0.4,30.0,6
14548R,tpm,503c,2.0,8,0.02,0.01,0.4,30.0,12
14548R,tpm,504c,2.0,8,0.02,0.01,0.8,7.5,3
14548R,tpm,505c,2.0,8,0.02,0.01,0.8,7.5,6
14548R,tpm,506c,2.0,8,0.02,0.01,0.8,7.5,12
14548R,tpm,507c,2.0,8,0.02,0.01,0.8,15.0,3
14548R,tpm,508c,2.0,8,0.02,0.01,0.8,15.0,6
14548R,tpm,509c,2.0,8,0.02,0.01,0.8,15.0,12
14548R,tpm,510c,2.0,8,0.02,0.01,0.8,30.0,3
14548R,tpm,511c,2.0,8,0.02,0.01,0.8,30.0,6
14548R,tpm,512c,2.0,8,0.02,0.01,0.8,30.0,12
14548R,tpm,513c,2.0,8,0.02,0.02,0.2,7.5,3
14548R,tpm,514c,2.0,8,0.02,0.02,0.2,7.5,6
14548R,tpm,515c,2.0,8,0.02,0.02,0.2,7.5,12
14548R,tpm,516c,2.0,8,0.02,0.02,0.2,15.0,3
14548R,tpm,517c,2.0,8,0.02,0.02,0.2,15.0,6
14548R,tpm,518c,2.0,8,0.02,0.02,0.2,15.0,12
14548R,tpm,519c,2.0,8,0.02,0.02,0.2,30.0,3
14548R,tpm,520c,2.0,8,0.02,0.02,0.2,30.0,6
14548R,tpm,521c,2.0,8,0.02,0.02,0.2,30.0,12
14548R,tpm,522c,2.0,8,0.02,0.02,0.4,7.5,3
14548R,tpm,523c,2.0,8,0.02,0.02,0.4,7.5,6
14548R,tpm,524c,2.0,8,0.02,0.02,0.4,7.5,12
14548R,tpm,525c,2.0,8,0.02,0.02,0.4,15.0,3
14548R,tpm,526c,2.0,8,0.02,0.02,0.4,15.0,6
14548R,tpm,527c,2.0,8,0.02,0.02,0.4,15.0,12
14548R,tpm,528c,2.0,8,0.02,0.02,0.4,30.0,3
14548R,tpm,529c,2.0,8,0.02,0.02,0.4,30.0,6
14548R,tpm,530c,2.0,8,0.02,0.02,0.4,30.0,12
14548R,tpm,531c,2.0,8,0.02,0.02,0.8,7.5,3
14548R,tpm,532c,2.0,8,0.02,0.02,0.8,7.5,6
14548R,tpm,533c,2.0,8,0.02,0.02,0.8,7.5,12
14548R,tpm,534c,2.0,8,0.02,0.02,0.8,15.0,3
14548R,tpm,535c,2.0,8,0.02,0.02,0.8,15.0,6
14548R,tpm,536c,2.0,8,0.02,0.02,0.8,15.0,12
14548R,tpm,537c,2.0,8,0.02,0.02,0.8,30.0,3
14548R,tpm,538c,2.0,8,0.02,0.02,0.8,30.0,6
14548R,tpm,539c,2.0,8,0.02,0.02,0.8,30.0,12
14548R,tpm,540c,2.0,8,0.02,0.04,0.2,7.5,3
14548R,tpm,541c,2.0,8,0.02,0.04,0.2,7.5,6
14548R,tpm,542c,2.0,8,0.02,0.04,0.2,7.5,12
14548R,tpm,543c,2.0,8,0.02,0.04,0.2,15.0,3
14548R,tpm,544c,2.0,8,0.02,0.04,0.2,15.0,6
14548R,tpm,545c,2.0,8,0.02,0.04,0.2,15.0,12
14548R,tpm,546c,2.0,8,0.02,0.04,0.2,30.0,3
14548R,tpm,547c,2.0,8,0.02,0.04,0.2,30.0,6
14548R,tpm,548c,2.0,8,0.02,0.04,0.2,30.0,12
14548R,tpm,549c,2.0,8,0.02,0.04,0.4,7.5,3
14548R,tpm,550c,2.0,8,0.02,0.04,0.4,7.5,6
14548R,tpm,551c,2.0,8,0.02,0.04,0.4,7.5,12
14548R,tpm,552c,2.0,8,0.02,0.04,0.4,15.0,3
14548R,tpm,553c,2.0,8,0.02,0.04,0.4,15.0,6
14548R,tpm,554c,2.0,8,0.02,0.04,0.4,15.0,12
14548R,tpm,555c,2.0,8,0.02,0.04,0.4,30.0,3
14548R,tpm,556c,2.0,8,0.02,0.04,0.4,30.0,6
14548R,tpm,557c,2.0,8,0.02,0.04,0.4,30.0,12
14548R,tpm,558c,2.0,8,0.02,0.04,0.8,7.5,3
14548R,tpm,559c,2.0,8,0.02,0.04,0.8,7.5,6
14548R,tpm,560c,2.0,8,0.02,0.04,0.8,7.5,12
14548R,tpm,561c,2.0,8,0.02,0.04,0.8,15.0,3
14548R,tpm,562c,2.0,8,0.02,0.04,0.8,15.0,6
14548R,tpm,563c,2.0,8,0.02,0.04,0.8,15.0,12
14548R,tpm,564c,2.0,8,0.02,0.04,0.8,30.0,3
14548R,tpm,565c,2.0,8,0.02,0.04,0.8,30.0,6
14548R,tpm,566c,2.0,8,0.02,0.04,0.8,30.0,12
14548R,tpm,567c,2.0,8,0.04,0.01,0.2,7.5,3
14548R,tpm,568c,2.0,8,0.04,0.01,0.2,7.5,6
14548R,tpm,569c,2.0,8,0.04,0.01,0.2,7.5,12
14548R,tpm,570c,2.0,8,0.04,0.01,0.2,15.0,3
14548R,tpm,571c,2.0,8,0.04,0.01,0.2,15.0,6
14548R,tpm,572c,2.0,8,0.04,0.01,0.2,15.0,12
14548R,tpm,573c,2.0,8,0.04,0.01,0.2,30.0,3
14548R,tpm,574c,2.0,8,0.04,0.01,0.2,30.0,6
14548R,tpm,575c,2.0,8,0.04,0.01,0.2,30.0,12
14548R,tpm,576c,2.0,8,0.04,0.01,0.4,7.5,3
14548R,tpm,577c,2.0,8,0.04,0.01,0.4,7.5,6
14548R,tpm,578c,2.0,8,0.04,0.01,0.4,7.5,12
14548R,tpm,579c,2.0,8,0.04,0.01,0.4,15.0,3
14548R,tpm,580c,2.0,8,0.04,0.01,0.4,15.0,6
14548R,tpm,581c,2.0,8,0.04,0.01,0.4,15.0,12
14548R,tpm,582c,2.0,8,0.04,0.01,0.4,30.0,3
14548R,tpm,583c,2.0,8,0.04,0.01,0.4,30.0,6
14548R,tpm,584c,2.0,8,0.04,0.01,0.4,30.0,12
14548R,tpm,585c,2.0,8,0.04,0.01,0.8,7.5,3
14548R,tpm,586c,2.0,8,0.04,0.01,0.8,7.5,6
14548R,tpm,587c,2.0,8,0.04,0.01,0.8,7.5,12
14548R,tpm,588c,2.0,8,0.04,0.01,0.8,15.0,3
14548R,tpm,589c,2.0,8,0.04,0.01,0.8,15.0,6
14548R,tpm,590c,2.0,8,0.04,0.01,0.8,15.0,12
14548R,tpm,591c,2.0,8,0.04,0.01,0.8,30.0,3
14548R,tpm,592c,2.0,8,0.04,0.01,0.8,30.0,6
14548R,tpm,593c,2.0,8,0.04,0.01,0.8,30.0,12
14548R,tpm,594c,2.0,8,0.04,0.02,0.2,7.5,3
14548R,tpm,595c,2.0,8,0.04,0.02,0.2,7.5,6
14548R,tpm,596c,2.0,8,0.04,0.02,0.2,7.5,12
14548R,tpm,597c,2.0,8,0.04,0.02,0.2,15.0,3
14548R,tpm,598c,2.0,8,0.04,0.02,0.2,15.0,6
14548R,tpm,599c,2.0,8,0.04,0.02,0.2,15.0,12
14548R,tpm,600c,2.0,8,0.04,0.02,0.2,30.0,3
14548R,tpm,601c,2.0,8,0.04,0.02,0.2,30.0,6
14548R,tpm,602c,2.0,8,0.04,0.02,0.2,30.0,12
14548R,tpm,603c,2.0,8,0.04,0.02,0.4,7.5,3
14548R,tpm,604c,2.0,8,0.04,0.02,0.4,7.5,6
14548R,tpm,605c,2.0,8,0.04,0.02,0.4,7.5,12
14548R,tpm,606c,2.0,8,0.04,0.02,0.4,15.0,3
14548R,tpm,607c,2.0,8,0.04,0.02,0.4,15.0,6
14548R,tpm,608c,2.0,8,0.04,0.02,0.4,15.0,12
14548R,tpm,609c,2.0,8,0.04,0.02,0.4,30.0,3
14548R,tpm,610c,2.0,8,0.04,0.02,0.4,30.0,6
14548R,tpm,611c,2.0,8,0.04,0.02,0.4,30.0,12
14548R,tpm,612c,2.0,8,0.04,0.02,0.8,7.5,3
14548R,tpm,613c,2.0,8,0.04,0.02,0.8,7.5,6
14548R,tpm,614c,2.0,8,0.04,0.02,0.8,7.5,12
14548R,tpm,615c,2.0,8,0.04,0.02,0.8,15.0,3
14548R,tpm,616c,2.0,8,0.04,0.02,0.8,15.0,6
14548R,tpm,617c,2.0,8,0.04,0.02,0.8,15.0,12
14548R,tpm,618c,2.0,8,0.04,0.02,0.8,30.0,3
14548R,tpm,619c,2.0,8,0.04,0.02,0.8,30.0,6
14548R,tpm,620c,2.0,8,0.04,0.02,0.8,30.0,12
14548R,tpm,621c,2.0,8,0.04,0.04,0.2,7.5,3
14548R,tpm,622c,2.0,8,0.04,0.04,0.2,7.5,6
14548R,tpm,623c,2.0,8,0.04,0.04,0.2,7.5,12
14548R,tpm,624c,2.0,8,0.04,0.04,0.2,15.0,3
14548R,tpm,625c,2.0,8,0.04,0.04,0.2,15.0,6
14548R,tpm,626c,2.0,8,0.04,0.04,0.2,15.0,12
14548R,tpm,627c,2.0,8,0.04,0.04,0.2,30.0,3
14548R,tpm,628c,2.0,8,0.04,0.04,0.2,30.0,6
14548R,tpm,629c,2.0,8,0.04,0.04,0.2,30.0,12
14548R,tpm,630c,2.0,8,0.04,0.04,0.4,7.5,3
14548R,tpm,631c,2.0,8,0.04,0.04,0.4,7.5,6
14548R,tpm,632c,2.0,8,0.04,0.04,0.4,7.5,12
14548R,tpm,633c,2.0,8,0.04,0.04,0.4,15.0,3
14548R,tpm,634c,2.0,8,0.04,0.04,0.4,15.0,6
14548R,tpm,635c,2.0,8,0.04,0.04,0.4,15.0,12
14548R,tpm,636c,2.0,8,0.04,0.04,0.4,30.0,3
14548R,tpm,637c,2.0,8,0.04,0.04,0.4,30.0,6
14548R,tpm,638c,2.0,8,0.04,0.04,0.4,30.0,12
14548R,tpm,639c,2.0,8,0.04,0.04,0.8,7.5,3
14548R,tpm,640c,2.0,8,0.04,0.04,0.8,7.5,6
14548R,tpm,641c,2.0,8,0.04,0.04,0.8,7.5,12
14548R,tpm,642c,2.0,8,0.04,0.04,0.8,15.0,3
14548R,tpm,643c,2.0,8,0.04,0.04,0.8,15.0,6
14548R,tpm,644c,2.0,8,0.04,0.04,0.8,15.0,12
14548R,tpm,645c,2.0,8,0.04,0.04,0.8,30.0,3
14548R,tpm,646c,2.0,8,0.04,0.04,0.8,30.0,6
14548R,tpm,647c,2.0,8,0.04,0.04,0.8,30.0,12
14548R,tpm,648c,2.0,8,0.08,0.01,0.2,7.5,3
14548R,tpm,649c,2.0,8,0.08,0.01,0.2,7.5,6
14548R,tpm,650c,2.0,8,0.08,0.01,0.2,7.5,12
14548R,tpm,651c,2.0,8,0.08,0.01,0.2,15.0,3
14548R,tpm,652c,2.0,8,0.08,0.01,0.2,15.0,6
14548R,tpm,653c,2.0,8,0.08,0.01,0.2,15.0,12
14548R,tpm,654c,2.0,8,0.08,0.01,0.2,30.0,3
14548R,tpm,655c,2.0,8,0.08,0.01,0.2,30.0,6
14548R,tpm,656c,2.0,8,0.08,0.01,0.2,30.0,12
14548R,tpm,657c,2.0,8,0.08,0.01,0.4,7.5,3
14548R,tpm,658c,2.0,8,0.08,0.01,0.4,7.5,6
14548R,tpm,659c,2.0,8,0.08,0.01,0.4,7.5,12
14548R,tpm,660c,2.0,8,0.08,0.01,0.4,15.0,3
14548R,tpm,661c,2.0,8,0.08,0.01,0.4,15.0,6
14548R,tpm,662c,2.0,8,0.08,0.01,0.4,15.0,12
14548R,tpm,663c,2.0,8,0.08,0.01,0.4,30.0,3
14548R,tpm,664c,2.0,8,0.08,0.01,0.4,30.0,6
14548R,tpm,665c,2.0,8,0.08,0.01,0.4,30.0,12
14548R,tpm,666c,2.0,8,0.08,0.01,0.8,7.5,3
14548R,tpm,667c,2.0,8,0.08,0.01,0.8,7.5,6
14548R,tpm,668c,2.0,8,0.08,0.01,0.8,7.5,12
14548R,tpm,669c,2.0,8,0.08,0.01,0.8,15.0,3
14548R,tpm,670c,2.0,8,0.08,0.01,0.8,15.0,6
14548R,tpm,671c,2.0,8,0.08,0.01,0.8,15.0,12
14548R,tpm,672c,2.0,8,0.08,0.01,0.8,30.0,3
14548R,tpm,673c,2.0,8,0.08,0.01,0.8,30.0,6
14548R,tpm,674c,2.0,8,0.08,0.01,0.8,30.0,12
14548R,tpm,675c,2.0,8,0.08,0.02,0.2,7.5,3
14548R,tpm,676c,2.0,8,0.08,0.02,0.2,7.5,6
14548R,tpm,677c,2.0,8,0.08,0.02,0.2,7.5,12
14548R,tpm,678c,2.0,8,0.08,0.02,0.2,15.0,3
14548R,tpm,679c,2.0,8,0.08,0.02,0.2,15.0,6
14548R,tpm,680c,2.0,8,0.08,0.02,0.2,15.0,12
14548R,tpm,681c,2.0,8,0.08,0.02,0.2,30.0,3
14548R,tpm,682c,2.0,8,0.08,0.02,0.2,30.0,6
14548R,tpm,683c,2.0,8,0.08,0.02,0.2,30.0,12
14548R,tpm,684c,2.0,8,0.08,0.02,0.4,7.5,3
14548R,tpm,685c,2.0,8,0.08,0.02,0.4,7.5,6
14548R,tpm,686c,2.0,8,0.08,0.02,0.4,7.5,12
14548R,tpm,687c,2.0,8,0.08,0.02,0.4,15.0,3
14548R,tpm,688c,2.0,8,0.08,0.02,0.4,15.0,6
14548R,tpm,689c,2.0,8,0.08,0.02,0.4,15.0,12
14548R,tpm,690c,2.0,8,0.08,0.02,0.4,30.0,3
14548R,tpm,691c,2.0,8,0.08,0.02,0.4,30.0,6
14548R,tpm,692c,2.0,8,0.08,0.02,0.4,30.0,12
14548R,tpm,693c,2.0,8,0.08,0.02,0.8,7.5,3
14548R,tpm,694c,2.0,8,0.08,0.02,0.8,7.5,6
14548R,tpm,695c,2.0,8,0.08,0.02,0.8,7.5,12
14548R,tpm,696c,2.0,8,0.08,0.02,0.8,15.0,3
14548R,tpm,697c,2.0,8,0.08,0.02,0.8,15.0,6
14548R,tpm,698c,2.0,8,0.08,0.02,0.8,15.0,12
14548R,tpm,699c,2.0,8,0.08,0.02,0.8,30.0,3
14548R,tpm,700c,2.0,8,0.08,0.02,0.8,30.0,6
14548R,tpm,701c,2.0,8,0.08,0.02,0.8,30.0,12
14548R,tpm,702c,2.0,8,0.08,0.04,0.2,7.5,3
14548R,tpm,703c,2.0,8,0.08,0.04,0.2,7.5,6
14548R,tpm,704c,2.0,8,0.08,0.04,0.2,7.5,12
14548R,tpm,705c,2.0,8,0.08,0.04,0.2,15.0,3
14548R,tpm,706c,2.0,8,0.08,0.04,0.2,15.0,6
14548R,tpm,707c,2.0,8,0.08,0.04,0.2,15.0,12
14548R,tpm,708c,2.0,8,0.08,0.04,0.2,30.0,3
14548R,tpm,709c,2.0,8,0.08,0.04,0.2,30.0,6
14548R,tpm,710c,2.0,8,0.08,0.04,0.2,30.0,12
14548R,tpm,711c,2.0,8,0.08,0.04,0.4,7.5,3
14548R,tpm,712c,2.0,8,0.08,0.04,0.4,7.5,6
14548R,tpm,713c,2.0,8,0.08,0.04,0.4,7.5,12
14548R,tpm,714c,2.0,8,0.08,0.04,0.4,15.0,3
14548R,tpm,715c,2.0,8,0.08,0.04,0.4,15.0,6
14548R,tpm,716c,2.0,8,0.08,0.04,0.4,15.0,12
14548R,tpm,717c,2.0,8,0.08,0.04,0.4,30.0,3
14548R,tpm,718c,2.0,8,0.08,0.04,0.4,30.0,6
14548R,tpm,719c,2.0,8,0.08,0.04,0.4,30.0,12
14548R,tpm,720c,2.0,8,0.08,0.04,0.8,7.5,3
14548R,tpm,721c,2.0,8,0.08,0.04,0.8,7.5,6
14548R,tpm,722c,2.0,8,0.08,0.04,0.8,7.5,12
14548R,tpm,723c,2.0,8,0.08,0.04,0.8,15.0,3
14548R,tpm,724c,2.0,8,0.08,0.04,0.8,15.0,6
14548R,tpm,725c,2.0,8,0.08,0.04,0.8,15.0,12
14548R,tpm,726c,2.0,8,0.08,0.04,0.8,30.0,3
14548R,tpm,727c,2.0,8,0.08,0.04,0.8,30.0,6
14548R,tpm,728c,2.0,8,0.08,0.04,0.8,30.0,12
