subject,bone,run_id,runtime
14548R,tpm,0a,12.927882959018461
14548R,tpm,1a,14.353771750000305
14548R,tpm,2a,11.393349874997512
14548R,tpm,3a,13.403551333991345
14548R,tpm,4a,14.793902667006478
14548R,tpm,5a,13.430052582989447
14548R,tpm,6a,15.892562708002515
14548R,tpm,7a,15.761220708023757
14548R,tpm,8a,14.983504040981643
14548R,tpm,9a,14.912047125049867
14548R,tpm,10a,15.380057458009105
14548R,tpm,11a,15.557383375009522
14548R,tpm,12a,16.0922307909932
14548R,tpm,13a,18.694205458974466
14548R,tpm,14a,16.324371292022988
14548R,tpm,15a,16.73091037501581
14548R,tpm,16a,15.538622417021543
14548R,tpm,17a,14.874376833962742
14548R,tpm,18a,15.97222087503178
14548R,tpm,19a,15.941945708007552
14548R,tpm,20a,16.540485249948688
14548R,tpm,21a,16.111233457981143
14548R,tpm,22a,15.765182000002824
14548R,tpm,23a,15.837633999995887
14548R,tpm,24a,16.601798542018514
14548R,tpm,25a,16.368756541982293
14548R,tpm,26a,16.58689008303918
14548R,tpm,27a,15.918174457969144
14548R,tpm,28a,17.654893291008193
14548R,tpm,29a,16.727312374976464
14548R,tpm,30a,16.173092624987476
14548R,tpm,31a,16.103937042003963
14548R,tpm,32a,16.058722332993057
14548R,tpm,33a,16.280959375028033
14548R,tpm,34a,16.944590666971635
14548R,tpm,35a,17.00296241696924
14548R,tpm,36a,16.56841154198628
14548R,tpm,37a,17.176089958054945
14548R,tpm,38a,15.850332625035662
14548R,tpm,39a,15.818525917013176
14548R,tpm,40a,15.966715582995676
14548R,tpm,41a,16.271105915948283
14548R,tpm,42a,16.087735083012376
14548R,tpm,43a,16.268318416026887
14548R,tpm,44a,16.066365832986776
14548R,tpm,45a,16.100933415989857
14548R,tpm,46a,16.059780124982353
14548R,tpm,47a,16.42418708401965
14548R,tpm,48a,16.37607391702477
14548R,tpm,49a,16.17202208301751
14548R,tpm,50a,16.650991999951657
14548R,tpm,51a,16.209343624999747
14548R,tpm,52a,16.55963500001235
14548R,tpm,53a,17.291350292041898
14548R,tpm,54a,16.987313624995295
14548R,tpm,55a,16.524841792008374
14548R,tpm,56a,17.445774291991256
14548R,tpm,57a,16.60916949994862
14548R,tpm,58a,17.297996125009377
14548R,tpm,59a,17.40269208297832
14548R,tpm,60a,15.740384916949552
14548R,tpm,61a,16.824536791013088
14548R,tpm,62a,15.80249145894777
14548R,tpm,63a,16.28473633399699
14548R,tpm,64a,16.035276292008348
14548R,tpm,65a,16.43957537499955
14548R,tpm,66a,15.541212124982849
14548R,tpm,67a,16.34879512496991
14548R,tpm,68a,16.125054833013564
14548R,tpm,69a,16.721810666960664
14548R,tpm,70a,16.011852458002977
14548R,tpm,71a,18.242804041947238
14548R,tpm,72a,18.333912750007585
14548R,tpm,73a,17.246146041958127
14548R,tpm,74a,16.116976041987073
14548R,tpm,75a,16.902207500010263
14548R,tpm,76a,17.51479945902247
14548R,tpm,77a,16.826802792027593
14548R,tpm,78a,16.422088916006032
14548R,tpm,79a,16.713076249987353
14548R,tpm,80a,17.00719958404079
14548R,tpm,81a,16.02841145801358
14548R,tpm,82a,16.46485925000161
14548R,tpm,83a,16.337788917007856
14548R,tpm,84a,16.398919457977172
14548R,tpm,85a,17.155669875035528
14548R,tpm,86a,16.909054083982483
14548R,tpm,87a,16.700804832973517
14548R,tpm,88a,16.58461470803013
14548R,tpm,89a,17.23571404197719
14548R,tpm,90a,19.37586079200264
14548R,tpm,91a,18.488778750004712
14548R,tpm,92a,19.12711645901436
14548R,tpm,93a,16.19337487500161
14548R,tpm,94a,19.374963915965054
14548R,tpm,95a,19.003316958027426
14548R,tpm,96a,19.16580304101808
14548R,tpm,97a,19.8737658750033
14548R,tpm,98a,18.01903145899996
14548R,tpm,99a,16.28176187496865
14548R,tpm,100a,16.488432749989443
14548R,tpm,101a,16.140015957993455
14548R,tpm,102a,15.927284416975453
14548R,tpm,103a,16.16271449998021
14548R,tpm,104a,15.795683417003602
14548R,tpm,105a,16.504512000014074
14548R,tpm,106a,16.31531904201256
14548R,tpm,107a,15.995090083044488
14548R,tpm,108a,16.34058570797788
14548R,tpm,109a,16.59197316702921
14548R,tpm,110a,16.464411041000858
14548R,tpm,111a,16.532559417013545
14548R,tpm,112a,16.414393833023496
14548R,tpm,113a,16.508296917018015
14548R,tpm,114a,16.68420104100369
14548R,tpm,115a,16.4382779590087
14548R,tpm,116a,16.7487218749593
14548R,tpm,117a,16.680664958956186
14548R,tpm,118a,16.661938334000297
14548R,tpm,119a,16.673840500006918
14548R,tpm,120a,16.291124791954644
14548R,tpm,121a,16.724808917031623
14548R,tpm,122a,16.172018292010762
14548R,tpm,123a,16.938817833026405
14548R,tpm,124a,16.3593302910449
14548R,tpm,125a,17.277637666964438
14548R,tpm,126a,16.08156737498939
14548R,tpm,127a,17.045698957983404
14548R,tpm,128a,16.171306582982652
14548R,tpm,129a,16.594665082986467
14548R,tpm,130a,15.872030666971114
14548R,tpm,131a,16.267772542021703
14548R,tpm,132a,16.2507300839643
14548R,tpm,133a,16.998902416962665
14548R,tpm,134a,15.734482583007775
14548R,tpm,135a,16.943103083991446
14548R,tpm,136a,15.669920083018951
14548R,tpm,137a,16.86250991700217
14548R,tpm,138a,15.57712154200999
14548R,tpm,139a,16.942931041005068
14548R,tpm,140a,15.68430012499448
14548R,tpm,141a,17.12093770800857
14548R,tpm,142a,15.64254216698464
14548R,tpm,143a,17.026824457978364
14548R,tpm,144a,15.724558959016576
14548R,tpm,145a,16.83678237500135
14548R,tpm,146a,15.818754957988858
14548R,tpm,147a,17.145629375008866
14548R,tpm,148a,15.521237708046101
14548R,tpm,149a,16.771682249964215
14548R,tpm,150a,15.951837791013531
14548R,tpm,151a,16.869227208022494
14548R,tpm,152a,15.681951000005938
14548R,tpm,153a,16.918152416008525
14548R,tpm,154a,15.854623000021093
14548R,tpm,155a,16.79611129197292
14548R,tpm,156a,15.855933082988486
14548R,tpm,157a,17.13408933300525
14548R,tpm,158a,16.856047708017286
14548R,tpm,159a,17.25168141699396
14548R,tpm,160a,15.726023124996573
14548R,tpm,161a,17.17983108299086
14548R,tpm,162a,15.79648304200964
14548R,tpm,163a,16.950842833030038
14548R,tpm,164a,15.721959334041458
14548R,tpm,165a,17.2324352079886
14548R,tpm,166a,15.801199333975092
14548R,tpm,167a,16.43684600002598
14548R,tpm,168a,16.169397292018402
14548R,tpm,169a,16.604209707991686
14548R,tpm,170a,16.342945666983724
14548R,tpm,171a,16.392725791956764
14548R,tpm,172a,16.63452620798489
14548R,tpm,173a,15.973439374996815
14548R,tpm,174a,16.67812283296371
14548R,tpm,175a,15.796902749978472
14548R,tpm,176a,16.960601083992515
14548R,tpm,177a,15.9832994590397
14548R,tpm,178a,17.01122016599402
14548R,tpm,179a,15.533612290979363
14548R,tpm,180a,17.167611500015482
14548R,tpm,181a,15.716852042009123
14548R,tpm,182a,16.991054541955236
14548R,tpm,183a,15.995324624993373
14548R,tpm,184a,17.138427625002805
14548R,tpm,185a,15.84082387498347
14548R,tpm,186a,17.44126920803683
14548R,tpm,187a,15.905392832995858
14548R,tpm,188a,17.02485608297866
14548R,tpm,189a,16.08458216598956
14548R,tpm,190a,16.75652125000488
14548R,tpm,191a,16.565351207973436
14548R,tpm,192a,16.202085125027224
14548R,tpm,193a,16.56229670799803
14548R,tpm,194a,16.61393162503373
14548R,tpm,195a,16.638345875020605
14548R,tpm,196a,16.19696195900906
14548R,tpm,197a,16.06791737501044
14548R,tpm,198a,16.749632375023793
14548R,tpm,199a,16.03224783303449
14548R,tpm,200a,16.958222916990053
14548R,tpm,201a,16.405996333051007
14548R,tpm,202a,16.628292415989563
14548R,tpm,203a,16.713015749992337
14548R,tpm,204a,16.52348183299182
14548R,tpm,205a,16.978607875003945
14548R,tpm,206a,16.66228091699304
14548R,tpm,207a,16.523885542002972
14548R,tpm,208a,16.695417666982394
14548R,tpm,209a,16.06903529196279
14548R,tpm,210a,16.971958709007595
14548R,tpm,211a,16.06315275002271
14548R,tpm,212a,17.08784704201389
14548R,tpm,213a,15.980773749994114
14548R,tpm,214a,16.98917108302703
14548R,tpm,215a,15.9608409589855
14548R,tpm,216a,17.227464374969713
14548R,tpm,217a,15.835939917014912
14548R,tpm,218a,17.018409374984913
14548R,tpm,219a,15.785329875012394
14548R,tpm,220a,17.233905958011746
14548R,tpm,221a,16.022157791012432
14548R,tpm,222a,17.08589608297916
14548R,tpm,223a,16.06115454196697
14548R,tpm,224a,17.177089874981903
14548R,tpm,225a,15.831706041004509
14548R,tpm,226a,17.351715415949002
14548R,tpm,227a,16.175831833970733
14548R,tpm,228a,17.06595300004119
14548R,tpm,229a,15.972397833014838
14548R,tpm,230a,17.086644374998286
14548R,tpm,231a,15.973365791025572
14548R,tpm,232a,17.062665166973602
14548R,tpm,233a,15.938541165960487
14548R,tpm,234a,17.181879999989178
14548R,tpm,235a,16.09646466601407
14548R,tpm,236a,17.196178290992975
14548R,tpm,237a,16.01716370898066
14548R,tpm,238a,17.414794166979846
14548R,tpm,239a,16.21442841598764
14548R,tpm,240a,17.412171499978285
14548R,tpm,241a,16.76919075002661
14548R,tpm,242a,17.115249416965526
14548R,tpm,243a,21.563580083020497
14548R,tpm,244a,21.463526542007457
14548R,tpm,245a,22.259828125010245
14548R,tpm,246a,21.862264750001486
14548R,tpm,247a,23.455565624986775
14548R,tpm,248a,21.353381541965064
14548R,tpm,249a,22.712457249988802
14548R,tpm,250a,21.327663999982178
14548R,tpm,251a,22.387167166976724
14548R,tpm,252a,22.27978699997766
14548R,tpm,253a,20.765796790947206
14548R,tpm,254a,22.27252070803661
14548R,tpm,255a,21.85128858400276
14548R,tpm,256a,22.681812540977262
14548R,tpm,257a,22.9059704579995
14548R,tpm,258a,21.88640437502181
14548R,tpm,259a,22.770742291992065
14548R,tpm,260a,23.21640329202637
14548R,tpm,261a,25.312133375031408
14548R,tpm,262a,24.34992016601609
14548R,tpm,263a,22.62602991698077
14548R,tpm,264a,21.23226716701174
14548R,tpm,265a,21.909772540966514
14548R,tpm,266a,21.54048037499888
14548R,tpm,267a,21.289969334029593
14548R,tpm,268a,23.924183124967385
14548R,tpm,269a,22.214844375033863
14548R,tpm,270a,23.043329834006727
14548R,tpm,271a,22.57250099995872
14548R,tpm,272a,22.845448124979157
14548R,tpm,273a,21.633891792036593
14548R,tpm,274a,23.3555505410186
14548R,tpm,275a,21.76947374996962
14548R,tpm,276a,23.23946887499187
14548R,tpm,277a,22.92647066694917
14548R,tpm,278a,22.079308333981317
14548R,tpm,279a,21.870317417022306
14548R,tpm,280a,22.107101125002373
14548R,tpm,281a,21.699642250023317
14548R,tpm,282a,20.949261334026232
14548R,tpm,283a,22.671525624988135
14548R,tpm,284a,21.59495129197603
14548R,tpm,285a,21.636760291992687
14548R,tpm,286a,22.290101084043272
14548R,tpm,287a,22.14891595800873
14548R,tpm,288a,21.321954625018407
14548R,tpm,289a,20.856907000008505
14548R,tpm,290a,22.488673833024222
14548R,tpm,291a,21.210273500008043
14548R,tpm,292a,21.87421691697091
14548R,tpm,293a,21.614232250023633
14548R,tpm,294a,20.837199333007447
14548R,tpm,295a,22.206113875028677
14548R,tpm,296a,21.672301375016104
14548R,tpm,297a,21.032819834013935
14548R,tpm,298a,21.79111233301228
14548R,tpm,299a,22.205538125010207
14548R,tpm,300a,21.25775229203282
14548R,tpm,301a,22.13351087499177
14548R,tpm,302a,21.49547637498472
14548R,tpm,303a,22.035415040969383
14548R,tpm,304a,23.942846708989237
14548R,tpm,305a,21.388036541000474
14548R,tpm,306a,21.7819281250122
14548R,tpm,307a,20.862398792000022
14548R,tpm,308a,21.661692709021736
14548R,tpm,309a,22.591795500018634
14548R,tpm,310a,22.361828041030094
14548R,tpm,311a,22.07292058301391
14548R,tpm,312a,22.293872834008653
14548R,tpm,313a,22.30683258298086
14548R,tpm,314a,22.33777949999785
14548R,tpm,315a,21.598491084005218
14548R,tpm,316a,21.987141124962363
14548R,tpm,317a,22.402878042019438
14548R,tpm,318a,21.332227000035346
14548R,tpm,319a,20.784686208004132
14548R,tpm,320a,21.68353170796763
14548R,tpm,321a,21.254668375011533
14548R,tpm,322a,21.51936429197667
14548R,tpm,323a,21.86597412498668
14548R,tpm,324a,21.831590958987363
14548R,tpm,325a,21.29594616597751
14548R,tpm,326a,22.613046000013128
14548R,tpm,327a,22.253844624967314
14548R,tpm,328a,21.506784791999962
14548R,tpm,329a,22.197597458027303
14548R,tpm,330a,21.404946458991617
14548R,tpm,331a,21.967727625044063
14548R,tpm,332a,22.031177582975943
14548R,tpm,333a,22.352062459045555
14548R,tpm,334a,21.531119082996156
14548R,tpm,335a,21.010089249990415
14548R,tpm,336a,21.8473336660536
14548R,tpm,337a,22.391633875027765
14548R,tpm,338a,21.441033709037583
14548R,tpm,339a,22.442513625021093
14548R,tpm,340a,20.92202887503663
14548R,tpm,341a,22.020390291989315
14548R,tpm,342a,22.10590854199836
14548R,tpm,343a,21.88640541600762
14548R,tpm,344a,22.09427079197485
14548R,tpm,345a,22.789647792000324
14548R,tpm,346a,21.174014540971257
14548R,tpm,347a,22.607577082992066
14548R,tpm,348a,22.368117832986172
14548R,tpm,349a,21.942688124952838
14548R,tpm,350a,22.322398040967528
14548R,tpm,351a,21.591544250026345
14548R,tpm,352a,22.616098124999553
14548R,tpm,353a,22.198355041036848
14548R,tpm,354a,22.323279207979795
14548R,tpm,355a,22.386048041982576
14548R,tpm,356a,22.283617415989283
14548R,tpm,357a,21.442667333001737
14548R,tpm,358a,22.026964791992214
14548R,tpm,359a,22.972930250049103
14548R,tpm,360a,21.517320875020232
14548R,tpm,361a,21.10184337501414
14548R,tpm,362a,21.994508417032193
14548R,tpm,363a,21.981637999997474
14548R,tpm,364a,21.679740541032515
14548R,tpm,365a,21.68706416594796
14548R,tpm,366a,21.723659124982078
14548R,tpm,367a,21.36319395794999
14548R,tpm,368a,22.12121091701556
14548R,tpm,369a,21.97251533297822
14548R,tpm,370a,20.9849527500337
14548R,tpm,371a,21.64717195898993
14548R,tpm,372a,22.1656982920249
14548R,tpm,373a,21.633711500035133
14548R,tpm,374a,21.61377595801605
14548R,tpm,375a,22.198123582988046
14548R,tpm,376a,21.870790041983128
14548R,tpm,377a,22.065859084017575
14548R,tpm,378a,22.396321708045434
14548R,tpm,379a,21.85423549998086
14548R,tpm,380a,22.10061354096979
14548R,tpm,381a,21.12127895798767
14548R,tpm,382a,21.672882916987874
14548R,tpm,383a,21.998210666002706
14548R,tpm,384a,22.155153875006363
14548R,tpm,385a,21.151448916993104
14548R,tpm,386a,22.16333437495632
14548R,tpm,387a,21.557876624981873
14548R,tpm,388a,20.946788374974858
14548R,tpm,389a,22.198944166011643
14548R,tpm,390a,22.547779833956156
14548R,tpm,391a,22.08131970796967
14548R,tpm,392a,22.625534749997314
14548R,tpm,393a,20.724393707991112
14548R,tpm,394a,21.380336333008017
14548R,tpm,395a,21.32494762504939
14548R,tpm,396a,21.97554608300561
14548R,tpm,397a,22.966006583999842
14548R,tpm,398a,20.686938458005898
14548R,tpm,399a,20.69568825000897
14548R,tpm,400a,22.368993125041015
14548R,tpm,401a,21.43418979202397
14548R,tpm,402a,22.06541354197543
14548R,tpm,403a,22.82205154199619
14548R,tpm,404a,23.748466500022914
14548R,tpm,405a,22.577939875016455
14548R,tpm,406a,22.55249991605524
14548R,tpm,407a,21.900647624977864
14548R,tpm,408a,20.888666165992618
14548R,tpm,409a,21.428973708010744
14548R,tpm,410a,20.61844283301616
14548R,tpm,411a,20.92331279203063
14548R,tpm,412a,20.579083624994382
14548R,tpm,413a,20.90263445902383
14548R,tpm,414a,20.70272337499773
14548R,tpm,415a,21.485494667023886
14548R,tpm,416a,20.751767500012647
14548R,tpm,417a,21.17509879200952
14548R,tpm,418a,21.351513665984385
14548R,tpm,419a,21.338913917017635
14548R,tpm,420a,20.48406166600762
14548R,tpm,421a,21.7239106670022
14548R,tpm,422a,20.93269629200222
14548R,tpm,423a,21.171790249994956
14548R,tpm,424a,21.402698541991413
14548R,tpm,425a,20.887755541014485
14548R,tpm,426a,20.816122415999416
14548R,tpm,427a,21.093266500043683
14548R,tpm,428a,18.578649792005308
14548R,tpm,429a,18.396230124984868
14548R,tpm,430a,18.31056220899336
14548R,tpm,431a,17.555609542003367
14548R,tpm,432a,17.79487300000619
14548R,tpm,433a,17.382298499986064
14548R,tpm,434a,17.9511882920051
14548R,tpm,435a,17.36189837497659
14548R,tpm,436a,18.271919209044427
14548R,tpm,437a,18.350646750011947
14548R,tpm,438a,17.679562582983635
14548R,tpm,439a,17.22969062498305
14548R,tpm,440a,17.31977341597667
14548R,tpm,441a,17.973104292002972
14548R,tpm,442a,18.029896458028816
14548R,tpm,443a,17.752922707994003
14548R,tpm,444a,17.773075457953382
14548R,tpm,445a,17.51051016600104
14548R,tpm,446a,17.64715904102195
14548R,tpm,447a,18.34154758299701
14548R,tpm,448a,17.8495662920177
14548R,tpm,449a,18.019140415999573
14548R,tpm,450a,18.287234625022393
14548R,tpm,451a,17.718242249975447
14548R,tpm,452a,17.097292874997947
14548R,tpm,453a,17.53619291598443
14548R,tpm,454a,17.60740929102758
14548R,tpm,455a,17.911259500018787
14548R,tpm,456a,17.81212629104266
14548R,tpm,457a,17.896134666982107
14548R,tpm,458a,17.89592858403921
14548R,tpm,459a,17.43491675000405
14548R,tpm,460a,17.900296000007074
14548R,tpm,461a,17.818066167004872
14548R,tpm,462a,17.449971041001845
14548R,tpm,463a,17.992678290989716
14548R,tpm,464a,17.759213457989972
14548R,tpm,465a,17.69368745799875
14548R,tpm,466a,17.875335500051733
14548R,tpm,467a,17.592565917002503
14548R,tpm,468a,18.04827208298957
14548R,tpm,469a,17.798134083044715
14548R,tpm,470a,17.78073762502754
14548R,tpm,471a,18.45693345804466
14548R,tpm,472a,17.37377079098951
14548R,tpm,473a,17.959126833011396
14548R,tpm,474a,18.150674542004708
14548R,tpm,475a,18.0702610409935
14548R,tpm,476a,18.168690250022337
14548R,tpm,477a,17.20020583400037
14548R,tpm,478a,18.388341375044547
14548R,tpm,479a,18.071496749995276
14548R,tpm,480a,17.470991124981083
14548R,tpm,481a,18.042886375042144
14548R,tpm,482a,17.390203958027996
14548R,tpm,483a,18.229366207960993
14548R,tpm,484a,18.158527957974
14548R,tpm,485a,18.048108624992892
14548R,tpm,486a,26.57584104198031
14548R,tpm,487a,26.97965941595612
14548R,tpm,488a,25.599436041957233
14548R,tpm,489a,25.95155779196648
14548R,tpm,490a,25.95294070901582
14548R,tpm,491a,25.59740512497956
14548R,tpm,492a,25.61470516701229
14548R,tpm,493a,26.66111941699637
14548R,tpm,494a,26.841567208000924
14548R,tpm,495a,25.75372362503549
14548R,tpm,496a,25.741499041963834
14548R,tpm,497a,25.717935333028436
14548R,tpm,498a,25.438022707996424
14548R,tpm,499a,26.1656601249706
14548R,tpm,500a,25.459861917013768
14548R,tpm,501a,25.538675708987284
14548R,tpm,502a,26.198920624970924
14548R,tpm,503a,26.742546583001968
14548R,tpm,504a,26.87582587497309
14548R,tpm,505a,25.872255874972325
14548R,tpm,506a,26.493973792006727
14548R,tpm,507a,26.52384004194755
14548R,tpm,508a,26.037911791994702
14548R,tpm,509a,26.71107858303003
14548R,tpm,510a,26.25719516701065
14548R,tpm,511a,26.027226082980633
14548R,tpm,512a,25.852872249961365
14548R,tpm,513a,26.979233457997907
14548R,tpm,514a,26.27487633295823
14548R,tpm,515a,26.802856499969494
14548R,tpm,516a,26.20801066601416
14548R,tpm,517a,25.430258749984205
14548R,tpm,518a,24.273415917006787
14548R,tpm,519a,21.742292375012767
14548R,tpm,520a,21.546266291989014
14548R,tpm,521a,21.3473783339723
14548R,tpm,522a,21.34782070905203
14548R,tpm,523a,21.46857591700973
14548R,tpm,524a,21.369133792002685
14548R,tpm,525a,21.310196625010576
14548R,tpm,526a,21.226941749977414
14548R,tpm,527a,21.23625183396507
14548R,tpm,528a,21.31680516700726
14548R,tpm,529a,21.330934249970596
14548R,tpm,530a,21.19743245805148
14548R,tpm,531a,21.19371687498642
14548R,tpm,532a,21.291384874959476
14548R,tpm,533a,21.288204707961995
14548R,tpm,534a,21.251721083011944
14548R,tpm,535a,21.284082749974914
14548R,tpm,536a,21.393796125019435
14548R,tpm,537a,21.32523466600105
14548R,tpm,538a,21.391381666995585
14548R,tpm,539a,21.24040674994467
14548R,tpm,540a,21.24949558399385
14548R,tpm,541a,21.258959292026702
14548R,tpm,542a,21.23651204199996
14548R,tpm,543a,21.47355137503473
14548R,tpm,544a,21.360936458979268
14548R,tpm,545a,21.23092954198364
14548R,tpm,546a,21.34707304200856
14548R,tpm,547a,22.92353908298537
14548R,tpm,548a,21.46440566703677
14548R,tpm,549a,21.250154291978106
14548R,tpm,550a,21.25574420799967
14548R,tpm,551a,21.219870542001445
14548R,tpm,552a,21.522893625020515
14548R,tpm,553a,22.6143201670493
14548R,tpm,554a,21.565098958963063
14548R,tpm,555a,21.406793750007637
14548R,tpm,556a,21.34392533299979
14548R,tpm,557a,21.33046241698321
14548R,tpm,558a,21.86893591703847
14548R,tpm,559a,22.664928832964506
14548R,tpm,560a,21.857421750028152
14548R,tpm,561a,21.363231750030536
14548R,tpm,562a,21.237553582992405
14548R,tpm,563a,21.24594445800176
14548R,tpm,564a,21.750540041015483
14548R,tpm,565a,21.428610000002664
14548R,tpm,566a,21.297931332956068
14548R,tpm,567a,21.338042666960973
14548R,tpm,568a,21.311770999978762
14548R,tpm,569a,21.321372040954884
14548R,tpm,570a,22.16970483295154
14548R,tpm,571a,21.35553879098734
14548R,tpm,572a,21.318280457984656
14548R,tpm,573a,21.27317887498066
14548R,tpm,574a,21.87433212500764
14548R,tpm,575a,21.376730000018142
14548R,tpm,576a,21.623812500038184
14548R,tpm,577a,21.318582499981858
14548R,tpm,578a,21.683549874986056
14548R,tpm,579a,21.72677562496392
14548R,tpm,580a,21.27228329196805
14548R,tpm,581a,21.269444999983534
14548R,tpm,582a,21.342726124974433
14548R,tpm,583a,21.36909995903261
14548R,tpm,584a,21.760862249997444
14548R,tpm,585a,21.24766691599507
14548R,tpm,586a,21.250918917008676
14548R,tpm,587a,21.311985708016437
14548R,tpm,588a,21.216041625011712
14548R,tpm,589a,22.352145041979384
14548R,tpm,590a,22.255912374996115
14548R,tpm,591a,22.384086917038076
14548R,tpm,592a,22.28218537499197
14548R,tpm,593a,22.470812000043225
14548R,tpm,594a,22.283939332992304
14548R,tpm,595a,22.40198299998883
14548R,tpm,596a,22.536747416015714
14548R,tpm,597a,22.518934958963655
14548R,tpm,598a,22.167017000028864
14548R,tpm,599a,22.66215937503148
14548R,tpm,600a,22.400593833008315
14548R,tpm,601a,22.469396959000733
14548R,tpm,602a,22.30114549997961
14548R,tpm,603a,22.3730362499482
14548R,tpm,604a,22.35561945900554
14548R,tpm,605a,22.45721775002312
14548R,tpm,606a,21.864579874963965
14548R,tpm,607a,21.82655879104277
14548R,tpm,608a,21.787917833018582
14548R,tpm,609a,22.288402000034694
14548R,tpm,610a,22.232464791974053
14548R,tpm,611a,22.69974762503989
14548R,tpm,612a,21.948425415961538
14548R,tpm,613a,21.94311499997275
14548R,tpm,614a,21.954481291992124
14548R,tpm,615a,21.2763371670153
14548R,tpm,616a,21.846990834048484
14548R,tpm,617a,21.870885750046
14548R,tpm,618a,21.384989582991693
14548R,tpm,619a,21.818504208000377
14548R,tpm,620a,21.884236374986358
14548R,tpm,621a,21.296630249998998
14548R,tpm,622a,21.277357749990188
14548R,tpm,623a,21.202762166969478
14548R,tpm,624a,21.306967707991134
14548R,tpm,625a,21.90692120901076
14548R,tpm,626a,21.310210708004888
14548R,tpm,627a,21.4254772500135
14548R,tpm,628a,21.490856208023615
14548R,tpm,629a,21.41940308402991
14548R,tpm,630a,22.36268308397848
14548R,tpm,631a,22.046325791976415
14548R,tpm,632a,22.56892599997809
14548R,tpm,633a,22.24129641702166
14548R,tpm,634a,22.257315916998778
14548R,tpm,635a,22.330519500013907
14548R,tpm,636a,22.544663958018646
14548R,tpm,637a,22.53550220798934
14548R,tpm,638a,22.522619125025813
14548R,tpm,639a,22.396827750024386
14548R,tpm,640a,22.29062708298443
14548R,tpm,641a,22.532290291041136
14548R,tpm,642a,22.55729666701518
14548R,tpm,643a,22.537985917006154
14548R,tpm,644a,22.542403707979247
14548R,tpm,645a,22.582486458006315
14548R,tpm,646a,22.71393716702005
14548R,tpm,647a,22.22300150000956
14548R,tpm,648a,22.67474841699004
14548R,tpm,649a,22.14645262499107
14548R,tpm,650a,21.898615333018824
14548R,tpm,651a,22.424869332986418
14548R,tpm,652a,22.40278408298036
14548R,tpm,653a,21.98128899995936
14548R,tpm,654a,22.074247667042073
14548R,tpm,655a,22.126901374955196
14548R,tpm,656a,21.316021499980707
14548R,tpm,657a,21.79817645897856
14548R,tpm,658a,22.024748916039243
14548R,tpm,659a,21.250468166021165
14548R,tpm,660a,21.783453957992606
14548R,tpm,661a,21.871926375024486
14548R,tpm,662a,21.328896458959207
14548R,tpm,663a,21.37007845903281
14548R,tpm,664a,21.41632474999642
14548R,tpm,665a,21.432767166988924
14548R,tpm,666a,21.8437018339755
14548R,tpm,667a,21.327393500017934
14548R,tpm,668a,21.347980916965753
14548R,tpm,669a,21.426937417010777
14548R,tpm,670a,21.388669750012923
14548R,tpm,671a,22.45329195796512
14548R,tpm,672a,22.202524041000288
14548R,tpm,673a,22.657366667001043
14548R,tpm,674a,22.480624750023708
14548R,tpm,675a,22.377840666973498
14548R,tpm,676a,22.413678999990225
14548R,tpm,677a,22.49058895901544
14548R,tpm,678a,22.192180458980147
14548R,tpm,679a,22.501471625000704
14548R,tpm,680a,22.55295229202602
14548R,tpm,681a,22.548645584029146
14548R,tpm,682a,22.406004832999315
14548R,tpm,683a,22.555859707994387
14548R,tpm,684a,22.67364924994763
14548R,tpm,685a,22.484634791035205
14548R,tpm,686a,22.55721908301348
14548R,tpm,687a,22.59695591701893
14548R,tpm,688a,22.279267874953803
14548R,tpm,689a,22.479806040995754
14548R,tpm,690a,22.021686041960493
14548R,tpm,691a,22.074255209008697
14548R,tpm,692a,21.43326383299427
14548R,tpm,693a,21.897749958035998
14548R,tpm,694a,22.548521291988436
14548R,tpm,695a,21.96100612502778
14548R,tpm,696a,22.21444137499202
14548R,tpm,697a,21.463462500018068
14548R,tpm,698a,22.012282875017263
14548R,tpm,699a,21.955406332970597
14548R,tpm,700a,21.57193441601703
14548R,tpm,701a,22.076058084028773
14548R,tpm,702a,22.044281875016168
14548R,tpm,703a,21.43642737501068
14548R,tpm,704a,21.264074708044063
14548R,tpm,705a,21.240635874972213
14548R,tpm,706a,21.485531874990556
14548R,tpm,707a,21.915236249973532
14548R,tpm,708a,21.52219366596546
14548R,tpm,709a,21.500919500016607
14548R,tpm,710a,21.945643290993758
14548R,tpm,711a,21.757057500013616
14548R,tpm,712a,22.66791324998485
14548R,tpm,713a,22.224750916007906
14548R,tpm,714a,22.40383666701382
14548R,tpm,715a,22.660322416981217
14548R,tpm,716a,22.281524290970992
14548R,tpm,717a,22.44488695799373
14548R,tpm,718a,22.729423999961
14548R,tpm,719a,22.575928958016448
14548R,tpm,720a,22.47406083403621
14548R,tpm,721a,22.60894795897184
14548R,tpm,722a,22.210472791979555
14548R,tpm,723a,22.506681874976493
14548R,tpm,724a,22.362424874969292
14548R,tpm,725a,22.40960095799528
14548R,tpm,726a,22.50410899997223
14548R,tpm,727a,22.573486500012223
14548R,tpm,728a,22.643914333020803
14548R,tpm,0b,10.396904375054874
14548R,tpm,1b,8.990936125046574
14548R,tpm,2b,8.817993375007063
14548R,tpm,3b,10.16238233295735
14548R,tpm,4b,10.390176583023276
14548R,tpm,5b,10.331514958990738
14548R,tpm,6b,10.61601483298
14548R,tpm,7b,9.6857655000058
14548R,tpm,8b,10.16383874998428
14548R,tpm,9b,10.224069125019014
14548R,tpm,10b,10.186544042022433
14548R,tpm,11b,10.207952458993532
14548R,tpm,12b,10.693679541989695
14548R,tpm,13b,10.61148454103386
14548R,tpm,14b,12.749443917011376
14548R,tpm,15b,11.48838745802641
14548R,tpm,16b,10.924126958008856
14548R,tpm,17b,11.59941937495023
14548R,tpm,18b,10.528673540975433
14548R,tpm,19b,9.837736208050046
14548R,tpm,20b,9.782660458004102
14548R,tpm,21b,10.095587333024014
14548R,tpm,22b,10.624238167016301
14548R,tpm,23b,10.576138417003676
14548R,tpm,24b,10.937544333050027
14548R,tpm,25b,11.149680542002898
14548R,tpm,26b,10.795791208045557
14548R,tpm,27b,10.778931459004525
14548R,tpm,28b,10.294698417012114
14548R,tpm,29b,10.406500542012509
14548R,tpm,30b,10.851681208005175
14548R,tpm,31b,10.690837000031024
14548R,tpm,32b,10.790652625029907
14548R,tpm,33b,11.034486874996219
14548R,tpm,34b,11.11806233401876
14548R,tpm,35b,10.666076333029196
14548R,tpm,36b,11.532198874978349
14548R,tpm,37b,11.572408540989272
14548R,tpm,38b,10.928025707951747
14548R,tpm,39b,10.80714333395008
14548R,tpm,40b,10.591166917001829
14548R,tpm,41b,10.612749666033778
14548R,tpm,42b,10.847721500031184
14548R,tpm,43b,10.753236207994632
14548R,tpm,44b,10.839129958010744
14548R,tpm,45b,10.760713916039094
14548R,tpm,46b,11.424859999970067
14548R,tpm,47b,11.011427540972363
14548R,tpm,48b,11.388986791018397
14548R,tpm,49b,10.819060874986462
14548R,tpm,50b,11.437540999962948
14548R,tpm,51b,10.965724167006556
14548R,tpm,52b,10.503694417013321
14548R,tpm,53b,10.74943937495118
14548R,tpm,54b,10.17991520895157
14548R,tpm,55b,10.686537875037175
14548R,tpm,56b,11.074368041998241
14548R,tpm,57b,10.195782167022116
14548R,tpm,58b,10.714758957969025
14548R,tpm,59b,11.031101708998904
14548R,tpm,60b,10.381556875014212
14548R,tpm,61b,10.765948374988511
14548R,tpm,62b,11.057614624965936
14548R,tpm,63b,10.264919415989425
14548R,tpm,64b,10.544037625018973
14548R,tpm,65b,11.198476040968671
14548R,tpm,66b,10.369557708967477
14548R,tpm,67b,11.040038750041276
14548R,tpm,68b,11.016232249967288
14548R,tpm,69b,10.457446416956373
14548R,tpm,70b,11.415081165963784
14548R,tpm,71b,10.907084874983411
14548R,tpm,72b,10.37202462501591
14548R,tpm,73b,11.162751249969006
14548R,tpm,74b,11.257656584028155
14548R,tpm,75b,11.068484957970213
14548R,tpm,76b,11.445644500025082
14548R,tpm,77b,11.006820292037446
14548R,tpm,78b,11.208649625012185
14548R,tpm,79b,11.620395165984519
14548R,tpm,80b,11.150353082979564
14548R,tpm,81b,10.879087832989171
14548R,tpm,82b,11.667207500024233
14548R,tpm,83b,11.848162874986883
14548R,tpm,84b,10.915740916971117
14548R,tpm,85b,10.334335583960637
14548R,tpm,86b,10.82879012497142
14548R,tpm,87b,11.38523370900657
14548R,tpm,88b,10.384778334002476
14548R,tpm,89b,10.53776754194405
14548R,tpm,90b,11.133249083999544
14548R,tpm,91b,10.459942833986133
14548R,tpm,92b,10.737802416959312
14548R,tpm,93b,10.80163162498502
14548R,tpm,94b,10.161125666054431
14548R,tpm,95b,11.100132957973983
14548R,tpm,96b,10.425597042019945
14548R,tpm,97b,10.78960137499962
14548R,tpm,98b,11.790392583003268
14548R,tpm,99b,10.256050250027329
14548R,tpm,100b,10.714563499961514
14548R,tpm,101b,11.287580041971523
14548R,tpm,102b,12.358628959045745
14548R,tpm,103b,12.085643958009314
14548R,tpm,104b,11.811493291985244
14548R,tpm,105b,11.15355491702212
14548R,tpm,106b,10.447134500020184
14548R,tpm,107b,11.627516957989428
14548R,tpm,108b,11.12882854102645
14548R,tpm,109b,11.375514750019647
14548R,tpm,110b,11.703557082975749
14548R,tpm,111b,10.741673709009774
14548R,tpm,112b,10.544377458980307
14548R,tpm,113b,11.70071124995593
14548R,tpm,114b,10.602049290959258
14548R,tpm,115b,11.241600582958199
14548R,tpm,116b,11.496681957971305
14548R,tpm,117b,10.213347667013295
14548R,tpm,118b,10.701722957950551
14548R,tpm,119b,11.324386499996763
14548R,tpm,120b,10.709444292006083
14548R,tpm,121b,10.352528084011283
14548R,tpm,122b,11.974097500031348
14548R,tpm,123b,11.171084041998256
14548R,tpm,124b,11.114733374968637
14548R,tpm,125b,11.722104707965627
14548R,tpm,126b,10.751741666987073
14548R,tpm,127b,10.589950583002064
14548R,tpm,128b,11.202058500028215
14548R,tpm,129b,11.72987054195255
14548R,tpm,130b,12.698045541008469
14548R,tpm,131b,12.819730207964312
14548R,tpm,132b,12.209856959001627
14548R,tpm,133b,12.917066124966368
14548R,tpm,134b,11.838600707997102
14548R,tpm,135b,10.561967250017915
14548R,tpm,136b,12.796276792010758
14548R,tpm,137b,12.833704916993156
14548R,tpm,138b,12.459842665994074
14548R,tpm,139b,12.725675916997716
14548R,tpm,140b,12.630120332993101
14548R,tpm,141b,13.255570749985054
14548R,tpm,142b,12.409313792013563
14548R,tpm,143b,10.836574167013168
14548R,tpm,144b,11.048048665979877
14548R,tpm,145b,11.117418000008911
14548R,tpm,146b,10.26943070802372
14548R,tpm,147b,10.903109000006225
14548R,tpm,148b,10.792114040988963
14548R,tpm,149b,10.167441416997463
14548R,tpm,150b,11.094519916980062
14548R,tpm,151b,10.821183957974426
14548R,tpm,152b,10.311673208023421
14548R,tpm,153b,11.114122416009195
14548R,tpm,154b,10.824416332994588
14548R,tpm,155b,10.52728804195067
14548R,tpm,156b,10.494873292045668
14548R,tpm,157b,11.070962040976156
14548R,tpm,158b,10.454848041001242
14548R,tpm,159b,11.243703000014648
14548R,tpm,160b,11.243495750008151
14548R,tpm,161b,10.705253708001692
14548R,tpm,162b,11.032436999958009
14548R,tpm,163b,11.228374666010495
14548R,tpm,164b,10.518579000025056
14548R,tpm,165b,11.071059291949496
14548R,tpm,166b,11.480685500020627
14548R,tpm,167b,10.412038957991172
14548R,tpm,168b,10.999794083007146
14548R,tpm,169b,11.46680962498067
14548R,tpm,170b,10.646026375005022
14548R,tpm,171b,11.011198166001122
14548R,tpm,172b,11.465528665983584
14548R,tpm,173b,10.507935417001136
14548R,tpm,174b,11.315679542021826
14548R,tpm,175b,11.2197788329795
14548R,tpm,176b,10.631052832992282
14548R,tpm,177b,11.674276333011221
14548R,tpm,178b,11.038542874972336
14548R,tpm,179b,10.630564958031755
14548R,tpm,180b,11.549812957993709
14548R,tpm,181b,10.857310125022195
14548R,tpm,182b,10.570263167028315
14548R,tpm,183b,11.681997124978807
14548R,tpm,184b,10.863254457945004
14548R,tpm,185b,10.769846541981678
14548R,tpm,186b,11.593606999958865
14548R,tpm,187b,10.575107207987458
14548R,tpm,188b,10.688606082985643
14548R,tpm,189b,11.236063625023235
14548R,tpm,190b,10.656026208016556
14548R,tpm,191b,10.188635833037551
14548R,tpm,192b,10.732023415970616
14548R,tpm,193b,10.814645333972294
14548R,tpm,194b,10.938015958003234
14548R,tpm,195b,11.412902416021097
14548R,tpm,196b,10.62047225004062
14548R,tpm,197b,10.795871749985963
14548R,tpm,198b,11.176929541979916
14548R,tpm,199b,10.45614108297741
14548R,tpm,200b,10.588699624990113
14548R,tpm,201b,11.213065750023816
14548R,tpm,202b,10.3923722920008
14548R,tpm,203b,10.355491375026759
14548R,tpm,204b,11.641124833957292
14548R,tpm,205b,10.681657625013031
14548R,tpm,206b,10.763672708009835
14548R,tpm,207b,11.375962000049185
14548R,tpm,208b,10.450350540981162
14548R,tpm,209b,10.307659082987811
14548R,tpm,210b,11.411936000047717
14548R,tpm,211b,10.610893665987533
14548R,tpm,212b,10.256480041018222
14548R,tpm,213b,11.589241707988549
14548R,tpm,214b,10.71029883401934
14548R,tpm,215b,10.578534542000853
14548R,tpm,216b,11.644808124983683
14548R,tpm,217b,10.603650625038426
14548R,tpm,218b,10.200030500011053
14548R,tpm,219b,11.34168104204582
14548R,tpm,220b,10.582989207992796
14548R,tpm,221b,10.54856166697573
14548R,tpm,222b,11.49283075000858
14548R,tpm,223b,10.703550000034738
14548R,tpm,224b,10.50455516699003
14548R,tpm,225b,11.395702334004454
14548R,tpm,226b,10.643736292026006
14548R,tpm,227b,10.393870208004955
14548R,tpm,228b,11.008954457996879
14548R,tpm,229b,11.125642583996523
14548R,tpm,230b,10.322104167018551
14548R,tpm,231b,11.496032750001177
14548R,tpm,232b,12.02410170895746
14548R,tpm,233b,10.703984082967509
14548R,tpm,234b,11.45618579199072
14548R,tpm,235b,10.839239791035652
14548R,tpm,236b,10.130539750040043
14548R,tpm,237b,11.618459207995329
14548R,tpm,238b,10.746469625039026
14548R,tpm,239b,10.350788707961328
14548R,tpm,240b,11.693661500001326
14548R,tpm,241b,10.649173458048608
14548R,tpm,242b,10.470085915992968
14548R,tpm,243b,13.6769188339822
14548R,tpm,244b,12.993189917004202
14548R,tpm,245b,12.408244333055336
14548R,tpm,246b,13.594993125007022
14548R,tpm,247b,12.642966958053876
14548R,tpm,248b,12.937449958990328
14548R,tpm,249b,13.39619841700187
14548R,tpm,250b,12.674385167018045
14548R,tpm,251b,13.484658250003122
14548R,tpm,252b,13.039271290996112
14548R,tpm,253b,12.50676212500548
14548R,tpm,254b,13.649242875049822
14548R,tpm,255b,12.501392624981236
14548R,tpm,256b,12.895304334000684
14548R,tpm,257b,13.285457083024085
14548R,tpm,258b,12.731525458046235
14548R,tpm,259b,13.759388124977704
14548R,tpm,260b,12.784928667009808
14548R,tpm,261b,12.308963124989532
14548R,tpm,262b,13.680687915999442
14548R,tpm,263b,12.507935374975204
14548R,tpm,264b,13.13505433301907
14548R,tpm,265b,13.111156292026863
14548R,tpm,266b,12.693310999951791
14548R,tpm,267b,13.958946167025715
14548R,tpm,268b,12.818544832989573
14548R,tpm,269b,13.728647874959279
14548R,tpm,270b,12.935561624995898
14548R,tpm,271b,12.57750004105037
14548R,tpm,272b,13.502810915990267
14548R,tpm,273b,12.512461333011743
14548R,tpm,274b,13.590535958006512
14548R,tpm,275b,12.629530416976195
14548R,tpm,276b,13.291631250001956
14548R,tpm,277b,13.068708250008058
14548R,tpm,278b,13.150229582970496
14548R,tpm,279b,13.081982875009999
14548R,tpm,280b,12.974358749983367
14548R,tpm,281b,13.18807208398357
14548R,tpm,282b,12.918470292002894
14548R,tpm,283b,12.567530667001847
14548R,tpm,284b,13.26101016701432
14548R,tpm,285b,12.962316874996759
14548R,tpm,286b,12.610806917014997
14548R,tpm,287b,13.862359083024785
14548R,tpm,288b,12.658039417001419
14548R,tpm,289b,13.535584458964877
14548R,tpm,290b,12.890257749997545
14548R,tpm,291b,13.223159875022247
14548R,tpm,292b,13.172751582984347
14548R,tpm,293b,12.826598541985732
14548R,tpm,294b,14.02748041698942
14548R,tpm,295b,12.978586666984484
14548R,tpm,296b,13.10068362497259
14548R,tpm,297b,13.584312958992086
14548R,tpm,298b,12.607189082948025
14548R,tpm,299b,13.032728874997701
14548R,tpm,300b,13.134666249970905
14548R,tpm,301b,12.572341374994721
14548R,tpm,302b,13.768020874995273
14548R,tpm,303b,12.807398792007007
14548R,tpm,304b,13.102255458012223
14548R,tpm,305b,13.308944459015038
14548R,tpm,306b,12.54102491697995
14548R,tpm,307b,13.590521084028296
14548R,tpm,308b,12.777984625019599
14548R,tpm,309b,12.897805207991041
14548R,tpm,310b,13.311181875003967
14548R,tpm,311b,12.503929209022317
14548R,tpm,312b,13.555706624989398
14548R,tpm,313b,13.132739499968011
14548R,tpm,314b,12.530283291998785
14548R,tpm,315b,13.69797874998767
14548R,tpm,316b,12.642148291051853
14548R,tpm,317b,13.042720000026748
14548R,tpm,318b,13.309085584012792
14548R,tpm,319b,12.48791791597614
14548R,tpm,320b,13.824647750006989
14548R,tpm,321b,13.094891916029155
14548R,tpm,322b,13.29169650003314
14548R,tpm,323b,13.278558458026964
14548R,tpm,324b,12.536863459041342
14548R,tpm,325b,13.699144333018921
14548R,tpm,326b,12.625618375022896
14548R,tpm,327b,13.23201087495545
14548R,tpm,328b,12.989567333017476
14548R,tpm,329b,12.4920612500282
14548R,tpm,330b,13.972916208032984
14548R,tpm,331b,12.774487707996741
14548R,tpm,332b,13.53121625003405
14548R,tpm,333b,13.049981667019892
14548R,tpm,334b,12.604901332990266
14548R,tpm,335b,13.88306341599673
14548R,tpm,336b,12.94320316700032
14548R,tpm,337b,13.451832459017169
14548R,tpm,338b,13.254607625014614
14548R,tpm,339b,13.174879166996107
14548R,tpm,340b,14.01726387499366
14548R,tpm,341b,12.869253541983198
14548R,tpm,342b,13.302150917006657
14548R,tpm,343b,13.146229374979157
14548R,tpm,344b,12.714109583001118
14548R,tpm,345b,13.583972458029166
14548R,tpm,346b,13.826027375005651
14548R,tpm,347b,12.801552999997512
14548R,tpm,348b,14.504753624962177
14548R,tpm,349b,14.154211541987024
14548R,tpm,350b,12.796604625007603
14548R,tpm,351b,13.236975749954581
14548R,tpm,352b,13.731323249987327
14548R,tpm,353b,12.989939708961174
14548R,tpm,354b,12.905313667026348
14548R,tpm,355b,13.78285691596102
14548R,tpm,356b,13.17259287496563
14548R,tpm,357b,13.623931416019332
14548R,tpm,358b,12.800876000022981
14548R,tpm,359b,12.906128665956203
14548R,tpm,360b,13.76156329200603
14548R,tpm,361b,12.836962291970849
14548R,tpm,362b,13.518881166994106
14548R,tpm,363b,14.055011375050526
14548R,tpm,364b,13.832175499992445
14548R,tpm,365b,13.771938333986327
14548R,tpm,366b,12.93462825001916
14548R,tpm,367b,13.831654375011567
14548R,tpm,368b,13.685845082974993
14548R,tpm,369b,14.79008150001755
14548R,tpm,370b,13.143612042011227
14548R,tpm,371b,14.953436584037263
14548R,tpm,372b,15.59210491599515
14548R,tpm,373b,14.852036917000078
14548R,tpm,374b,13.231653874972835
14548R,tpm,375b,14.56282866699621
14548R,tpm,376b,13.155724917014595
14548R,tpm,377b,13.15658762503881
14548R,tpm,378b,13.227907458029222
14548R,tpm,379b,12.644050333998166
14548R,tpm,380b,13.276145874988288
14548R,tpm,381b,12.824327083013486
14548R,tpm,382b,13.427923417009879
14548R,tpm,383b,14.080669999995735
14548R,tpm,384b,14.031295499997213
14548R,tpm,385b,13.344160375010688
14548R,tpm,386b,13.896676167030819
14548R,tpm,387b,14.294114167045336
14548R,tpm,388b,13.223159291024785
14548R,tpm,389b,13.848586167034227
14548R,tpm,390b,13.638802416971885
14548R,tpm,391b,13.291595292044804
14548R,tpm,392b,13.358344834006857
14548R,tpm,393b,13.984219416975975
14548R,tpm,394b,13.786343374988064
14548R,tpm,395b,13.153987290977966
14548R,tpm,396b,13.936365791014396
14548R,tpm,397b,14.116281707945745
14548R,tpm,398b,13.760733500006609
14548R,tpm,399b,12.83718095900258
14548R,tpm,400b,13.665373708005063
14548R,tpm,401b,13.669589333992917
14548R,tpm,402b,12.944402666995302
14548R,tpm,403b,13.604352209018543
14548R,tpm,404b,13.021655249991454
14548R,tpm,405b,13.424138250004034
14548R,tpm,406b,12.74744741700124
14548R,tpm,407b,13.163067249988671
14548R,tpm,408b,13.902117124991491
14548R,tpm,409b,12.438906082999893
14548R,tpm,410b,13.965059499954805
14548R,tpm,411b,13.351352124998812
14548R,tpm,412b,13.100115167035256
14548R,tpm,413b,13.483006082999054
14548R,tpm,414b,13.651834166026674
14548R,tpm,415b,12.714507333002985
14548R,tpm,416b,13.049373166053556
14548R,tpm,417b,12.975899291981477
14548R,tpm,418b,12.473933625034988
14548R,tpm,419b,13.276252624986228
14548R,tpm,420b,14.158873082953505
14548R,tpm,421b,12.697969542001374
14548R,tpm,422b,13.00390316703124
14548R,tpm,423b,13.312975832959637
14548R,tpm,424b,12.818869999959134
14548R,tpm,425b,13.51760987500893
14548R,tpm,426b,12.228580041031819
14548R,tpm,427b,13.42614112503361
14548R,tpm,428b,13.125919582962524
14548R,tpm,429b,12.958946291008033
14548R,tpm,430b,13.359279958007392
14548R,tpm,431b,12.813417750003282
14548R,tpm,432b,13.277307082957122
14548R,tpm,433b,12.926314915996045
14548R,tpm,434b,13.772335208021104
14548R,tpm,435b,13.38323437498184
14548R,tpm,436b,12.503555749950465
14548R,tpm,437b,13.416870624991134
14548R,tpm,438b,13.414514167001471
14548R,tpm,439b,13.484817416989245
14548R,tpm,440b,13.768376332998741
14548R,tpm,441b,12.488718708977103
14548R,tpm,442b,14.307180209027138
14548R,tpm,443b,14.180755083973054
14548R,tpm,444b,12.795622291974723
14548R,tpm,445b,12.74800620804308
14548R,tpm,446b,13.46628208400216
14548R,tpm,447b,12.918519541970454
14548R,tpm,448b,13.229501124995295
14548R,tpm,449b,12.849862375005614
14548R,tpm,450b,13.576534666994121
14548R,tpm,451b,13.637311791011598
14548R,tpm,452b,13.398891624994576
14548R,tpm,453b,13.61082795803668
14548R,tpm,454b,13.5783085830044
14548R,tpm,455b,12.864840499998536
14548R,tpm,456b,14.080326958035585
14548R,tpm,457b,13.944468749978114
14548R,tpm,458b,13.032805416965857
14548R,tpm,459b,13.557584499998484
14548R,tpm,460b,13.086464958032593
14548R,tpm,461b,13.46359883400146
14548R,tpm,462b,13.670378375041764
14548R,tpm,463b,12.950261624995619
14548R,tpm,464b,13.58216212503612
14548R,tpm,465b,12.691232374985702
14548R,tpm,466b,13.564446541015059
14548R,tpm,467b,12.766821791999973
14548R,tpm,468b,13.023139458033256
14548R,tpm,469b,12.925761375052389
14548R,tpm,470b,12.439438666973729
14548R,tpm,471b,13.426588292000815
14548R,tpm,472b,12.59580620896304
14548R,tpm,473b,13.56302520900499
14548R,tpm,474b,12.965281332959421
14548R,tpm,475b,13.1556424999726
14548R,tpm,476b,13.473913917026948
14548R,tpm,477b,13.072805540985428
14548R,tpm,478b,13.475395832967479
14548R,tpm,479b,13.483916124969255
14548R,tpm,480b,13.365271249960642
14548R,tpm,481b,13.442933916987386
14548R,tpm,482b,13.017451416002586
14548R,tpm,483b,14.095567415992264
14548R,tpm,484b,12.97445062501356
14548R,tpm,485b,13.341151124972384
14548R,tpm,486b,18.53052991599543
14548R,tpm,487b,18.050632584025152
14548R,tpm,488b,17.980203750019427
14548R,tpm,489b,18.748949333967175
14548R,tpm,490b,18.150166583014652
14548R,tpm,491b,17.765695416019298
14548R,tpm,492b,17.88435050001135
14548R,tpm,493b,19.290479374991264
14548R,tpm,494b,18.541326125035994
14548R,tpm,495b,17.950231458991766
14548R,tpm,496b,19.038667500019073
14548R,tpm,497b,17.61147050000727
14548R,tpm,498b,18.33346429199446
14548R,tpm,499b,18.56031787500251
14548R,tpm,500b,18.390425208956003
14548R,tpm,501b,18.580401084036566
14548R,tpm,502b,18.431011917011347
14548R,tpm,503b,19.20975883299252
14548R,tpm,504b,18.021997749980073
14548R,tpm,505b,18.577435416984372
14548R,tpm,506b,19.284269125026185
14548R,tpm,507b,18.08367012499366
14548R,tpm,508b,18.471992457984015
14548R,tpm,509b,18.67346520902356
14548R,tpm,510b,18.146651708055288
14548R,tpm,511b,19.112755749956705
14548R,tpm,512b,19.301411124994047
14548R,tpm,513b,18.522028833976947
14548R,tpm,514b,18.475751042016782
14548R,tpm,515b,18.837287166970782
14548R,tpm,516b,18.53104633401381
14548R,tpm,517b,18.417474833026063
14548R,tpm,518b,18.328161916986573
14548R,tpm,519b,18.298597333021462
14548R,tpm,520b,18.96024479198968
14548R,tpm,521b,18.047387166996486
14548R,tpm,522b,17.84307520801667
14548R,tpm,523b,18.38028312503593
14548R,tpm,524b,18.59001458401326
14548R,tpm,525b,18.371364500024356
14548R,tpm,526b,17.540426334016956
14548R,tpm,527b,18.205314333026763
14548R,tpm,528b,17.951248291006777
14548R,tpm,529b,18.342665540985763
14548R,tpm,530b,18.472884292015806
14548R,tpm,531b,18.00856045796536
14548R,tpm,532b,18.418605042039417
14548R,tpm,533b,17.50234837498283
14548R,tpm,534b,18.39886520797154
14548R,tpm,535b,18.356463375035673
14548R,tpm,536b,18.16739937500097
14548R,tpm,537b,18.289823541010264
14548R,tpm,538b,18.7031564170029
14548R,tpm,539b,18.404922500019893
14548R,tpm,540b,18.39921312505612
14548R,tpm,541b,18.794930665986612
14548R,tpm,542b,18.790403708990198
14548R,tpm,543b,18.210971915978007
14548R,tpm,544b,17.802245750033762
14548R,tpm,545b,18.6528291660361
14548R,tpm,546b,17.419523915974423
14548R,tpm,547b,18.2511562500149
14548R,tpm,548b,18.964190665981732
14548R,tpm,549b,18.38635124999564
14548R,tpm,550b,18.115190249984153
14548R,tpm,551b,17.855971958022565
14548R,tpm,552b,18.41395720903529
14548R,tpm,553b,18.481945500010625
14548R,tpm,554b,17.64882054197369
14548R,tpm,555b,18.282088832987938
14548R,tpm,556b,18.364031583012547
14548R,tpm,557b,18.990058499970473
14548R,tpm,558b,18.52656854095403
14548R,tpm,559b,19.078644875029568
14548R,tpm,560b,17.646276125044096
14548R,tpm,561b,17.75092899997253
14548R,tpm,562b,17.384001500031445
14548R,tpm,563b,17.8449268330005
14548R,tpm,564b,18.77928100002464
14548R,tpm,565b,19.278261416999158
14548R,tpm,566b,17.661429499974474
14548R,tpm,567b,17.904333582962863
14548R,tpm,568b,17.8033307089936
14548R,tpm,569b,18.473570916976314
14548R,tpm,570b,18.298660708998796
14548R,tpm,571b,17.893268875021022
14548R,tpm,572b,19.08843570802128
14548R,tpm,573b,19.84088499995414
14548R,tpm,574b,19.9053065420012
14548R,tpm,575b,19.019881457963493
14548R,tpm,576b,18.662550540990196
14548R,tpm,577b,18.28545737499371
14548R,tpm,578b,17.782405207981355
14548R,tpm,579b,17.92830495798262
14548R,tpm,580b,16.979170457983855
14548R,tpm,581b,17.60430616699159
14548R,tpm,582b,17.537008333019912
14548R,tpm,583b,17.22290004201932
14548R,tpm,584b,17.398713917005807
14548R,tpm,585b,17.351775499992073
14548R,tpm,586b,18.44879354198929
14548R,tpm,587b,17.071152332995553
14548R,tpm,588b,17.593963916995563
14548R,tpm,589b,17.844925041950773
14548R,tpm,590b,18.041321499971673
14548R,tpm,591b,17.917125582986046
14548R,tpm,592b,17.374557874980383
14548R,tpm,593b,17.658190625021234
14548R,tpm,594b,17.643649208999705
14548R,tpm,595b,17.77254062501015
14548R,tpm,596b,17.99722020799527
14548R,tpm,597b,17.716048250033055
14548R,tpm,598b,17.219568540982436
14548R,tpm,599b,17.45097587496275
14548R,tpm,600b,18.166172457975335
14548R,tpm,601b,17.705229707993567
14548R,tpm,602b,15.810522375046276
14548R,tpm,603b,15.367552249983419
14548R,tpm,604b,15.363902167009655
14548R,tpm,605b,14.79571712500183
14548R,tpm,606b,14.511146834003739
14548R,tpm,607b,14.965504125051666
14548R,tpm,608b,14.532040915975813
14548R,tpm,609b,15.059347000031266
14548R,tpm,610b,15.041208125010598
14548R,tpm,611b,14.582971290976275
14548R,tpm,612b,15.786654833005741
14548R,tpm,613b,15.301456250017509
14548R,tpm,614b,14.729883457999676
14548R,tpm,615b,14.3396086669527
14548R,tpm,616b,14.433867582993116
14548R,tpm,617b,14.801108332991134
14548R,tpm,618b,15.2924280409934
14548R,tpm,619b,14.970342584012542
14548R,tpm,620b,14.775045125046745
14548R,tpm,621b,14.854769583034795
14548R,tpm,622b,14.937916916969698
14548R,tpm,623b,14.782466959033627
14548R,tpm,624b,15.020897916983813
14548R,tpm,625b,14.877701084013097
14548R,tpm,626b,14.92729529098142
14548R,tpm,627b,15.013543874956667
14548R,tpm,628b,15.27279862499563
14548R,tpm,629b,15.696585041994695
14548R,tpm,630b,14.475174124992918
14548R,tpm,631b,14.174066749983467
14548R,tpm,632b,14.792272332997527
14548R,tpm,633b,14.666121124988422
14548R,tpm,634b,14.913915334036574
14548R,tpm,635b,15.237059957988095
14548R,tpm,636b,14.629999249998946
14548R,tpm,637b,15.089709041989408
14548R,tpm,638b,14.92365733301267
14548R,tpm,639b,14.59761958301533
14548R,tpm,640b,14.999313540989533
14548R,tpm,641b,15.019928291032556
14548R,tpm,642b,14.900433375034481
14548R,tpm,643b,14.8378800409846
14548R,tpm,644b,14.995636458974332
14548R,tpm,645b,14.78184599999804
14548R,tpm,646b,14.957386207999662
14548R,tpm,647b,15.0897439160035
14548R,tpm,648b,14.77963687502779
14548R,tpm,649b,15.02121704199817
14548R,tpm,650b,14.805991415982135
14548R,tpm,651b,14.885290667007212
14548R,tpm,652b,14.887486250023358
14548R,tpm,653b,15.509044334001373
14548R,tpm,654b,15.2118570409948
14548R,tpm,655b,14.69426520797424
14548R,tpm,656b,15.353186833031941
14548R,tpm,657b,15.132790707983077
14548R,tpm,658b,15.050325707998127
14548R,tpm,659b,15.048234624962788
14548R,tpm,660b,15.051798750006128
14548R,tpm,661b,14.487072999996599
14548R,tpm,662b,15.523698167002294
14548R,tpm,663b,15.142763416981325
14548R,tpm,664b,14.56760187499458
14548R,tpm,665b,15.090833207999822
14548R,tpm,666b,15.14771195902722
14548R,tpm,667b,14.591450291976798
14548R,tpm,668b,15.499066791962832
14548R,tpm,669b,15.00100550003117
14548R,tpm,670b,14.935889124986716
14548R,tpm,671b,15.5543208749732
14548R,tpm,672b,14.58772420801688
14548R,tpm,673b,15.151113040978089
14548R,tpm,674b,15.154010458034463
14548R,tpm,675b,14.295100708957762
14548R,tpm,676b,14.519506167038344
14548R,tpm,677b,14.468322667002212
14548R,tpm,678b,14.938943165994715
14548R,tpm,679b,14.43393149995245
14548R,tpm,680b,14.641721334017348
14548R,tpm,681b,14.318973083049059
14548R,tpm,682b,14.379894292040262
14548R,tpm,683b,14.80382762500085
14548R,tpm,684b,15.120918207976501
14548R,tpm,685b,14.725742583046667
14548R,tpm,686b,15.085529874952044
14548R,tpm,687b,14.76331841701176
14548R,tpm,688b,14.295924042002298
14548R,tpm,689b,14.343236958957277
14548R,tpm,690b,14.67099891602993
14548R,tpm,691b,14.490737207990605
14548R,tpm,692b,14.538219666981604
14548R,tpm,693b,14.21887354197679
14548R,tpm,694b,14.68498062499566
14548R,tpm,695b,14.881559750007
14548R,tpm,696b,14.37833029194735
14548R,tpm,697b,14.278295166965108
14548R,tpm,698b,14.30946950003272
14548R,tpm,699b,14.507236416975502
14548R,tpm,700b,14.948971999983769
14548R,tpm,701b,14.72903845901601
14548R,tpm,702b,15.051489499979652
14548R,tpm,703b,15.011080291005783
14548R,tpm,704b,15.386065583035816
14548R,tpm,705b,14.500355208001565
14548R,tpm,706b,14.513128541002516
14548R,tpm,707b,15.030239541025367
14548R,tpm,708b,15.073460208019242
14548R,tpm,709b,14.715182416024618
14548R,tpm,710b,15.07693099998869
14548R,tpm,711b,14.650821874965914
14548R,tpm,712b,15.09410691697849
14548R,tpm,713b,14.908863957971334
14548R,tpm,714b,14.433699166984297
14548R,tpm,715b,15.140984917001333
14548R,tpm,716b,14.357312500011176
14548R,tpm,717b,14.588375208026264
14548R,tpm,718b,14.481380166020244
14548R,tpm,719b,15.335549291048665
14548R,tpm,720b,15.104102417011745
14548R,tpm,721b,14.664442667039111
14548R,tpm,722b,15.014055582985748
14548R,tpm,723b,15.153645624988712
14548R,tpm,724b,14.900945957982913
14548R,tpm,725b,14.858273916004691
14548R,tpm,726b,14.556276249990333
14548R,tpm,727b,14.247989874973428
14548R,tpm,728b,14.376982957997825
14548R,tpm,0c,9.297573667019606
14548R,tpm,1c,9.000468584010378
14548R,tpm,2c,8.169775417016353
14548R,tpm,3c,8.68294374999823
14548R,tpm,4c,8.597877874970436
14548R,tpm,5c,8.538475833949633
14548R,tpm,6c,9.587622082966845
14548R,tpm,7c,9.004843916045502
14548R,tpm,8c,8.973369834013283
14548R,tpm,9c,9.39551758300513
14548R,tpm,10c,9.644578291045036
14548R,tpm,11c,10.64127483300399
14548R,tpm,12c,10.129724457976408
14548R,tpm,13c,9.264321624999866
14548R,tpm,14c,9.0238068329636
14548R,tpm,15c,10.3963734160061
14548R,tpm,16c,9.046194750000723
14548R,tpm,17c,8.4655457920162
14548R,tpm,18c,8.699412207992282
14548R,tpm,19c,8.70995920902351
14548R,tpm,20c,8.79545000003418
14548R,tpm,21c,9.498891458031721
14548R,tpm,22c,9.148222875024658
14548R,tpm,23c,8.75907383399317
14548R,tpm,24c,10.427870584011544
14548R,tpm,25c,9.360026540991385
14548R,tpm,26c,9.245898750028573
14548R,tpm,27c,9.229563958011568
14548R,tpm,28c,8.88863008300541
14548R,tpm,29c,8.904254666995257
14548R,tpm,30c,9.897390333004296
14548R,tpm,31c,9.395992917008698
14548R,tpm,32c,8.832391083997209
14548R,tpm,33c,10.072793208004441
14548R,tpm,34c,9.618927082978189
14548R,tpm,35c,8.960039291996509
14548R,tpm,36c,9.928255124948919
14548R,tpm,37c,9.650286625023
14548R,tpm,38c,9.629235125030391
14548R,tpm,39c,9.693485333002172
14548R,tpm,40c,9.31565129198134
14548R,tpm,41c,8.718672374961898
14548R,tpm,42c,9.896108583023306
14548R,tpm,43c,9.531690125004388
14548R,tpm,44c,9.112002166977618
14548R,tpm,45c,9.559985083003994
14548R,tpm,46c,9.04904579196591
14548R,tpm,47c,9.06307187495986
14548R,tpm,48c,10.119045083003584
14548R,tpm,49c,9.427501792029943
14548R,tpm,50c,9.48478579102084
14548R,tpm,51c,10.230931208003312
14548R,tpm,52c,10.042167374980636
14548R,tpm,53c,9.537168917013332
14548R,tpm,54c,9.528409166960046
14548R,tpm,55c,8.770757624995895
14548R,tpm,56c,8.648295291990507
14548R,tpm,57c,9.21358208404854
14548R,tpm,58c,9.035218584001996
14548R,tpm,59c,9.491780250042211
14548R,tpm,60c,9.531002249976154
14548R,tpm,61c,8.892413082998246
14548R,tpm,62c,9.829220750019886
14548R,tpm,63c,9.498476874956395
14548R,tpm,64c,8.754429832973983
14548R,tpm,65c,8.599685415974818
14548R,tpm,66c,10.11667416698765
14548R,tpm,67c,8.786754833010491
14548R,tpm,68c,8.548964000015985
14548R,tpm,69c,10.348439583030995
14548R,tpm,70c,9.529933500045445
14548R,tpm,71c,8.903390749997925
14548R,tpm,72c,9.815316750027705
14548R,tpm,73c,9.516531332978047
14548R,tpm,74c,8.501134833029937
14548R,tpm,75c,9.59905754198553
14548R,tpm,76c,9.830728417029604
14548R,tpm,77c,8.699462041957304
14548R,tpm,78c,9.672179083980154
14548R,tpm,79c,9.971175957995001
14548R,tpm,80c,9.52188399998704
14548R,tpm,81c,10.252320666972082
14548R,tpm,82c,9.415267792006489
14548R,tpm,83c,9.561158124997746
14548R,tpm,84c,9.704468582989648
14548R,tpm,85c,9.875752249965444
14548R,tpm,86c,9.404517666029278
14548R,tpm,87c,10.226986832974944
14548R,tpm,88c,9.64992233295925
14548R,tpm,89c,9.663147791987285
14548R,tpm,90c,10.557027374976315
14548R,tpm,91c,10.07091870898148
14548R,tpm,92c,8.630139833025169
14548R,tpm,93c,9.17662854201626
14548R,tpm,94c,9.339556624996476
14548R,tpm,95c,9.23893454100471
14548R,tpm,96c,9.813710249960423
14548R,tpm,97c,9.09352975001093
14548R,tpm,98c,9.266010084014852
14548R,tpm,99c,9.608590500021819
14548R,tpm,100c,8.823861874989234
14548R,tpm,101c,8.880261084006634
14548R,tpm,102c,9.702231417002622
14548R,tpm,103c,8.84648583404487
14548R,tpm,104c,8.847171457950026
14548R,tpm,105c,10.12778929201886
14548R,tpm,106c,9.148486333026085
14548R,tpm,107c,9.08325079199858
14548R,tpm,108c,10.567883124982473
14548R,tpm,109c,8.648187625047285
14548R,tpm,110c,8.965094374958426
14548R,tpm,111c,9.324109082983341
14548R,tpm,112c,10.958929166023154
14548R,tpm,113c,9.95319433399709
14548R,tpm,114c,11.26616079104133
14548R,tpm,115c,10.218127333035227
14548R,tpm,116c,9.420532416959759
14548R,tpm,117c,9.145312167005613
14548R,tpm,118c,9.790988624969032
14548R,tpm,119c,9.16480595804751
14548R,tpm,120c,10.20213866600534
14548R,tpm,121c,9.973907499981578
14548R,tpm,122c,9.495576750021428
14548R,tpm,123c,9.909111541986931
14548R,tpm,124c,9.232031916966662
14548R,tpm,125c,10.071019374998286
14548R,tpm,126c,9.486593290988822
14548R,tpm,127c,9.164682166010607
14548R,tpm,128c,9.408970458025578
14548R,tpm,129c,9.779032208025455
14548R,tpm,130c,8.739909292024095
14548R,tpm,131c,8.81206862500403
14548R,tpm,132c,10.606787958007772
14548R,tpm,133c,9.586511457979213
14548R,tpm,134c,8.832955416000914
14548R,tpm,135c,10.227646457962692
14548R,tpm,136c,9.909254250000231
14548R,tpm,137c,8.995919584005605
14548R,tpm,138c,9.973313875030726
14548R,tpm,139c,9.920090416970197
14548R,tpm,140c,9.097184457990807
14548R,tpm,141c,9.782521290995646
14548R,tpm,142c,9.99569870904088
14548R,tpm,143c,9.053184332966339
14548R,tpm,144c,10.944817583018448
14548R,tpm,145c,10.954798542021308
14548R,tpm,146c,10.625429417006671
14548R,tpm,147c,10.923664666945115
14548R,tpm,148c,10.669108500005677
14548R,tpm,149c,10.655108792008832
14548R,tpm,150c,9.763023750041611
14548R,tpm,151c,10.060482332948595
14548R,tpm,152c,11.198378333006985
14548R,tpm,153c,11.469227791007143
14548R,tpm,154c,10.58229933300754
14548R,tpm,155c,10.47636704199249
14548R,tpm,156c,11.17212958401069
14548R,tpm,157c,11.31233137496747
14548R,tpm,158c,10.778056540992111
14548R,tpm,159c,10.8295162920258
14548R,tpm,160c,9.091153499961365
14548R,tpm,161c,9.49467874999391
14548R,tpm,162c,10.060304416983854
14548R,tpm,163c,8.864648709015455
14548R,tpm,164c,8.453888375021052
14548R,tpm,165c,10.125251875026152
14548R,tpm,166c,9.105868041981012
14548R,tpm,167c,8.47356116696028
14548R,tpm,168c,10.237885666952934
14548R,tpm,169c,9.467566833016463
14548R,tpm,170c,8.708835124969482
14548R,tpm,171c,9.605737999954727
14548R,tpm,172c,9.535734999983106
14548R,tpm,173c,8.709254207962658
14548R,tpm,174c,9.44523841602495
14548R,tpm,175c,9.064264666987583
14548R,tpm,176c,9.176435542001855
14548R,tpm,177c,9.734509167028591
14548R,tpm,178c,9.509968792030122
14548R,tpm,179c,9.862442124984227
14548R,tpm,180c,9.60035570798209
14548R,tpm,181c,8.91995854099514
14548R,tpm,182c,9.174234625010286
14548R,tpm,183c,10.10345158301061
14548R,tpm,184c,9.05959791695932
14548R,tpm,185c,8.87535787501838
14548R,tpm,186c,10.825702790985815
14548R,tpm,187c,9.61532762501156
14548R,tpm,188c,8.962930666981265
14548R,tpm,189c,9.99362675001612
14548R,tpm,190c,9.610804957977962
14548R,tpm,191c,8.661446292011533
14548R,tpm,192c,9.717835624993313
14548R,tpm,193c,10.073178667051252
14548R,tpm,194c,8.986633374996018
14548R,tpm,195c,9.72544279199792
14548R,tpm,196c,10.031099707994144
14548R,tpm,197c,9.361925375007559
14548R,tpm,198c,9.442724833032116
14548R,tpm,199c,9.775767333980184
14548R,tpm,200c,9.131782708049286
14548R,tpm,201c,9.473224290995859
14548R,tpm,202c,9.236220749968197
14548R,tpm,203c,9.500890458002687
14548R,tpm,204c,10.10948849999113
14548R,tpm,205c,9.380458750005346
14548R,tpm,206c,10.029003750008997
14548R,tpm,207c,9.853181374957785
14548R,tpm,208c,8.92103699996369
14548R,tpm,209c,9.536784875032026
14548R,tpm,210c,9.738406333024614
14548R,tpm,211c,9.059462083969265
14548R,tpm,212c,8.80582162499195
14548R,tpm,213c,10.586502999998629
14548R,tpm,214c,9.41054350003833
14548R,tpm,215c,8.784560333995614
14548R,tpm,216c,9.307602582965046
14548R,tpm,217c,9.806982458976563
14548R,tpm,218c,8.465371959027834
14548R,tpm,219c,10.138441000017338
14548R,tpm,220c,9.604055583011359
14548R,tpm,221c,8.66500941599952
14548R,tpm,222c,9.532433000043966
14548R,tpm,223c,10.282270208990667
14548R,tpm,224c,9.004255416977685
14548R,tpm,225c,9.231663207989186
14548R,tpm,226c,9.502347417001147
14548R,tpm,227c,9.047029124980327
14548R,tpm,228c,9.354575083008967
14548R,tpm,229c,8.769199834030587
14548R,tpm,230c,9.472034166974481
14548R,tpm,231c,10.152978584053926
14548R,tpm,232c,9.132737375039142
14548R,tpm,233c,9.594001208955888
14548R,tpm,234c,9.920639084011782
14548R,tpm,235c,8.782890833972488
14548R,tpm,236c,8.449271207966376
14548R,tpm,237c,10.102630708017386
14548R,tpm,238c,9.402941459033173
14548R,tpm,239c,8.63722566695651
14548R,tpm,240c,9.908550416002981
14548R,tpm,241c,9.910115333972499
14548R,tpm,242c,9.014563083008397
14548R,tpm,243c,9.961715791956522
14548R,tpm,244c,11.119872249953914
14548R,tpm,245c,10.233750791987404
14548R,tpm,246c,9.693735542008653
14548R,tpm,247c,10.656107624992728
14548R,tpm,248c,10.225568875030149
14548R,tpm,249c,10.32749854202848
14548R,tpm,250c,10.8377298329724
14548R,tpm,251c,10.56327975000022
14548R,tpm,252c,9.832009540987201
14548R,tpm,253c,10.301436249981634
14548R,tpm,254c,10.57594849995803
14548R,tpm,255c,10.096520167018753
14548R,tpm,256c,9.815310082980432
14548R,tpm,257c,10.809688665962312
14548R,tpm,258c,10.455690582981333
14548R,tpm,259c,10.213628041034099
14548R,tpm,260c,11.38988045800943
14548R,tpm,261c,11.142205916985404
14548R,tpm,262c,9.812844916014
14548R,tpm,263c,11.072482249990571
14548R,tpm,264c,10.171859833004419
14548R,tpm,265c,9.61241770797642
14548R,tpm,266c,10.954905333986972
14548R,tpm,267c,10.55875270901015
14548R,tpm,268c,10.077835041971412
14548R,tpm,269c,11.363333499990404
14548R,tpm,270c,9.925791000016034
14548R,tpm,271c,9.931410124991089
14548R,tpm,272c,10.481750459002797
14548R,tpm,273c,10.892488375015091
14548R,tpm,274c,9.943851999996696
14548R,tpm,275c,9.843749541963916
14548R,tpm,276c,10.96507187501993
14548R,tpm,277c,10.458043916965835
14548R,tpm,278c,10.14507887500804
14548R,tpm,279c,10.419220124953426
14548R,tpm,280c,10.439383374992758
14548R,tpm,281c,9.944332792016212
14548R,tpm,282c,10.088891958002932
14548R,tpm,283c,10.809975208016112
14548R,tpm,284c,10.124880874995142
14548R,tpm,285c,10.068712749984115
14548R,tpm,286c,10.977942041994538
14548R,tpm,287c,10.471986291988287
14548R,tpm,288c,9.874023500015028
14548R,tpm,289c,10.413545833027456
14548R,tpm,290c,10.560582667007111
14548R,tpm,291c,10.0219794169534
14548R,tpm,292c,10.022058625007048
14548R,tpm,293c,10.79121379100252
14548R,tpm,294c,10.230931999976747
14548R,tpm,295c,9.837607708992437
14548R,tpm,296c,11.367058292031288
14548R,tpm,297c,10.05437275004806
14548R,tpm,298c,9.863839875033591
14548R,tpm,299c,10.557466250029393
14548R,tpm,300c,10.380529290996492
14548R,tpm,301c,10.168490207986906
14548R,tpm,302c,10.365313249989413
14548R,tpm,303c,11.007862791011576
14548R,tpm,304c,10.280509041971527
14548R,tpm,305c,10.870411334035452
14548R,tpm,306c,10.699024833040312
14548R,tpm,307c,10.054198874975555
14548R,tpm,308c,10.252506832999643
14548R,tpm,309c,10.528318750031758
14548R,tpm,310c,9.965002374956384
14548R,tpm,311c,10.292873541999143
14548R,tpm,312c,10.873711624997668
14548R,tpm,313c,10.282904249965213
14548R,tpm,314c,10.752964125014842
14548R,tpm,315c,10.315591250022408
14548R,tpm,316c,9.916642415977549
14548R,tpm,317c,10.756744667014573
14548R,tpm,318c,10.177397624996956
14548R,tpm,319c,10.302349250006955
14548R,tpm,320c,10.205825750017539
14548R,tpm,321c,10.997094333986752
14548R,tpm,322c,10.056090916972607
14548R,tpm,323c,10.132209416013211
14548R,tpm,324c,10.491713082999922
14548R,tpm,325c,10.397664542018902
14548R,tpm,326c,9.99154166696826
14548R,tpm,327c,10.288574041973334
14548R,tpm,328c,10.682819166977424
14548R,tpm,329c,10.056131791963708
14548R,tpm,330c,10.75561008299701
14548R,tpm,331c,10.892442582990043
14548R,tpm,332c,10.19486558396602
14548R,tpm,333c,10.809017791994847
14548R,tpm,334c,10.392132917011622
14548R,tpm,335c,10.081363208009861
14548R,tpm,336c,10.685080791998189
14548R,tpm,337c,10.87405966699589
14548R,tpm,338c,9.919477084011305
14548R,tpm,339c,10.327200459025335
14548R,tpm,340c,11.349362833017949
14548R,tpm,341c,10.481164707976859
14548R,tpm,342c,9.890459958987776
14548R,tpm,343c,10.506148167012725
14548R,tpm,344c,10.477077040995937
14548R,tpm,345c,9.99560287501663
14548R,tpm,346c,10.267626374959946
14548R,tpm,347c,10.723498624982312
14548R,tpm,348c,10.333784915972501
14548R,tpm,349c,10.385750083019957
14548R,tpm,350c,11.11926524998853
14548R,tpm,351c,9.953953249962069
14548R,tpm,352c,9.825062917021569
14548R,tpm,353c,11.092068666010164
14548R,tpm,354c,10.223950499959756
14548R,tpm,355c,9.85610558395274
14548R,tpm,356c,10.874528333020862
14548R,tpm,357c,10.554597790993284
14548R,tpm,358c,10.095427833031863
14548R,tpm,359c,10.719288582971785
14548R,tpm,360c,10.77512474998366
14548R,tpm,361c,10.11002829199424
14548R,tpm,362c,9.831354416965041
14548R,tpm,363c,11.045108292018995
14548R,tpm,364c,10.071415374986827
14548R,tpm,365c,9.945530249970034
14548R,tpm,366c,11.219549290952273
14548R,tpm,367c,10.522248000022955
14548R,tpm,368c,10.027284416020848
14548R,tpm,369c,10.99056995799765
14548R,tpm,370c,10.567266666039359
14548R,tpm,371c,9.914245833002497
14548R,tpm,372c,10.752203125040978
14548R,tpm,373c,10.451565790979657
14548R,tpm,374c,9.991116542019881
14548R,tpm,375c,10.811812917003408
14548R,tpm,376c,10.815957417013124
14548R,tpm,377c,10.163551374978852
14548R,tpm,378c,10.62479158298811
14548R,tpm,379c,10.460533042030875
14548R,tpm,380c,10.054025541990995
14548R,tpm,381c,10.087408374994993
14548R,tpm,382c,10.971333833003882
14548R,tpm,383c,10.142343416984659
14548R,tpm,384c,10.478807916981168
14548R,tpm,385c,11.13297124998644
14548R,tpm,386c,10.511468167009298
14548R,tpm,387c,9.802997082995716
14548R,tpm,388c,11.190409375005402
14548R,tpm,389c,10.396007250004914
14548R,tpm,390c,10.028364500030875
14548R,tpm,391c,11.390073291957378
14548R,tpm,392c,10.11688237497583
14548R,tpm,393c,10.467637624999043
14548R,tpm,394c,11.439489541982766
14548R,tpm,395c,10.652632333047222
14548R,tpm,396c,10.003752125019673
14548R,tpm,397c,10.698976750019938
14548R,tpm,398c,10.54975316603668
14548R,tpm,399c,10.06339033297263
14548R,tpm,400c,10.473017874988727
14548R,tpm,401c,10.915189417020883
14548R,tpm,402c,11.210527707997244
14548R,tpm,403c,10.415119500015862
14548R,tpm,404c,11.508105459040962
14548R,tpm,405c,11.078194624977186
14548R,tpm,406c,10.915590832999442
14548R,tpm,407c,10.007202207983937
14548R,tpm,408c,10.323003957979381
14548R,tpm,409c,11.353578999987803
14548R,tpm,410c,10.249968749994878
14548R,tpm,411c,10.33988850004971
14548R,tpm,412c,10.617461832996923
14548R,tpm,413c,11.20533379202243
14548R,tpm,414c,10.234523040999193
14548R,tpm,415c,11.206063792051282
14548R,tpm,416c,10.3623213749961
14548R,tpm,417c,9.932576957973652
14548R,tpm,418c,9.909846791997552
14548R,tpm,419c,11.074078458012082
14548R,tpm,420c,10.698760625033174
14548R,tpm,421c,10.567758625023998
14548R,tpm,422c,11.087124917015899
14548R,tpm,423c,11.1718346249545
14548R,tpm,424c,10.577626332989894
14548R,tpm,425c,11.702448625001125
14548R,tpm,426c,10.228461959050037
14548R,tpm,427c,10.082044165988918
14548R,tpm,428c,10.772113917046227
14548R,tpm,429c,11.132288499968126
14548R,tpm,430c,10.92920683301054
14548R,tpm,431c,12.228187208995223
14548R,tpm,432c,10.423301166971214
14548R,tpm,433c,11.757069333049003
14548R,tpm,434c,12.371408417006023
14548R,tpm,435c,12.31603287498001
14548R,tpm,436c,11.455837332992814
14548R,tpm,437c,10.234068666992243
14548R,tpm,438c,11.98223554197466
14548R,tpm,439c,10.885220333002508
14548R,tpm,440c,10.21959104097914
14548R,tpm,441c,10.707461416954175
14548R,tpm,442c,10.53285020799376
14548R,tpm,443c,10.037760749983136
14548R,tpm,444c,10.216255125007592
14548R,tpm,445c,10.788323541986756
14548R,tpm,446c,9.791206458990928
14548R,tpm,447c,10.950244583946187
14548R,tpm,448c,11.436973625037353
14548R,tpm,449c,11.688611791993026
14548R,tpm,450c,10.872131042007823
14548R,tpm,451c,10.006700250029098
14548R,tpm,452c,10.884370249987114
14548R,tpm,453c,11.452500458981376
14548R,tpm,454c,11.094949542020913
14548R,tpm,455c,10.510434874973726
14548R,tpm,456c,11.30844774999423
14548R,tpm,457c,11.03948350000428
14548R,tpm,458c,11.061566332995426
14548R,tpm,459c,9.994531749980524
14548R,tpm,460c,11.520316249981988
14548R,tpm,461c,10.56346591602778
14548R,tpm,462c,10.786902750027366
14548R,tpm,463c,10.228369832970202
14548R,tpm,464c,11.180071666021831
14548R,tpm,465c,11.320312833995558
14548R,tpm,466c,11.570763458963484
14548R,tpm,467c,11.326540749985725
14548R,tpm,468c,10.00052337499801
14548R,tpm,469c,10.928508042008616
14548R,tpm,470c,10.864932542026509
14548R,tpm,471c,10.432146250037476
14548R,tpm,472c,10.25612654199358
14548R,tpm,473c,10.71238679200178
14548R,tpm,474c,10.528548208007123
14548R,tpm,475c,10.381595832994208
14548R,tpm,476c,11.013655832968652
14548R,tpm,477c,10.079834666044917
14548R,tpm,478c,9.927858374954667
14548R,tpm,479c,11.028592916962225
14548R,tpm,480c,10.736453625024296
14548R,tpm,481c,9.775949625007343
14548R,tpm,482c,11.178847292030696
14548R,tpm,483c,10.976190333021805
14548R,tpm,484c,9.99578970798757
14548R,tpm,485c,11.044095624994952
14548R,tpm,486c,12.774515333992895
14548R,tpm,487c,12.88652845803881
14548R,tpm,488c,12.224533457949292
14548R,tpm,489c,12.760527209029533
14548R,tpm,490c,12.49222000001464
14548R,tpm,491c,12.010035625018645
14548R,tpm,492c,12.987753249995876
14548R,tpm,493c,13.581377999973483
14548R,tpm,494c,12.430448125000112
14548R,tpm,495c,12.183270832989365
14548R,tpm,496c,13.038796333014034
14548R,tpm,497c,12.384042792022228
14548R,tpm,498c,12.980730333016254
14548R,tpm,499c,12.065025999967474
14548R,tpm,500c,12.56994462502189
14548R,tpm,501c,12.88381141697755
14548R,tpm,502c,12.595354208024219
14548R,tpm,503c,12.888405500038061
14548R,tpm,504c,12.501114166982006
14548R,tpm,505c,12.300268625025637
14548R,tpm,506c,12.92894900002284
14548R,tpm,507c,12.926805333001539
14548R,tpm,508c,12.802684833004605
14548R,tpm,509c,12.670366832986474
14548R,tpm,510c,12.165045624948107
14548R,tpm,511c,13.299510250042658
14548R,tpm,512c,12.738195625017397
14548R,tpm,513c,12.780510999960825
14548R,tpm,514c,13.445378416974563
14548R,tpm,515c,11.940372042008676
14548R,tpm,516c,13.794205916987266
14548R,tpm,517c,13.698610958002973
14548R,tpm,518c,12.244259791041259
14548R,tpm,519c,12.354507665964775
14548R,tpm,520c,13.163966124993749
14548R,tpm,521c,12.425022625015117
14548R,tpm,522c,12.37675766699249
14548R,tpm,523c,12.545309250010177
14548R,tpm,524c,12.754875292012002
14548R,tpm,525c,13.09340237500146
14548R,tpm,526c,12.938231665990315
14548R,tpm,527c,13.201373957970645
14548R,tpm,528c,13.130110416037496
14548R,tpm,529c,12.56186991702998
14548R,tpm,530c,13.419692000024952
14548R,tpm,531c,12.964728916995227
14548R,tpm,532c,12.735074167023413
14548R,tpm,533c,12.90697316697333
14548R,tpm,534c,12.821753083029762
14548R,tpm,535c,12.693483958020806
14548R,tpm,536c,12.99064700002782
14548R,tpm,537c,12.819794583017938
14548R,tpm,538c,13.005856957985088
14548R,tpm,539c,12.943590916984249
14548R,tpm,540c,11.888434708991554
14548R,tpm,541c,13.014500166988
14548R,tpm,542c,11.928749333019368
14548R,tpm,543c,12.632466458017007
14548R,tpm,544c,12.370482542028185
14548R,tpm,545c,11.985555584018584
14548R,tpm,546c,13.083009958034381
14548R,tpm,547c,12.128751375013962
14548R,tpm,548c,13.043553042050917
14548R,tpm,549c,12.471817875048146
14548R,tpm,550c,12.208058999967761
14548R,tpm,551c,13.050923000031617
14548R,tpm,552c,12.713272749970201
14548R,tpm,553c,12.315249791019596
14548R,tpm,554c,13.062014374998398
14548R,tpm,555c,13.469109209021553
14548R,tpm,556c,12.861829917004798
14548R,tpm,557c,12.983968708023895
14548R,tpm,558c,12.446740292012691
14548R,tpm,559c,13.097840625036042
14548R,tpm,560c,12.532060500001535
14548R,tpm,561c,12.14459529099986
14548R,tpm,562c,13.022748792020138
14548R,tpm,563c,12.181186499947216
14548R,tpm,564c,13.333517250022851
14548R,tpm,565c,12.002289958007168
14548R,tpm,566c,13.32648245897144
14548R,tpm,567c,12.393706541042775
14548R,tpm,568c,12.847248333040625
14548R,tpm,569c,12.333554874989204
14548R,tpm,570c,11.989297249994706
14548R,tpm,571c,12.685543624975253
14548R,tpm,572c,13.1791801659856
14548R,tpm,573c,13.393252375011798
14548R,tpm,574c,12.785454833006952
14548R,tpm,575c,12.238888916035648
14548R,tpm,576c,13.251473499985877
14548R,tpm,577c,12.588452458032407
14548R,tpm,578c,11.77688170800684
14548R,tpm,579c,13.08590687502874
14548R,tpm,580c,12.161422834033147
14548R,tpm,581c,13.164700624998659
14548R,tpm,582c,12.703424790990539
14548R,tpm,583c,13.35343512496911
14548R,tpm,584c,12.828558667039033
14548R,tpm,585c,12.644501375034451
14548R,tpm,586c,13.223233041993808
14548R,tpm,587c,12.881273875012994
14548R,tpm,588c,12.292288666008972
14548R,tpm,589c,12.794083292013966
14548R,tpm,590c,12.742045084014535
14548R,tpm,591c,13.618917999963742
14548R,tpm,592c,13.072277416998986
14548R,tpm,593c,12.958897708042059
14548R,tpm,594c,12.25800720899133
14548R,tpm,595c,12.97279929096112
14548R,tpm,596c,12.87296658300329
14548R,tpm,597c,12.12189487501746
14548R,tpm,598c,13.277710374968592
14548R,tpm,599c,13.25379091600189
14548R,tpm,600c,13.42373816599138
14548R,tpm,601c,12.867839207989164
14548R,tpm,602c,12.75066420796793
14548R,tpm,603c,13.469304875005037
14548R,tpm,604c,12.736214208009187
14548R,tpm,605c,12.669791917025577
14548R,tpm,606c,13.112374624994118
14548R,tpm,607c,12.710507917043287
14548R,tpm,608c,12.61606195900822
14548R,tpm,609c,12.436325124988798
14548R,tpm,610c,13.482860207965132
14548R,tpm,611c,13.046811250038445
14548R,tpm,612c,12.254234041960444
14548R,tpm,613c,12.763606083055492
14548R,tpm,614c,12.081448750046548
14548R,tpm,615c,13.191130249993876
14548R,tpm,616c,12.100884874991607
14548R,tpm,617c,13.292462249984965
14548R,tpm,618c,12.581395499990322
14548R,tpm,619c,12.792937458027154
14548R,tpm,620c,12.38240100000985
14548R,tpm,621c,12.450925374985673
14548R,tpm,622c,12.378329916973598
14548R,tpm,623c,12.878516333003063
14548R,tpm,624c,12.69361066701822
14548R,tpm,625c,12.173303374962416
14548R,tpm,626c,13.065438667021226
14548R,tpm,627c,12.55381541699171
14548R,tpm,628c,13.002982458972838
14548R,tpm,629c,12.591759375005495
14548R,tpm,630c,12.059402041020803
14548R,tpm,631c,13.058351707994007
14548R,tpm,632c,12.219586917024571
14548R,tpm,633c,12.85621437500231
14548R,tpm,634c,12.518424084002618
14548R,tpm,635c,13.033920167014003
14548R,tpm,636c,12.645140458014794
14548R,tpm,637c,12.743837832997087
14548R,tpm,638c,13.360926499997731
14548R,tpm,639c,12.10142600000836
14548R,tpm,640c,12.973128749988973
14548R,tpm,641c,12.959107167029288
14548R,tpm,642c,12.403720750007778
14548R,tpm,643c,13.7863570000045
14548R,tpm,644c,12.189958542003296
14548R,tpm,645c,13.183886500017252
14548R,tpm,646c,12.411444249970373
14548R,tpm,647c,12.872528125008103
14548R,tpm,648c,12.263323249993846
14548R,tpm,649c,12.367182957998011
14548R,tpm,650c,12.299397790979128
14548R,tpm,651c,13.28099195897812
14548R,tpm,652c,12.719794999982696
14548R,tpm,653c,12.911011167045217
14548R,tpm,654c,12.843748459010385
14548R,tpm,655c,12.571281291020568
14548R,tpm,656c,12.186903333000373
14548R,tpm,657c,12.89168320799945
14548R,tpm,658c,12.467965166957583
14548R,tpm,659c,12.828602832974866
14548R,tpm,660c,12.323525541985873
14548R,tpm,661c,12.095768541970756
14548R,tpm,662c,13.156601583003066
14548R,tpm,663c,12.722649208037183
14548R,tpm,664c,13.14004999998724
14548R,tpm,665c,13.343287499970756
14548R,tpm,666c,12.553275540994946
14548R,tpm,667c,12.87498320901068
14548R,tpm,668c,13.355409874988254
14548R,tpm,669c,11.769007334019989
14548R,tpm,670c,12.64316662499914
14548R,tpm,671c,12.117453292012215
14548R,tpm,672c,11.857757874997333
14548R,tpm,673c,12.80502216698369
14548R,tpm,674c,13.413013249984942
14548R,tpm,675c,12.476928249991033
14548R,tpm,676c,13.354903750005178
14548R,tpm,677c,12.646899833984207
14548R,tpm,678c,11.926777833024971
14548R,tpm,679c,12.483352583018132
14548R,tpm,680c,11.921662000007927
14548R,tpm,681c,13.169516750029288
14548R,tpm,682c,12.614478667033836
14548R,tpm,683c,13.140173749998212
14548R,tpm,684c,12.893724458001088
14548R,tpm,685c,12.819025124947075
14548R,tpm,686c,12.761060582997743
14548R,tpm,687c,13.825335250003263
14548R,tpm,688c,13.492478874977678
14548R,tpm,689c,13.665612125012558
14548R,tpm,690c,12.867163124959916
14548R,tpm,691c,13.922820624953602
14548R,tpm,692c,12.764604167023208
14548R,tpm,693c,12.620829833962489
14548R,tpm,694c,12.569365124974865
14548R,tpm,695c,11.951869707962032
14548R,tpm,696c,12.621525708993431
14548R,tpm,697c,12.116073707991745
14548R,tpm,698c,11.600922584009822
14548R,tpm,699c,12.40750183298951
14548R,tpm,700c,12.019166083016898
14548R,tpm,701c,12.88240337499883
14548R,tpm,702c,11.421601708047092
14548R,tpm,703c,11.60719466698356
14548R,tpm,704c,12.530007334018592
14548R,tpm,705c,12.309717791969888
14548R,tpm,706c,12.503043666947633
14548R,tpm,707c,12.33661195798777
14548R,tpm,708c,11.981857041013427
14548R,tpm,709c,12.24792516703019
14548R,tpm,710c,12.678183000010904
14548R,tpm,711c,12.083635958028026
14548R,tpm,712c,12.535993000026792
14548R,tpm,713c,12.062534625001717
14548R,tpm,714c,12.491589999990538
14548R,tpm,715c,11.879463292018045
14548R,tpm,716c,11.835869916016236
14548R,tpm,717c,12.66232033300912
14548R,tpm,718c,12.33068400004413
14548R,tpm,719c,12.6246657090378
14548R,tpm,720c,12.218107375025284
14548R,tpm,721c,12.123723458033055
14548R,tpm,722c,12.741633250028826
14548R,tpm,723c,11.988701874972321
14548R,tpm,724c,12.40732029202627
14548R,tpm,725c,11.637658749998081
14548R,tpm,726c,12.816541749984026
14548R,tpm,727c,12.821652624988928
14548R,tpm,728c,11.588959374988917
