sub,bone,iters,L_edge_mean,L_edge_median,L_edge_std,L_edge_max,L_edge_99,L_edge_95
14818R,tpm,1,0.17658992419198874,0.17365301609526645,0.025913986716597906,0.29203314880335773,0.24283756775953289,0.22195208490837873
14818R,tpm,5,0.17836606841611624,0.17645344995209433,0.020553429265178544,0.25347287823355547,0.22846443656717774,0.2140663704825441
14818R,tpm,10,0.1786277901883003,0.17681693922001623,0.01943275362578907,0.24910971478446567,0.22712581821378125,0.21231110426926217
14818R,tpm,20,0.17872804805390655,0.17694506209508365,0.0187663115210764,0.24973710176903874,0.2262971951876841,0.21112621450773628
14818R,tpm,40,0.17899251251293063,0.17756004618157453,0.018356307280659165,0.25255646893317607,0.22570500067378418,0.21050389952708068
14818R,tpm,80,0.1796804397798962,0.1784683445054155,0.018226189652769918,0.2569795517156968,0.22714223006122264,0.21089785203450495
14818R,mc1,1,0.1785847535235686,0.17690395699362016,0.027392460064855323,0.29712726229680864,0.24615815409276764,0.22640635589411148
14818R,mc1,5,0.18031380341729966,0.17904161527421247,0.021411304778269746,0.2556055554951801,0.23306553755417417,0.21742991051583382
14818R,mc1,10,0.18052093919145554,0.1793804337034234,0.02041674475688003,0.2551454683117229,0.2306041876420685,0.21618864441434354
14818R,mc1,20,0.18060257980020442,0.17957794964860901,0.0197989900698939,0.25401639710853763,0.22989200109094846,0.21476024072711442
14818R,mc1,40,0.18080375108664432,0.17987252430327344,0.019437880472016895,0.25489560608217415,0.2295346108632054,0.21428908510819009
14818R,mc1,80,0.18146456175923995,0.18060375134011902,0.019261788220011823,0.25760252327957933,0.2301857870540966,0.21467853869044176
14874R,tpm,1,0.1886367895881492,0.18858903732719326,0.028058060242565127,0.28198455631469704,0.25275974248609756,0.23562276510733374
14874R,tpm,5,0.189486414276788,0.18921666145872273,0.02184993232175308,0.2678157015561249,0.2415794914713285,0.22610042790760096
14874R,tpm,10,0.18940620295314098,0.18905935575898022,0.020941504374896353,0.26725036950396397,0.23973465307818168,0.22430248315892842
14874R,tpm,20,0.18933115939200354,0.18914542024465478,0.020270142185520326,0.26057169838645305,0.23794176353045995,0.22316224142788954
14874R,tpm,40,0.1893919289088167,0.1893152133347949,0.019872194587983217,0.2594270032205658,0.23719584050041317,0.22248695463717283
14874R,tpm,80,0.18989815340641217,0.189863872287488,0.019680522862252945,0.26027304893131614,0.23773136212131887,0.22242287424811338
14874R,mc1,1,0.18744934143943434,0.18758498074052288,0.027821946876268325,0.29369882532962244,0.2524709928151723,0.2337999058960324
14874R,mc1,5,0.18813604197002506,0.18795555325586102,0.022109369657540137,0.2672426799745857,0.24027088273315533,0.22446675810236283
14874R,mc1,10,0.188150475086957,0.18794253110951525,0.02128005261348525,0.2644680699063793,0.23877111845642443,0.2233306517242193
14874R,mc1,20,0.188125308978569,0.18786700082771532,0.02082550940865773,0.26339743734515625,0.23781367355668656,0.22246569606699743
14874R,mc1,40,0.1882410744182558,0.18804730787738325,0.020477342061890363,0.26237494163886993,0.2378490021622192,0.22197491403790262
14874R,mc1,80,0.18871368893521948,0.18858976641059275,0.02030635587374189,0.262468074249046,0.23781540624370703,0.2220737715032138
22306R,tpm,1,0.18866778268077117,0.18866205235816155,0.027597595163382085,0.28284845765886585,0.2519899725247009,0.23486202737407072
22306R,tpm,5,0.18902223629725132,0.18880398565536022,0.022325692437623567,0.26537673221290364,0.2424583534244732,0.22686830867719548
22306R,tpm,10,0.1890068005259819,0.18877801778809325,0.021523106047410985,0.2664347011933778,0.24135807580464638,0.22532812074382302
22306R,tpm,20,0.18893354628467363,0.18879968220313229,0.02108213516417071,0.26505855956750846,0.23967859253219373,0.22417740741480463
22306R,tpm,40,0.1889927226155013,0.1889133796213634,0.020778092891474986,0.2657654793234006,0.23830429244558388,0.22377451576914548
22306R,tpm,80,0.1894232550832496,0.1894592436025459,0.02054318330325303,0.2629902089432149,0.23796429290067886,0.22375553620446945
22306R,mc1,1,0.18671654802119597,0.1872792166775018,0.027808413184824726,0.286083781434747,0.2519023140499589,0.23245340608249276
22306R,mc1,5,0.18768219833362626,0.18787336160296547,0.02217804288313447,0.26381601543498595,0.24031222195787447,0.22433920740244753
22306R,mc1,10,0.18766505905169575,0.18785433186379835,0.021453542585926858,0.26292462798301164,0.23930193521936935,0.22279603001926027
22306R,mc1,20,0.18772391236920954,0.18792265696288074,0.02104467801893596,0.262557726985917,0.2387162078914237,0.22218186241648677
22306R,mc1,40,0.1878380886639407,0.18821362858615362,0.02069905417606115,0.2646909896464236,0.23783678649678078,0.22165729036919218
22306R,mc1,80,0.1882824385591607,0.1888106194047265,0.02043813134941497,0.2641812256766049,0.23737498983493213,0.22189250099547006
50000R,tpm,1,0.1779295144473266,0.17565114573104545,0.025631547250102155,0.28069520836665046,0.24171882198453076,0.22284120658194426
50000R,tpm,5,0.17936803134882676,0.17798473248896074,0.02075284360739724,0.2638996968546934,0.22970664414944578,0.21561350259093665
50000R,tpm,10,0.1794736234097239,0.17822640096237524,0.01978267793971125,0.26259659175243577,0.2277880706298129,0.21373735048109857
50000R,tpm,20,0.1796317143853701,0.17861960978136937,0.01912507697597794,0.2636199726879601,0.22689408643599793,0.21244709693512107
50000R,tpm,40,0.17983120237082592,0.17886090964768117,0.01872309471975601,0.26261502241874796,0.22611985654575967,0.21211609321217653
50000R,tpm,80,0.18053432074091869,0.17964938073925715,0.018553208320817464,0.2614170805437168,0.2265950617123389,0.2123647192820371
50000R,mc1,1,0.18247796312385403,0.18094099865881197,0.0276365455050604,0.28358568370070647,0.24960018768900682,0.2296531297295047
50000R,mc1,5,0.1834710293007878,0.18223135020869746,0.021737667468963492,0.2638649086180268,0.23574660161948527,0.22113329012159574
50000R,mc1,10,0.18347277782584243,0.18221956535735753,0.02095984363378061,0.26270272172171927,0.23413223419127024,0.21981771968349786
50000R,mc1,20,0.18351340584294873,0.18228200679006057,0.02041436520406044,0.2638055533911292,0.23268367805581014,0.21881494326806597
50000R,mc1,40,0.18357751724637542,0.1824726006829544,0.020110683230302222,0.26400981042378613,0.2317772680631572,0.21830880650990014
50000R,mc1,80,0.18403525152257372,0.1831171756007533,0.020009371601859848,0.26311763528885396,0.23203953152633933,0.21820940629957206
50049R,tpm,1,0.17882594057208495,0.17693763023660963,0.025686197858784194,0.2909266058647727,0.2426823926393817,0.22384461574076844
50049R,tpm,5,0.1803269733832828,0.1789464305268828,0.020663978651469895,0.2603893430999045,0.2313467111840306,0.21668302309362672
50049R,tpm,10,0.180649266675981,0.17937012014268414,0.01965728245782353,0.25753230865271265,0.22926393591644803,0.21523420964086018
50049R,tpm,20,0.1808792659816966,0.1796368837396417,0.01900757222999475,0.25631067086643405,0.2282375768785121,0.21447281868587886
50049R,tpm,40,0.18104356625972565,0.17981651759501455,0.01869467694199936,0.2561784729441615,0.22794695982929805,0.21412846144214098
50049R,tpm,80,0.18160158485836667,0.18038317549038996,0.018587205334839527,0.25652485259717706,0.22842585881124325,0.21403914576878105
50049R,mc1,1,0.180897688471597,0.179167658911423,0.026959155130610767,0.3098749586526901,0.246605988356282,0.22779797588692594
50049R,mc1,5,0.18228885849143794,0.18106112227612392,0.021334334090565475,0.2630292949463994,0.23402820616203285,0.21929139061881284
50049R,mc1,10,0.18233596023607024,0.18114634967340332,0.020568785013255302,0.26082338852181053,0.23300155835120903,0.21778336941320747
50049R,mc1,20,0.18231410780167023,0.18117037560322188,0.020171776427706935,0.25853218368319264,0.23168453834198338,0.2170834441037256
50049R,mc1,40,0.18240375745450427,0.1812789563074665,0.019823747294787777,0.2586232974811134,0.23086238589810712,0.2163265228705258
50049R,mc1,80,0.18291034608012527,0.1819340814690835,0.01963079093419439,0.2599328567149536,0.23089365256755107,0.21638346043207493
50034R,tpm,1,0.1809940319598485,0.17905362325293026,0.02555754884723385,0.3009335807117576,0.2444103201536354,0.2255345760552202
50034R,tpm,5,0.1819148133713314,0.18060058138868074,0.020660577028146918,0.2586956706247683,0.23294765398721604,0.218175004296973
50034R,tpm,10,0.18193178096664533,0.1809108343832668,0.0199402277956096,0.2655273055638572,0.2308732362113782,0.21684748672710522
50034R,tpm,20,0.18194646395364286,0.18103829705332672,0.019507812713075775,0.26134622629761095,0.2299872896400685,0.21590349343525506
50034R,tpm,40,0.18210627265937043,0.1813596151297138,0.019163369417963583,0.2639047366001683,0.22931983418718677,0.21536916213794036
50034R,tpm,80,0.18259503383309048,0.18189945022898824,0.018997091373240814,0.26020814745122783,0.23000900481769423,0.2153310741579895
50034R,mc1,1,0.18195698375975056,0.18044724990973188,0.026456301507938852,0.29747304079529213,0.24603100712681597,0.22804932470189754
50034R,mc1,5,0.1827885918212702,0.181874929532059,0.021263160525911713,0.2600637614124681,0.23371715307980973,0.21949883940457926
50034R,mc1,10,0.18280324259586772,0.1819550631332897,0.02059068286605568,0.25733373272853477,0.23260991114726956,0.21787523838115075
50034R,mc1,20,0.18287706187201777,0.18227630125590066,0.020199548818123955,0.2592058062621342,0.23157761913536198,0.217026591683894
50034R,mc1,40,0.18298660068556022,0.1824982465669245,0.019960915567110254,0.2602718002396769,0.2311206053090972,0.2168288334073863
50034R,mc1,80,0.18346242308458505,0.18302068189142262,0.019858700344905108,0.2600160764260584,0.23171099671329606,0.21689216119253985
15006R,tpm,1,0.18920636998905865,0.18953100002945106,0.02811704554856051,0.2890640067528348,0.2547196576108486,0.23637562401101053
15006R,tpm,5,0.1893049565342178,0.18894178997777286,0.022636042581634788,0.26394128134871203,0.2424276167738707,0.227560980838098
15006R,tpm,10,0.1893035332463964,0.18895900348563607,0.021612399914828113,0.26640587455984616,0.24089374463652663,0.2257450431285919
15006R,tpm,20,0.18923206744300966,0.1890180150144275,0.020996249055288633,0.26294531750916955,0.23962766592270893,0.22449971267623406
15006R,tpm,40,0.1892625582620989,0.18910430983983434,0.020597757565520635,0.2602158527069445,0.23864769008879025,0.2236989047563919
15006R,tpm,80,0.18978048850643026,0.1897403752499757,0.020308034946122357,0.2609482707358006,0.2382632738944017,0.2236923009975387
15006R,mc1,1,0.18851052865401005,0.18854707634964274,0.028430727111243483,0.2902083561856812,0.25487863745791517,0.23547993532692812
15006R,mc1,5,0.18872003860553252,0.1885125990484479,0.022596761589403172,0.2684864987294527,0.24247783383903238,0.22574210948850248
15006R,mc1,10,0.18862264443258792,0.18860938470352934,0.021797876923028498,0.2636380093992593,0.24112220914593513,0.22436956120977292
15006R,mc1,20,0.18856631875713142,0.18856033517152465,0.021405541607524434,0.2648490135907648,0.24047045525042995,0.22381845316683174
15006R,mc1,40,0.18862127069750653,0.18861071019431103,0.021136535406896414,0.26561061725767543,0.23980842299755642,0.2232971114675912
15006R,mc1,80,0.1890754895496755,0.18908413471256055,0.02098957683396539,0.2653695536417039,0.2403043884862034,0.22364838459694755
50017L,tpm,1,0.18022970070697483,0.1782109985382451,0.02611023579382235,0.2850084911015788,0.2463566763386663,0.22643820349038532
50017L,tpm,5,0.1811373567625773,0.17971812651957564,0.020722258618364627,0.2652960798805694,0.23300033255153632,0.2178900295394085
50017L,tpm,10,0.18123196038617526,0.17993559959052374,0.019899557967609883,0.2617019105776754,0.23144739680216972,0.2162880001187635
50017L,tpm,20,0.18122369878251632,0.18004504991806583,0.019461148340405767,0.2587466328283382,0.2304406144536163,0.21537286494461413
50017L,tpm,40,0.18139194163318623,0.1803628010427912,0.019182340700220638,0.26128427047949826,0.23000195390334288,0.21511877649330446
50017L,tpm,80,0.18199348884607985,0.18105800175633766,0.01903921066266107,0.26554393233512147,0.2303155096264361,0.215453475256272
50017L,mc1,1,0.18237356676008107,0.18070691741048586,0.026776538164461856,0.29465868390392913,0.24715848678261138,0.2291325489198241
50017L,mc1,5,0.1831655776725361,0.18208959333251903,0.021517969090065644,0.2622148927883448,0.23536458778344033,0.2203422428007845
50017L,mc1,10,0.1832086846879106,0.18229304695182816,0.02075643398785654,0.2592614317633783,0.23366569170292098,0.21875733472772949
50017L,mc1,20,0.1832902652875175,0.18249384921028083,0.020244132323906996,0.2606473479627193,0.23309737833759359,0.21777342124268276
50017L,mc1,40,0.18348494626348233,0.1828223454613766,0.019914347325275913,0.25889598297386257,0.23219509659827517,0.21721407848349156
50017L,mc1,80,0.18407183562160812,0.18354097635132194,0.019785738843416514,0.26496224259316586,0.23184473252589266,0.21750708034452063
15441R,tpm,1,0.18797722969988906,0.1883856815068206,0.028395352356339918,0.2906186676729408,0.2533858419107597,0.2350034765093132
15441R,tpm,5,0.18868352523241344,0.18885205850081624,0.02226147333259293,0.2665576860643902,0.24011217378335917,0.22557620873943532
15441R,tpm,10,0.18867774063375267,0.18889544727177332,0.021268172468467853,0.2650731219871204,0.2385416567107946,0.22345742323762466
15441R,tpm,20,0.18864064119499596,0.189001825388007,0.020725403958339658,0.2631425659219878,0.23775538318198594,0.2226913065206943
15441R,tpm,40,0.18871075837202922,0.18910002644102883,0.020416693846764016,0.2637739373023843,0.2377199536817737,0.22226902617830274
15441R,tpm,80,0.1891874213578675,0.18965816618238807,0.020284403329559945,0.2645132321831864,0.23790541265047946,0.22260143963717988
15441R,mc1,1,0.18693452323020793,0.18625251676101376,0.02834298781591004,0.299831302568614,0.2533906222157767,0.23479100916774306
15441R,mc1,5,0.18712793286637808,0.18650599176112678,0.022648166205976837,0.2659199315583495,0.23990428794612806,0.22575730330815694
15441R,mc1,10,0.1871024839737558,0.1865214866944321,0.021824359290225,0.2642635805403381,0.23896383474588767,0.22382623505555813
15441R,mc1,20,0.18711728503926217,0.186565404080137,0.021327133657991,0.2642017410994962,0.23891935957650393,0.22291337890888352
15441R,mc1,40,0.18719513343881405,0.18670064274126183,0.021022507374431367,0.262347403265201,0.2382311185599824,0.22249828088922255
15441R,mc1,80,0.18757387333620532,0.18708650405627503,0.020826547883701578,0.26718877221920145,0.23827684215711362,0.2225087324115095
14827L,tpm,1,0.18966157376187387,0.18787268295290993,0.031045159144321505,0.29895611718109066,0.2564947521078871,0.24439412837300803
14827L,tpm,5,0.18973321502159518,0.18838789770046116,0.025099475221899398,0.2683188401882999,0.24913082506966172,0.23464151380350187
14827L,tpm,10,0.1895779797599742,0.1883529665282708,0.023905532187827372,0.2655390931670933,0.24712843416892846,0.2322725766518736
14827L,tpm,20,0.18939537640382859,0.18834978099271393,0.022990785283244507,0.2651403590553409,0.2438600292982644,0.23008983008512957
14827L,tpm,40,0.18942323734567254,0.18841709051994954,0.022340872511053822,0.2644821544074399,0.2412243946832263,0.2290293212669008
14827L,tpm,80,0.18994141972970408,0.1891832445008427,0.021897255142093196,0.26686665209424215,0.240942831150778,0.22827375228927663
14827L,mc1,1,0.1876870030159367,0.18618606285112413,0.03132882528481005,0.2800361405247408,0.25612041172548106,0.24080280313914865
14827L,mc1,5,0.18842880713415477,0.1869907082922386,0.02466357567071964,0.2659815971077595,0.24473532948880958,0.23138722195318442
14827L,mc1,10,0.1884806974537019,0.18701574800000245,0.023524676605041234,0.266917590278354,0.2431603539955636,0.22910381925802398
14827L,mc1,20,0.18846239302394113,0.1871057588585343,0.02283564202348171,0.2622026124965307,0.2413798679453705,0.22747546571004423
14827L,mc1,40,0.1887165359242556,0.1875127995630883,0.022336207520542474,0.26658957218915985,0.23939212585882144,0.22667317326936678
14827L,mc1,80,0.18934014689792195,0.18826567663668897,0.022075262719805627,0.26618414678564123,0.23972482293375358,0.2267883561812291
14726R,tpm,1,0.18807131029826196,0.18828967045486114,0.02801895752313328,0.28151854290615075,0.2525706632869816,0.23430942995721835
14726R,tpm,5,0.18869144756347375,0.18838524358345787,0.02237340750719969,0.26565014586858726,0.24139985500981337,0.22625456452388493
14726R,tpm,10,0.18863840120736583,0.18828170383761922,0.02141280600567287,0.26409356296585845,0.2396935823679717,0.22430695374726475
14726R,tpm,20,0.18867741634919544,0.188341923106031,0.020821951352573732,0.2666967566356841,0.2391583498635452,0.22326889617679022
14726R,tpm,40,0.18880358966495944,0.18847282297455908,0.02035812184085429,0.2654298589081474,0.238429587636437,0.22254213081394075
14726R,tpm,80,0.18921458453069656,0.18891892440938754,0.020073232308867872,0.2630323174060573,0.23834923881590098,0.2224349253068068
14726R,mc1,1,0.18682907314833264,0.1872698587600188,0.028194915646485897,0.3001566257806034,0.2531245541500904,0.23332295214372437
14726R,mc1,5,0.18745241251395278,0.18784301956687197,0.022844285207362626,0.2671198233003273,0.24119817487575662,0.22477232900422814
14726R,mc1,10,0.18746914649402957,0.18791753510516643,0.022036441785505286,0.26568025895801956,0.23998474945960419,0.22336069484132426
14726R,mc1,20,0.18750405410354126,0.18788560349318506,0.021555143667946235,0.2669925092582105,0.23930499362246277,0.22239053486771684
14726R,mc1,40,0.18756744726471664,0.18796010214936343,0.02123672922975638,0.265130156715538,0.23873337196704714,0.22190989161126906
14726R,mc1,80,0.18791984785932334,0.1882817038376223,0.02102926404505237,0.2662667835085749,0.23824428611644344,0.22203873535072652
15294R,tpm,1,0.18751936269684294,0.18784115629840425,0.028081200853530722,0.28751676472860044,0.25353088390777717,0.23445218538779858
15294R,tpm,5,0.187815092975517,0.18820536655453798,0.021946900480945348,0.268613123283281,0.23930421638355784,0.2241183526400319
15294R,tpm,10,0.18781720938763335,0.18834528133186723,0.020964427686154724,0.26474631253334413,0.23715857033838056,0.22244289687687613
15294R,tpm,20,0.1877466176120257,0.1883469139279582,0.020497575705187367,0.267182877445391,0.2362721361930738,0.22151121283696068
15294R,tpm,40,0.18782787653916777,0.18848397809893647,0.020083190008409968,0.26214631410722095,0.2355780020551418,0.22116238378070305
15294R,tpm,80,0.18822968316389654,0.18881273791775846,0.019907811357969932,0.26128115125282114,0.23591887920165755,0.22139170715953724
15294R,mc1,1,0.18867485982018578,0.18882468059021937,0.027240128736151635,0.2841087115876618,0.25218819702541584,0.23395035797620026
15294R,mc1,5,0.18908023562648674,0.18874917218362294,0.022152935028440672,0.26405196458272506,0.2404930064383326,0.22585104160832742
15294R,mc1,10,0.18906561879519393,0.1890238741534245,0.0214011620974818,0.26475203493080285,0.23918487458122417,0.22454579599716387
15294R,mc1,20,0.189011720133909,0.18910626642122175,0.020920596275726844,0.26577238381742657,0.2384195105343949,0.22371908163527476
15294R,mc1,40,0.189066329229877,0.18921532707474206,0.020512395429769393,0.26494761746427614,0.23784608468503188,0.22283018197722282
15294R,mc1,80,0.18942273043153693,0.18969509745904417,0.020205677872888066,0.2652082389368779,0.23818296521984186,0.22228060530500882
50021R,tpm,1,0.1791906096605104,0.17685110969353096,0.025978591851362896,0.2819771976596684,0.2435618182308647,0.22438094058180974
50021R,tpm,5,0.1804992684974455,0.17898106045054837,0.020739064172458258,0.2632584661506494,0.2310109925291383,0.2165770117052284
50021R,tpm,10,0.1806583802935791,0.17932347865724646,0.019828040310556273,0.26585691640429837,0.22962454699434326,0.2151746813595214
50021R,tpm,20,0.1807279279136402,0.17960726599924046,0.01926184921394201,0.26506138911580157,0.22879374266257657,0.2140830341243824
50021R,tpm,40,0.18084583148555178,0.1798502293574135,0.018904381576625613,0.264028559061315,0.22828918022192363,0.21337582571582214
50021R,tpm,80,0.18139907510623032,0.18045140619502203,0.018766405474496744,0.26335770351368254,0.22855858637310775,0.21364817103346648
50021R,mc1,1,0.18133351828884595,0.17947328492007722,0.02721391398482136,0.28869542774349827,0.24912391506982692,0.22924760403731
50021R,mc1,5,0.18231128449907574,0.18071560530288036,0.021178647237008866,0.26197093350217115,0.23431044621235295,0.21999367027929217
50021R,mc1,10,0.18222771302291232,0.18088548863851875,0.02035625724026368,0.26539868123258775,0.23276969604905015,0.2182841863257333
50021R,mc1,20,0.1821497666640228,0.18101574517148455,0.01994106462290398,0.26401564347590256,0.2320453652538583,0.21702310015039172
50021R,mc1,40,0.18220156517783326,0.18124015833814974,0.01970221744108817,0.26415431096236724,0.23176611072877168,0.2165539078335576
50021R,mc1,80,0.1827333762993046,0.18188598076816717,0.01950721737628557,0.2665496013878186,0.23257187607095742,0.2166215686314451
50027L,tpm,1,0.17874313165258693,0.1767514497763392,0.025956532193466986,0.2845589745553635,0.24428167265846792,0.22513213564345402
50027L,tpm,5,0.1799614876051989,0.17877933325751266,0.020833956298576446,0.25776999437481596,0.23099295657542135,0.21669853705835235
50027L,tpm,10,0.18015145098302893,0.17903547134505815,0.019944908853562936,0.25741810348146604,0.2295918226590276,0.21539740709242078
50027L,tpm,20,0.18039651668683246,0.17923799820099645,0.01931020870859774,0.2577263083194933,0.22852329121900783,0.21442843651683846
50027L,tpm,40,0.18060543926918995,0.17958048334502724,0.01902277732014028,0.2562130363584146,0.2281949467530351,0.2139095976394357
50027L,tpm,80,0.1812272220980647,0.1802400621393669,0.018895363721410065,0.25595675415976227,0.22804531115995072,0.21420133052801243
50027L,mc1,1,0.17923920572311297,0.1765527541472198,0.026174277662721308,0.31227936211026763,0.24291587944006876,0.22490515000736552
50027L,mc1,5,0.18015396954052837,0.17857019612671732,0.021179994424814434,0.26353872580704,0.23104547704816983,0.21783115020299987
50027L,mc1,10,0.18021133619546503,0.17891615354685128,0.020270576815971126,0.26009023434184825,0.2303532252820717,0.21581305295070213
50027L,mc1,20,0.18019556724023997,0.17917893291344306,0.019733146598880796,0.25827216265018205,0.2292789547641741,0.21465555657035143
50027L,mc1,40,0.1803225713943676,0.17943335809788502,0.019410055260938006,0.257459705585176,0.22909283925927323,0.21425852954836938
50027L,mc1,80,0.18083185571164045,0.18012145902139612,0.019243351825101295,0.25843097724537467,0.22920805463288302,0.21438420417514423
50008L,tpm,1,0.17936752068299083,0.17759648082026444,0.026490284139893613,0.31133525338452467,0.24548497591618915,0.22626071680796842
50008L,tpm,5,0.18085328311357834,0.17972860092258214,0.020979276537299293,0.2581931641232979,0.23280020747874786,0.21773336875358643
50008L,tpm,10,0.1810992269511781,0.1799280271655351,0.020053338224078444,0.2556543565050249,0.23108892072523896,0.21624319637032344
50008L,tpm,20,0.18117804913095945,0.1802119307926052,0.019554817668228055,0.25625787792768295,0.23024019622593628,0.21558065775946036
50008L,tpm,40,0.18145475147841195,0.18064144042505115,0.019176846844603353,0.25806435243946024,0.2300613225729919,0.21481682877482416
50008L,tpm,80,0.18225122396029295,0.1814701352817374,0.019068315881378427,0.2610339058436574,0.23099128412485498,0.21507053142191243
50008L,mc1,1,0.18030462261077637,0.1783676540182866,0.025485724678105663,0.2836161666760229,0.24323251344726127,0.2249306837671597
50008L,mc1,5,0.1813200494561383,0.18003216379301626,0.02101311740598793,0.2634619896683343,0.2320386751165027,0.21829689643547295
50008L,mc1,10,0.18146690644576607,0.18037998780353,0.020215493858959467,0.26209666155828504,0.2307056199340742,0.2172033493906622
50008L,mc1,20,0.18158183912168738,0.18063346865960492,0.01970585566539985,0.26162647037331926,0.23014496541870264,0.2163634255494467
50008L,mc1,40,0.18189321139028933,0.18107001408295287,0.01926306786770595,0.25941707730988117,0.22921230140085672,0.21557522584876554
50008L,mc1,80,0.18254108556248996,0.1818496906788662,0.019022190663008233,0.25640072152784554,0.22948519567710002,0.21572248838708669
14548R,tpm,1,0.17771248369233802,0.17555433630700357,0.026442200444707346,0.287104789232091,0.2463685696113048,0.2248709039597696
14548R,tpm,5,0.179044947368733,0.17790254346249432,0.020767015980390362,0.25398415304897054,0.23068225714988405,0.21529310831341758
14548R,tpm,10,0.17922763451944362,0.17816716869278773,0.019772488568237708,0.2547994505488583,0.22851534345384192,0.21340646661931445
14548R,tpm,20,0.17939259634369242,0.17844688285313426,0.019070627708776267,0.25250746523617806,0.22772885883719443,0.21242579879732637
14548R,tpm,40,0.17956426573861362,0.17871212885530902,0.01865067896594258,0.2543181275489419,0.22668656975359358,0.21213792883478982
14548R,tpm,80,0.18027099265859017,0.1794125413676572,0.018376679884492146,0.25875364731728484,0.2269359860384905,0.21231600202914497
14548R,mc1,1,0.17855595823099496,0.17646509568570076,0.02792078052805318,0.2830346445225357,0.24805068957772908,0.22812709678984328
14548R,mc1,5,0.180393167216234,0.1790131419485771,0.02161576134413797,0.26204020683856244,0.2335290661227785,0.2181070045782331
14548R,mc1,10,0.1805308451186562,0.17938896286555586,0.02058976307684265,0.2618766312598344,0.23153774865151655,0.2163757518630045
14548R,mc1,20,0.18054331653977798,0.17959451550645264,0.020057757646907714,0.2647003022287615,0.23059127822868367,0.21543352559574808
14548R,mc1,40,0.1807268926091427,0.17976501328122788,0.019749786275593564,0.26512672441682594,0.2299877057459009,0.2150340737972312
14548R,mc1,80,0.18133515706160985,0.18028297201898782,0.019533024710186926,0.26470534562037057,0.2303122912850391,0.2151111524618211
14873R,tpm,1,0.1894732755249222,0.1901183841715515,0.02742897256011448,0.2806011404110797,0.2522206916093629,0.23411663756018455
14873R,tpm,5,0.18978278755337033,0.19003552299049414,0.021866563714821246,0.26333818560930505,0.23998874884970675,0.22601393761779262
14873R,tpm,10,0.18975430605120364,0.18997631431313278,0.02102283126758024,0.2612336119261793,0.23833453313607386,0.2245907389007892
14873R,tpm,20,0.18974113688143754,0.1899091888199928,0.020492481579949498,0.26253571185650637,0.23762182137125493,0.2237163382500259
14873R,tpm,40,0.18979676327698392,0.18988680838857525,0.020103115426390695,0.26370248387151324,0.23692235014723126,0.22333159203301325
14873R,tpm,80,0.19018688660610095,0.19016571720475112,0.01985897220501102,0.2639450700430023,0.23749416791483194,0.22376684289864196
14873R,mc1,1,0.18540642199701635,0.1846591454545438,0.02858590566103053,0.28675599383447314,0.252802393182956,0.23379061144490762
14873R,mc1,5,0.18635382064620826,0.18570271941516786,0.022545238168436642,0.2744503598103016,0.2400099991916478,0.22537468800678068
14873R,mc1,10,0.1863823352037416,0.18567175337136682,0.021676335835700243,0.27360921037128233,0.23897922381131895,0.22326464116612607
14873R,mc1,20,0.1863539654157036,0.18575790696496122,0.021159000993075515,0.26242332213429737,0.23802184761213568,0.22245448954599892
14873R,mc1,40,0.18643498168778336,0.18598790271097898,0.020796340338472576,0.26619353861429773,0.23743001072142408,0.22156342206881321
14873R,mc1,80,0.18687361311655923,0.18635852542398487,0.020569715202665914,0.26252237999835426,0.23756624338357996,0.221524265036593
15737R,tpm,1,0.18987829230586553,0.1907096877446165,0.027701382027868624,0.2826451662420648,0.2530710414020482,0.235732639157796
15737R,tpm,5,0.19026109882410647,0.19026005886680608,0.02207559948662611,0.2643353173527803,0.24144855701587684,0.22759817659986856
15737R,tpm,10,0.19016792724325213,0.19002599822103633,0.021218866623258073,0.2666516266591926,0.240465616962164,0.2259056440197986
15737R,tpm,20,0.19013648677011813,0.19006077971334973,0.020616034950488533,0.26406431034882744,0.24050437605155373,0.22483176373395286
15737R,tpm,40,0.19022715365258794,0.19018939244759492,0.020213616831776356,0.26392999071723716,0.23998546289401,0.22427612551317963
15737R,tpm,80,0.19067064609273632,0.1905053542554506,0.01988675846583106,0.2662068556592731,0.2392627008123048,0.22396653767916633
15737R,mc1,1,0.18925317262780786,0.18964605189411085,0.02740603685855522,0.28571377285666893,0.25384920227773117,0.23440556306648644
15737R,mc1,5,0.1897205038201351,0.18960250521645217,0.021887347406916953,0.26430088913963007,0.24120498740424165,0.22581537258924497
15737R,mc1,10,0.1897477017175477,0.18974983530953932,0.021111084895592987,0.2657844239228441,0.23963618940572615,0.22460750209944427
15737R,mc1,20,0.18971480186131068,0.189813079106797,0.020678409240077286,0.26607141898370285,0.23878125554500887,0.2237480725945317
15737R,mc1,40,0.18972438019426585,0.18985849994141227,0.020384994017949194,0.26611503151832533,0.23831316493765095,0.22308026130342576
15737R,mc1,80,0.1900616538041811,0.19024881077157607,0.020113489637311903,0.2629738390030476,0.23779592928473486,0.2229867304811012
14685R,tpm,1,0.17681273726018815,0.17461242796547594,0.026734935811129748,0.28771630124134445,0.24448002820440742,0.22247879223240305
14685R,tpm,5,0.17850980183580015,0.17736017027355067,0.0210293539169497,0.262527008134404,0.2288616855380122,0.21420416426655617
14685R,tpm,10,0.17880630979949755,0.17759921170995702,0.01978518564012828,0.26261110029851303,0.22708431216502536,0.21269674492800786
14685R,tpm,20,0.17893586768336095,0.17777921700806,0.01904783794766696,0.261452022367398,0.22651567299095166,0.21173891457757643
14685R,tpm,40,0.1790781429151592,0.1780812455032866,0.018670293988235977,0.2598846282487736,0.22659487451052263,0.21128738010435608
14685R,tpm,80,0.17958781574001179,0.17873393634113952,0.01851854049930815,0.2601564337086495,0.22717672368080985,0.2115399962142135
14685R,mc1,1,0.1805889033759841,0.17880767594765334,0.02760538181372092,0.29431299665492255,0.24875895849697555,0.22879551384196956
14685R,mc1,5,0.18186139106895755,0.18062476296707772,0.021542298147490813,0.25943594585176183,0.23425961229604006,0.2192667690279151
14685R,mc1,10,0.18190921970822743,0.18079777376924758,0.020637016250574278,0.26318618884736733,0.23268994338475907,0.21761441572191648
14685R,mc1,20,0.1818903240012289,0.18082792925873342,0.020177332369777742,0.26262629342850574,0.23182825793658562,0.21663322444735275
14685R,mc1,40,0.1819952786530618,0.18104637527441172,0.019843832340846274,0.26254786230323757,0.23179275050401157,0.21590785994568043
14685R,mc1,80,0.1824402515781651,0.1815615047304956,0.019704917849588197,0.26274706468388864,0.23212483173519166,0.21611086506620167
50045R,tpm,1,0.17901834271522188,0.17719461052752256,0.026197303044990943,0.2841210481467423,0.24370089146075194,0.22520444930146766
50045R,tpm,5,0.18046889600206845,0.17942421798632135,0.021034112528837204,0.26026296317378345,0.2310402907408353,0.21748409137097177
50045R,tpm,10,0.18071066107558487,0.17972631970825478,0.02009436028146249,0.2565347929618907,0.23012808298398915,0.2160988672838213
50045R,tpm,20,0.18089877017521985,0.17983096229481615,0.019419853431305322,0.25569391858235463,0.22924060891541795,0.2151541366046747
50045R,tpm,40,0.18108964016941045,0.17999236094901966,0.019023851977858195,0.25777412593197135,0.2286711589389629,0.21432836895968418
50045R,tpm,80,0.18164036286569382,0.18057765642514545,0.018863355299376612,0.25734756653211566,0.2291539438892547,0.21446892548804078
50045R,mc1,1,0.18126713733440164,0.17945263999172317,0.026620294148345075,0.29306709129481645,0.24590030220419246,0.22800635077716597
50045R,mc1,5,0.1821860460501613,0.18081305262619232,0.02118331022657565,0.2547395728974937,0.2338140222032145,0.21946077096966812
50045R,mc1,10,0.18220335279030156,0.18092177867797782,0.02033834430643434,0.25366726237336384,0.23169505787452113,0.2180709700092699
50045R,mc1,20,0.18218011589575897,0.1811469155133449,0.019796007233954936,0.25320458131715334,0.23052444587263463,0.21689421384319993
50045R,mc1,40,0.1822703432071668,0.181375742589797,0.019431620137438828,0.2536474718975077,0.22991718288840976,0.21615551105486042
50045R,mc1,80,0.18277387247298302,0.18203771587229295,0.019218148061809572,0.2527172728564408,0.23028758715892683,0.21612714776170278
50006R,tpm,1,0.1809093240901675,0.17900773726294766,0.026126395393925847,0.2997044544213539,0.24395124890156583,0.22593133889427958
50006R,tpm,5,0.18161429840922652,0.18032764624419417,0.021375823874111993,0.2612132462184866,0.23132174319648935,0.21908885753796334
50006R,tpm,10,0.18166733383709155,0.18047900151648716,0.020518620249828985,0.2609940420776021,0.23010201994446552,0.21778570305891942
50006R,tpm,20,0.18167959116174268,0.180745885153695,0.019954421124874094,0.26034600054542234,0.22983173073541494,0.2164710083882254
50006R,tpm,40,0.18181900927007838,0.18096090738056492,0.019518022530895667,0.26478765076945415,0.2288946978586502,0.21594692844762636
50006R,tpm,80,0.18240196057590333,0.18165608990410598,0.01919973230298108,0.2602502833812146,0.22904915807260806,0.21590190364322623
50006R,mc1,1,0.18156119824278616,0.18013952925440307,0.026447130706949196,0.2780465608490742,0.246977624447312,0.22826556025334457
50006R,mc1,5,0.18243540316866386,0.18169969730298927,0.021211205691753863,0.26483294734605806,0.23295557776997514,0.21967373532387166
50006R,mc1,10,0.18244872897282174,0.1817939492942567,0.020367847464640928,0.2631677221849235,0.23150322357181957,0.21818541426199323
50006R,mc1,20,0.18240748796337236,0.18164536878214135,0.019959174465957148,0.2617408833178466,0.23057283230915232,0.21708897832124696
50006R,mc1,40,0.18242135881758595,0.1817221780528952,0.019678435670268318,0.26285045177819305,0.230311972028525,0.21645678997922504
50006R,mc1,80,0.18288906607065838,0.18224006145740293,0.019592537068555488,0.2662175989674624,0.23028171862828095,0.21684715803473106
50029R,tpm,1,0.18084421074123347,0.17923094037645015,0.026466731150982917,0.2943420459261595,0.24698429099769822,0.22663419865211548
50029R,tpm,5,0.18177625037427086,0.1807034310687033,0.02097947870250071,0.25605977817689346,0.23199083331494175,0.21819462871041478
50029R,tpm,10,0.18177588691451338,0.18085842529447665,0.0202134493140981,0.2579898447613763,0.23068321469438527,0.21661634287375384
50029R,tpm,20,0.18179201291791622,0.18108593263790237,0.019663962891951936,0.2580337962360703,0.22939631484922515,0.21552015783281106
50029R,tpm,40,0.18195280874691921,0.18123810305782984,0.019267237097853128,0.260850455242095,0.22858909422246684,0.21477308956197091
50029R,tpm,80,0.18259354878188067,0.18202486093937792,0.019031562438485982,0.2553125339657295,0.22905061919148262,0.21506118662435889
50029R,mc1,1,0.17995937724275193,0.17805897899203457,0.02670350784243663,0.2999594639280504,0.24675173024436023,0.22717087820227477
50029R,mc1,5,0.18113409951885523,0.17992470647466938,0.02109764163122856,0.2542759131337496,0.2328991037060251,0.21818115636999671
50029R,mc1,10,0.18123771841686737,0.18020069367236746,0.020252560817192927,0.257262200876838,0.23096568961862232,0.21662665578047202
50029R,mc1,20,0.18124391441085366,0.1802723633836926,0.019778421613012433,0.2585471136949782,0.2296841610791365,0.21577720452412372
50029R,mc1,40,0.1813738406772776,0.180372503447714,0.01946456807815853,0.26111118321512816,0.22917341041196082,0.2154328851321256
50029R,mc1,80,0.18187029263977364,0.18098842504341378,0.01926307300501248,0.262859449135852,0.22953326411072847,0.21556531257132133
50020R,tpm,1,0.17997634125271267,0.17815765488804305,0.026082653302147246,0.2868663103259144,0.2441811328972539,0.2251790572276376
50020R,tpm,5,0.18133612178557243,0.18022333367241058,0.020801939966800777,0.25842169026612233,0.2318862227593853,0.21773222543627285
50020R,tpm,10,0.18140111559624256,0.18031107841669824,0.01998132135802886,0.2563089737016533,0.2298304523723751,0.2161507401564374
50020R,tpm,20,0.18148273979430476,0.18058738881766725,0.019454391107444183,0.2537466650027119,0.229381640406915,0.21524517987711175
50020R,tpm,40,0.18165724111977674,0.18075423923077785,0.019168056499490015,0.25562769802976065,0.22887161329854575,0.21492570691635937
50020R,tpm,80,0.18220950878875355,0.1813461882698523,0.019063915242933657,0.2551114266355011,0.229891681776883,0.21528526424226596
50020R,mc1,1,0.18144686883683986,0.1796606523338484,0.026787114298735478,0.30108669847735786,0.24851464427555003,0.2281251191675238
50020R,mc1,5,0.18216129568555212,0.18127717727253778,0.021167452064927567,0.2601664275036255,0.23317181324903577,0.21890941619509824
50020R,mc1,10,0.1821992438205719,0.18146129063796793,0.020330639657822218,0.2653541407251723,0.2310159191368044,0.21732333031751427
50020R,mc1,20,0.18216235671178552,0.18143445097335328,0.01982247038387684,0.26453529065137305,0.22963829679662928,0.2163806135540686
50020R,mc1,40,0.18221159113800048,0.18163639503139603,0.019508962597799398,0.26433473097570903,0.2292870760963067,0.21567676507675937
50020R,mc1,80,0.1826589310715444,0.18215332826812508,0.01935158039045638,0.2629878324181639,0.22974627292171837,0.21567046158422493
50018L,tpm,1,0.17968569787196084,0.17771541857699746,0.02651183557162876,0.2903623598195797,0.24519387800770204,0.22601119441302334
50018L,tpm,5,0.1808792613581844,0.17947615440497938,0.021205935120216974,0.25931021962121015,0.23201220990302898,0.21769700023621863
50018L,tpm,10,0.18105523663004625,0.17984965943374587,0.020292499637835953,0.25839144722688406,0.2309020972963863,0.21636437159023494
50018L,tpm,20,0.18117163085689147,0.18002405394602483,0.019694272611040727,0.2564984600343552,0.2301902242914893,0.21558738714501724
50018L,tpm,40,0.1814268142332172,0.18044168032818758,0.01931547711632725,0.25400999980316835,0.22976962701641274,0.21517496695853616
50018L,tpm,80,0.18199547760661478,0.18108322672026764,0.01919944655034359,0.25541936105158153,0.2305616992996177,0.21541303349418905
50018L,mc1,1,0.18168911991831374,0.18007914926481183,0.025948417353189722,0.3127342801804767,0.2453904130782054,0.22678919835347555
50018L,mc1,5,0.18268829826477434,0.18147414413876195,0.020845295641813748,0.26260437924756247,0.23322301364233453,0.21850253428081215
50018L,mc1,10,0.18275722766449398,0.18166367271003256,0.020086844024751575,0.2636733774957182,0.23185623335137617,0.2173614765775806
50018L,mc1,20,0.18277020900008314,0.18186582966571294,0.019599405343998625,0.2642421238182913,0.23069553673300844,0.21643758684468176
50018L,mc1,40,0.18286094436461728,0.18216654467821672,0.019283188913422556,0.2622793358234595,0.22976733360933307,0.2158230617740777
50018L,mc1,80,0.18338416024279097,0.1826750256603234,0.01912603169117659,0.2593541786823653,0.23009959012044817,0.21611835183350966
50037L,tpm,1,0.18259043966911628,0.18122152190067126,0.02727540008202489,0.2937718332311612,0.24970935399984315,0.2297208631961291
50037L,tpm,5,0.1833433252495504,0.1823321419827048,0.021596964577720333,0.2609713777409395,0.23593826697101503,0.2205501530264651
50037L,tpm,10,0.18339907926450952,0.1826118013711135,0.020850931227443664,0.26156058571580265,0.2342761181972021,0.21943663318115889
50037L,tpm,20,0.1833903410390443,0.1826257511930512,0.02043961457470702,0.26406258727809356,0.23354783207661198,0.21874191399651643
50037L,tpm,40,0.1834927263958341,0.1827639050765637,0.020107123426394535,0.2631890765210482,0.23284378182879073,0.21809871274238843
50037L,tpm,80,0.18398588271460786,0.18336749984654926,0.019962829591339565,0.26098760506966295,0.2326255437154797,0.21822100035987568
50037L,mc1,1,0.18227156570074254,0.1809097565064418,0.025994708881873732,0.28303406155443095,0.24526084102958084,0.2269321792954516
50037L,mc1,5,0.18310930137742815,0.1821262336911092,0.020859259135129014,0.2597083364083626,0.23339083025000412,0.21904766828932473
50037L,mc1,10,0.18312655387533083,0.18227945578149363,0.02020483230706029,0.2576701379671371,0.23178543049954697,0.2179902425551976
50037L,mc1,20,0.18318513143639867,0.18236940532886176,0.019819325853321926,0.25557190768939925,0.23144631687495512,0.21734341487314462
50037L,mc1,40,0.18334284486112626,0.1825700961266618,0.019508623865824394,0.2550576993544832,0.2311312546237615,0.2167916730354863
50037L,mc1,80,0.1838172016792826,0.18308058335061286,0.019339008902203032,0.2558292594681138,0.23171213562416776,0.21676632118452843
14727R,tpm,1,0.18644952153969693,0.1843571533735478,0.030615261867067117,0.2829000000000013,0.2560523381475862,0.2399090661063011
14727R,tpm,5,0.18698269470143475,0.18557276200995304,0.02414634138690549,0.27522407234832535,0.24432647371525026,0.2293285655778026
14727R,tpm,10,0.18679488348228093,0.18544855080773998,0.022870668874773844,0.2666081206565172,0.2411591424590389,0.22651629844012333
14727R,tpm,20,0.18667208822642647,0.18547055022033906,0.021931889615626442,0.2660454096578284,0.2387591529116391,0.22406280369531345
14727R,tpm,40,0.18671111980659338,0.1855896279333603,0.021331556412030724,0.2665813384316527,0.23749951575322167,0.22307444945570107
14727R,tpm,80,0.18703992892287483,0.18600830626614165,0.02098852745725142,0.2645996220707767,0.23723327019643017,0.22279435584259116
14727R,mc1,1,0.18571775575085234,0.1840202434299435,0.02969286832679375,0.28529942166081357,0.254228126937267,0.23725271334788897
14727R,mc1,5,0.18637281473251457,0.18502078261643415,0.023345436670534493,0.26719655686404054,0.24300161552259883,0.22705925655401066
14727R,mc1,10,0.1863470701940928,0.18514181051290782,0.022216386256541144,0.26529019959282046,0.24009044168425714,0.22487656830173625
14727R,mc1,20,0.18626470899610253,0.18518488059235758,0.021539008784989724,0.26646997954742435,0.23867477087097852,0.22366327368487635
14727R,mc1,40,0.1862829367495711,0.18530825669546272,0.021019242539595306,0.26532538514058224,0.2374600362166268,0.22252647033545583
14727R,mc1,80,0.18667687392750257,0.1857497240913094,0.02073950539874336,0.2649476174642771,0.23765217017428764,0.2223108094534364
14613R,tpm,1,0.1877668435075882,0.18907670401187826,0.028128432007100516,0.29401557781858983,0.25369488879317675,0.2341567847877013
14613R,tpm,5,0.1882275826611774,0.1887061737005432,0.02262117350257049,0.2658079005597874,0.2410691018221782,0.2256876768871483
14613R,tpm,10,0.18826730216855309,0.1884966843209786,0.021618905323816242,0.26555790329041207,0.2393896405094557,0.2243880567231696
14613R,tpm,20,0.18830458836481015,0.18832153355365283,0.02096375191883542,0.26607141898370323,0.23874126727937559,0.22354540925574493
14613R,tpm,40,0.18833572530714815,0.1883436884978466,0.02052828563436972,0.2653639010867804,0.23786696952106562,0.2226512384871808
14613R,tpm,80,0.18872150590963074,0.18860860266622842,0.02022299120068716,0.26653031722489123,0.23757647715076363,0.22277005184372795
14613R,mc1,1,0.18671999251021756,0.18607794065927247,0.02831328718763114,0.28877778654182823,0.2516212828820787,0.23390232145494352
14613R,mc1,5,0.1878359098099465,0.18724048707478202,0.022630272455582346,0.26433879775773084,0.24003364322642703,0.22618908571435056
14613R,mc1,10,0.1878744767707778,0.18724048707476584,0.021747917750014747,0.2664080329119099,0.23860284812835433,0.2245065700226489
14613R,mc1,20,0.1878471258706058,0.187240340204714,0.02117978606741247,0.2657156562944677,0.2380955688366963,0.22341441314292193
14613R,mc1,40,0.1878505280904096,0.18731408115771078,0.020814030091580654,0.26315774736838676,0.2375018367623563,0.2224964325540905
14613R,mc1,80,0.18818949730739054,0.1876528177213021,0.020574130437223934,0.2622079327556641,0.23769842219733106,0.22254235550789106
50014R,tpm,1,0.17998607044015338,0.17881124125736306,0.025822770739822847,0.27331758084690155,0.2432419354101278,0.22485867968251408
50014R,tpm,5,0.18117795071546208,0.18049545700655129,0.020924706342904165,0.2567965926565212,0.23159990241102854,0.21762055965881116
50014R,tpm,10,0.18137747279827893,0.18077946509463377,0.01995069467520652,0.25550367903417714,0.23046211578117692,0.21608629063067072
50014R,tpm,20,0.18152103555691407,0.18104242594052616,0.019213926231891804,0.2558443472113461,0.22903399812921327,0.21521850285974095
50014R,tpm,40,0.1817450132236713,0.18128400370282383,0.018781903350258238,0.2548069465301208,0.22819948247084076,0.21456599215747924
50014R,tpm,80,0.1823183990419559,0.18187596047145008,0.018558049503690974,0.2526433256589245,0.22878370206585488,0.2147378586892147
50014R,mc1,1,0.18077166697063962,0.17897284710200728,0.027007834912894223,0.2815176371029056,0.2492703642157688,0.22884064865169498
50014R,mc1,5,0.18188268704232569,0.1807190360753329,0.02131044019376295,0.2644664250902267,0.23483112572648346,0.21928203300088162
50014R,mc1,10,0.18201121755273075,0.18092224849365762,0.02046878983283907,0.2615191197599003,0.23253496363575607,0.21792807246327872
50014R,mc1,20,0.182061923435682,0.18104649954260346,0.01998963257534241,0.2643154176358404,0.23164811053522605,0.21715014383746323
50014R,mc1,40,0.18217804667080223,0.18125177239955537,0.01972401262288573,0.263352577355902,0.2311377507312711,0.21674752000678532
50014R,mc1,80,0.1826544519382394,0.18170626020967345,0.019690546027525655,0.26391714608945277,0.23153978597552552,0.21706656233515675
50019R,tpm,1,0.18051895728294529,0.17871927707999888,0.02563893597885075,0.2772624208218606,0.2433784723131216,0.22532052276697576
50019R,tpm,5,0.18176109015162625,0.18039648000999858,0.020782392865427823,0.26089196997991504,0.2322888106230838,0.2182395610224744
50019R,tpm,10,0.1819400199359819,0.18077889809229836,0.019884088275592567,0.25929325097270767,0.23072968511953618,0.21705651107448976
50019R,tpm,20,0.1820302351156161,0.1810605699759079,0.019394439447057064,0.2531533329821981,0.2302641170475888,0.2161918592067328
50019R,tpm,40,0.18219938894715343,0.18134198354774356,0.01906393652151429,0.2536872483985067,0.23010150709033997,0.21542458889284602
50019R,tpm,80,0.1828091143576504,0.1820086948440197,0.01885943210099666,0.25621354374818045,0.23078618134389578,0.21557342594737308
50019R,mc1,1,0.18210702536017265,0.18009310092132963,0.02768701483085266,0.2939759684055835,0.2506120588948683,0.23003163219833128
50019R,mc1,5,0.18318632566535703,0.18196185039198232,0.021536102789650884,0.26084271122652647,0.23479289149206167,0.22063932098639516
50019R,mc1,10,0.18320044382513082,0.18206919014027106,0.020724297577326866,0.2656624550063523,0.23387754768455182,0.2191034079726113
50019R,mc1,20,0.18323265150028398,0.18210205929295004,0.02021249516971253,0.26237541805588205,0.23284769883058037,0.21819761914367378
50019R,mc1,40,0.18331092729115178,0.182291113329964,0.01993804512562089,0.25986215576723853,0.2327197208937102,0.21760173327541338
50019R,mc1,80,0.18380967556933067,0.18284217237825515,0.019787710175604788,0.25925853891434913,0.23322107687022484,0.21801687089785024
50053R,tpm,1,0.1811480936241516,0.17943822054176334,0.026521656211024827,0.2907905775639858,0.2454917345025808,0.22745451852979567
50053R,tpm,5,0.18254416228492826,0.18109657644458704,0.021355499873541253,0.25973317077339086,0.23468815702669543,0.220194238113648
50053R,tpm,10,0.18260192555881008,0.1814292148470073,0.02055621959785219,0.2589388344764119,0.23308373502323795,0.21877871010955852
50053R,tpm,20,0.18264691541759984,0.18166727828643908,0.02005813192295254,0.26080308663816465,0.23171178801375836,0.21752712471916089
50053R,tpm,40,0.18282834001181378,0.18202035600366284,0.019721623214862358,0.26320890942367176,0.23104738038514988,0.21712592761436494
50053R,tpm,80,0.1833652115537966,0.18273576551950846,0.01956176519170926,0.2643065833459264,0.23126679223317526,0.21705883994859484
50053R,mc1,1,0.18113670118646466,0.17954305890049377,0.026652047815412257,0.3104724786514865,0.24708495716515122,0.22787556253358818
50053R,mc1,5,0.18221985554041692,0.1812110647835793,0.020981473699914495,0.25850580264279127,0.23302202680047418,0.2185190333781319
50053R,mc1,10,0.18224799120299223,0.18126579931138537,0.02026624017873952,0.25670412930064596,0.2316984522527482,0.2175214977683767
50053R,mc1,20,0.18226002081660175,0.1814383917477334,0.019851398761124052,0.2545012573642775,0.23114171623788551,0.21656632699049352
50053R,mc1,40,0.18240314999901122,0.18155645126902878,0.019598788929290956,0.25303954236442705,0.23091130734236356,0.21624314439997264
50053R,mc1,80,0.18289823590195417,0.18215166756300386,0.019457452836955526,0.2589213200955042,0.2312760055385807,0.21627683185145855
50016L,tpm,1,0.18093970591746758,0.179426753857946,0.02679443944945588,0.3175442016475933,0.2470573796095601,0.22785811282463905
50016L,tpm,5,0.18220283019609854,0.18127164698319082,0.02107951637138617,0.25930308521110196,0.23347352026426585,0.21867455696249483
50016L,tpm,10,0.18223659566244504,0.18133463541198896,0.020390212578594656,0.26174586911734726,0.23203202365191367,0.2175910154395178
50016L,tpm,20,0.1823179615658872,0.18153691084736112,0.019921910682197858,0.25585918001900687,0.2312318298349426,0.2166158027459215
50016L,tpm,40,0.1824467020944667,0.18188501862440848,0.01966770634620858,0.25738230319895045,0.23061462301676236,0.21641746693999137
50016L,tpm,80,0.1829946128908461,0.18257043845207532,0.019554129254975395,0.26119795175306526,0.23121119673988624,0.21678111656682048
50016L,mc1,1,0.18235496481465463,0.18102922416008257,0.026244555474072142,0.30382290894532427,0.24641540437059778,0.2275354038386114
50016L,mc1,5,0.1831809817291244,0.18214469522882024,0.020851900648914606,0.26459637185720986,0.23405677491468035,0.2197104094020391
50016L,mc1,10,0.18318601704589832,0.18215328709625733,0.020114631074285922,0.2636638200436356,0.23262158860582782,0.21811884832040182
50016L,mc1,20,0.18323908448642381,0.18236152280510393,0.019612637244608194,0.2643306452154198,0.23100620770840177,0.21722016825859364
50016L,mc1,40,0.18331926259309161,0.18247246367204983,0.019320289508248455,0.2642611587047914,0.23039997803101836,0.21665712883973645
50016L,mc1,80,0.18380787737352364,0.183111578006429,0.01913850996228184,0.2640706155557648,0.2303150103233438,0.2167818141002547
50024R,tpm,1,0.17962852420888417,0.1782278317210795,0.025570745416135535,0.2893438438951144,0.24339972099027257,0.2247031864470167
50024R,tpm,5,0.18087199920864053,0.17986273933115898,0.020969747669545822,0.25981010372961777,0.23262627992366774,0.21801332871938162
50024R,tpm,10,0.18108996958218618,0.1801380442868687,0.02005202038201838,0.2567215807056417,0.23111860247674207,0.21668985670392873
50024R,tpm,20,0.1812199392685545,0.1803246100774255,0.019572805525221313,0.25690918628963116,0.23015852927927302,0.21582928438909135
50024R,tpm,40,0.1814676471947875,0.18052911122538745,0.01915963246531932,0.25528270603391456,0.23020651417432636,0.21511643472508782
50024R,tpm,80,0.18208658231138808,0.18112167181207373,0.01897026423208143,0.2534515338284625,0.23024870870667605,0.2153203427164885
50024R,mc1,1,0.18206584661389652,0.18041297070887843,0.026792842564807136,0.3221467522729323,0.24699860972439294,0.2280288731506586
50024R,mc1,5,0.18301801728761502,0.18188672298989092,0.021192930505519143,0.25806125241888667,0.23409262945863257,0.21951698326487118
50024R,mc1,10,0.18307871396854883,0.1822221446472757,0.02037209463530886,0.2561313139778045,0.2321901637453058,0.2183053686925373
50024R,mc1,20,0.18315863009370162,0.18233622788684475,0.01987552315885154,0.25575822567416495,0.23207450382288888,0.21764754054049174
50024R,mc1,40,0.1832767378916917,0.182495424600182,0.019546670882828555,0.25625873643643576,0.23125807221522218,0.2171626901531951
50024R,mc1,80,0.18377827615960882,0.18302928725473885,0.019409690112442975,0.26062854793747026,0.23152238282187898,0.21740416738759039
50007L,tpm,1,0.17839026610876815,0.17625935436161247,0.026515996105563083,0.2899225413795938,0.2452091403000672,0.22512573817876705
50007L,tpm,5,0.18004873769504404,0.17886097953438915,0.021061477672599912,0.2601841655443326,0.2315525483576767,0.2171720743814586
50007L,tpm,10,0.18030616224917712,0.17917834690578244,0.019982653451957186,0.2555780311372557,0.2304879413141748,0.2152392062007121
50007L,tpm,20,0.18043872496401595,0.1793991777871003,0.019390473228806687,0.2552430214521067,0.229584694451305,0.21431274195201336
50007L,tpm,40,0.1806531355966158,0.17971338291804706,0.01904973896289655,0.2556721533526971,0.22955034436243715,0.2139390158309908
50007L,tpm,80,0.18130894120043708,0.18054322196307887,0.018972825411456968,0.257173093460417,0.2303639098928887,0.2144244376472891
50007L,mc1,1,0.18279005619946403,0.18103634977118727,0.02643337642558359,0.2822898510396616,0.24533996911136863,0.22782666650837466
50007L,mc1,5,0.18396641589388676,0.1826290228851914,0.02174201438153101,0.25946531560113817,0.2357659848200042,0.2216936624557248
50007L,mc1,10,0.18419905684760324,0.18279153426285455,0.020843763248189505,0.25913872732573184,0.23451624141747474,0.2202501203137626
50007L,mc1,20,0.1843515369389749,0.1830307214649981,0.02023316584370991,0.2616755242662158,0.23387051324566166,0.21930453138782513
50007L,mc1,40,0.18448919233436573,0.18346740854985533,0.019885396529368105,0.26463244321134616,0.2329490736545399,0.21883689111793153
50007L,mc1,80,0.18514186182877307,0.18432040039018852,0.019614360313324322,0.2645650014646697,0.23308299762652668,0.2185517650351955
50001R,tpm,1,0.180297543973278,0.1785317898862828,0.025704995770799502,0.2878486581521541,0.24330549475895608,0.22539078499981038
50001R,tpm,5,0.18167903255858073,0.18041299842304936,0.020947969341721932,0.258749763284918,0.2326025183623006,0.21866976928675305
50001R,tpm,10,0.18178131913109363,0.18074537338450394,0.020130561594252357,0.25897459334846207,0.23152201924193822,0.2171608217267053
50001R,tpm,20,0.18190789744692049,0.18103980225353267,0.019573871979344192,0.25829225694936114,0.23056204692345764,0.2161268191960543
50001R,tpm,40,0.1820938358541937,0.18141488361979316,0.01915014757119227,0.26036478256478207,0.2301598292354068,0.2152294171127382
50001R,tpm,80,0.18263929818481361,0.1820431816888674,0.018922935722146334,0.2582986836977632,0.23019533790660612,0.21519905435277303
50001R,mc1,1,0.17857468794855869,0.17689676367766305,0.025742714679065363,0.2966753950026693,0.24313865591326742,0.22413697810081648
50001R,mc1,5,0.18008550381949093,0.1791960100002347,0.02038269984720412,0.25729549160449866,0.23009283007654963,0.21577913219084902
50001R,mc1,10,0.18028961030189652,0.17938747169119762,0.019455875416047916,0.2569616702934551,0.2282398737794276,0.21436487585362954
50001R,mc1,20,0.18035859484223712,0.1796641032528748,0.018976731859744134,0.25721829250658007,0.2278103022900683,0.21325090851809686
50001R,mc1,40,0.18054325670074828,0.1798607794932483,0.018646136280100686,0.25886755300732334,0.22690375622153264,0.21279438432118813
50001R,mc1,80,0.18112374509571724,0.18040371388533766,0.018561564817822066,0.2542337703768022,0.2281277457257756,0.21340378346071706
14819R,tpm,1,0.18801620005110628,0.18907565945260174,0.02743914733781084,0.2746015294931984,0.25129207582390634,0.23295101500370263
14819R,tpm,5,0.1882605359346522,0.1886422009212794,0.02197748289150616,0.26577810293551507,0.23893758571646903,0.22415064688588618
14819R,tpm,10,0.18826539091490666,0.18859878047920903,0.021105314616906304,0.26577810293550713,0.23794177847732784,0.22275771591574234
14819R,tpm,20,0.18829533173693586,0.18860805921274632,0.02058274224518381,0.26400946952713034,0.23697905476903164,0.2219177773347749
14819R,tpm,40,0.1884503581973724,0.18877046908878384,0.020217978888992662,0.26243568735977485,0.23649202930966215,0.22177065629817772
14819R,tpm,80,0.18893535147249402,0.18932379670357183,0.020011605567750633,0.263495730515699,0.23727300654406475,0.22192176935984226
14819R,mc1,1,0.1894244739350822,0.1897590577502559,0.02822988500443593,0.29678065974723555,0.25134732929917336,0.23578994887395868
14819R,mc1,5,0.18970112529673044,0.18976070455856026,0.022952917261354358,0.26764528764766193,0.23999166649486262,0.22810030688077132
14819R,mc1,10,0.18969423926673903,0.18968131165999097,0.022019370737367313,0.26587779147571133,0.23863932946070776,0.22683806657442943
14819R,mc1,20,0.18970945867904293,0.1896838026821902,0.021355231574221912,0.26431420695831404,0.23762626114309787,0.22591794856813244
14819R,mc1,40,0.18979921489222087,0.189742588788074,0.020829486177490582,0.2634312054408023,0.23738925673281505,0.22466491492874735
14819R,mc1,80,0.19022045895494863,0.19028662590944326,0.02037203389415395,0.2630703328009521,0.23757506112685878,0.2239390932697238
15283R,tpm,1,0.18743879356149276,0.1859637060927047,0.03143503905413375,0.2842551670594685,0.25639976597173186,0.24210307721958724
15283R,tpm,5,0.18787305694562612,0.18664672512528954,0.02516085692639716,0.26801865606709707,0.24509157471049656,0.23176885035842507
15283R,tpm,10,0.18783762090568082,0.18673510650116326,0.023827549157941514,0.2644447012136894,0.24259969028956563,0.2288973569091541
15283R,tpm,20,0.18786416254372282,0.1868395033176808,0.02304106518023959,0.2664301034042533,0.2406325411556627,0.2269491132284714
15283R,tpm,40,0.18797457131526074,0.1870668329768829,0.02251601499290445,0.26573671180323455,0.240563525897693,0.22605098980092578
15283R,tpm,80,0.1884121891228765,0.18764061394057596,0.022133050794598198,0.26479237149131685,0.24045841547156152,0.22579692201561746
15283R,mc1,1,0.18793068203181457,0.18605644304887553,0.03108318181118794,0.29029123307464816,0.2557453798703055,0.24191940798858952
15283R,mc1,5,0.18885844891414563,0.18716837339680029,0.024552715953942005,0.2811796578701985,0.2461242775498696,0.23285446095833207
15283R,mc1,10,0.18872680626112948,0.1873072342436412,0.02347527597791476,0.26986107537027815,0.24379524195429994,0.23043046672582757
15283R,mc1,20,0.18879291421245306,0.18766992300313892,0.022684183623504585,0.27562837299524096,0.24242479235470965,0.22882329424902811
15283R,mc1,40,0.1888580794877653,0.187874958416516,0.022253317084670834,0.26481125353731055,0.24226894146001743,0.2280225865983122
15283R,mc1,80,0.1892439583803183,0.1883958598271117,0.02205919157745387,0.2647659343646862,0.2421289732323312,0.22758690645459775
