subject,bone,iters,A_before,A_after,rmsd_ab,rmsd_ba,rmsd_2way,rmsd,d_mean,d_min,d_max,d_median,d_std,d_95,d_5
14548R,tpm,25,169.6265523870498,168.44900738880375,0.0006872320327094026,0.001027794917779096,0.0008742569015439444,0.0008742569015439444,0.0005770634295357545,1.8737344103888173e-07,0.010443065622917424,0.0003914480238054067,0.0006567518010555064,0.0017055982886039253,3.6347174450014794e-05
14548R,tpm,50,169.6265523870498,167.51974260643652,0.0013131408112400517,0.0018414415747573104,0.0015992569936362424,0.0015992569936362424,0.0010829029443712524,7.266389739511998e-08,0.01770097010378326,0.0007481224132219852,0.0011768364987399498,0.0032170177746199758,7.084497917235537e-05
14548R,tpm,100,169.6265523870498,166.0950212641908,0.002465725333674849,0.003170212235493744,0.002839898505158255,0.002839898505158255,0.0019859253385816384,4.4789970140049894e-07,0.0278709524834436,0.0014324208744205097,0.0020300551887028825,0.0057702283658684446,0.00013631263363200513
14548R,tpm,200,169.6265523870498,164.11064443233778,0.00460615491027549,0.005381936272307803,0.005009086797842368,0.005009086797842369,0.0036226227471368596,1.4680639959700885e-06,0.04162851009620155,0.0026529738853305366,0.003459415410187869,0.010340955029417698,0.00025904128033569016
14548R,tpm,400,169.6265523870498,161.54100260180675,0.008634753363324909,0.009322438492084893,0.008985177379555644,0.008985177379555644,0.006677727418224149,1.5557272172949485e-06,0.06150161809376298,0.005103698398743297,0.0060117692129668335,0.018659813450036453,0.00044156409347921057
14548R,tpm,800,169.6265523870498,158.4164171051604,0.016167061341744327,0.01665285379723559,0.01641175511668127,0.01641175511668127,0.012472781368208456,7.301209559800929e-06,0.09310996959820637,0.009931562673576035,0.01066655665858415,0.03267531213431946,0.0010271941658596402
14548R,tpm,1600,169.6265523870498,154.82218424086375,0.030600900003729312,0.030744348622191758,0.030672708172258808,0.03067270817225881,0.023619267787122908,8.55340602366204e-06,0.14519567501791245,0.018795417725076022,0.019568986070329003,0.059312579836482124,0.0019482765177020074
14685R,tpm,25,207.32419917260432,206.06890995226917,0.0005919334584057356,0.000874956657143483,0.000746972011209213,0.000746972011209213,0.00047781311757775195,5.015169975276668e-08,0.010777910712148345,0.0003213716862028959,0.000574161832761954,0.0014321860233012756,2.845387465920658e-05
14685R,tpm,50,207.32419917260432,205.0701501518143,0.0011240438926535445,0.0015618849263636916,0.0013606908531723595,0.0013606908531723595,0.000895886713467336,2.3463615466372497e-07,0.018303032923605,0.0006238146392383292,0.001024141882035697,0.002655944309381727,5.723704582939918e-05
14685R,tpm,100,207.32419917260432,203.52599173007036,0.0020885579484022417,0.0026682578509676386,0.0023960044097501806,0.0023960044097501806,0.001643235611552085,3.854642265270505e-07,0.028385544691298434,0.0011689696815691836,0.0017437356039461246,0.004832636873918189,0.00011324276860861676
14685R,tpm,200,207.32419917260432,201.35924637990223,0.0038491261799489013,0.004478408049660584,0.0041756383349395056,0.0041756383349395056,0.003011133198153916,1.38673824349055e-07,0.04005977496404247,0.0022344316116255604,0.0028929279920509154,0.008549476793639056,0.00022194356448468848
14685R,tpm,400,207.32419917260432,198.54907570222554,0.007130709385604521,0.007683904692362789,0.007412469482677932,0.007412469482677932,0.005612496372431596,4.731845218727619e-07,0.053019787232701426,0.0044551191417267315,0.004841961204003376,0.014945905964347517,0.0004724380784262549
14685R,tpm,800,207.32419917260432,195.13651497317483,0.01327123462219775,0.013677296386371236,0.013475795057028433,0.013475795057028433,0.010534488397270487,3.856605610314434e-06,0.06891937842210083,0.008766306722292831,0.008403666261031874,0.026886718572128866,0.0009186811150570914
14685R,tpm,1600,207.32419917260432,191.198356173724,0.025140303729761268,0.025380385123397804,0.02526062965007643,0.02526062965007643,0.020015580985297304,6.777239131656641e-06,0.1176426274829304,0.016854650032594096,0.015410253993342405,0.050220098397018034,0.002106735233876681
14726R,tpm,25,326.7680659123482,324.72487873740414,0.0007031316682637248,0.0010064242754512299,0.0008681255569135325,0.0008681255569135324,0.0005483894757721081,1.021571300809088e-08,0.009785495579159179,0.0003461150747268536,0.0006729866012253315,0.0017451502946266087,3.121063998768192e-05
14726R,tpm,50,326.7680659123482,323.086554465056,0.0013295511131614622,0.0018015689636884792,0.0015832493318227651,0.0015832493318227651,0.0010224634185222823,2.2223425238914149e-07,0.01625432156981053,0.0006534314075059169,0.0012088205013569883,0.003224117467567454,6.089027758053571e-05
14726R,tpm,100,326.7680659123482,320.52896879776847,0.0024496768087072882,0.0030894926558994677,0.002787999402616065,0.0027879994026160653,0.0018532206107028546,3.779290574379366e-07,0.025117070997399064,0.0012159452209199542,0.0020829099925473676,0.00581846948227858,0.00011393471406533868
14726R,tpm,200,326.7680659123482,316.88322704641575,0.004459298845615537,0.005201790643802455,0.004844789577291197,0.004844789577291197,0.0033215296638109894,2.4530147458072363e-08,0.03649483990441141,0.002255865884931727,0.003526957150385168,0.010215120722226976,0.00020220376164202845
14726R,tpm,400,326.7680659123482,312.06075178521445,0.008167468074416914,0.00893039311043946,0.008557436995199091,0.008557436995199091,0.00599191882768431,1.002169442107554e-06,0.05797227936391188,0.0041940600930170605,0.0061095529042021,0.017875392069495514,0.0003780167771362044
14726R,tpm,800,326.7680659123482,306.1091819728964,0.015019231030823926,0.015769185763762156,0.01539877463321844,0.015398774633218438,0.010848992338170002,1.3010989545795224e-07,0.09182613666298758,0.007757351990299029,0.010928020198141122,0.032078842204991076,0.0006667516400187305
14726R,tpm,1600,326.7680659123482,299.2303929009514,0.02751471455219194,0.028213846939933295,0.02786647336889426,0.02786647336889426,0.01952270846846342,1.6526090987702715e-06,0.1506993126594264,0.01390774945917591,0.019884772869577357,0.05741319026185577,0.0011337980128827013
14727R,tpm,25,276.8998845607182,274.7271506475188,0.0006929508249759669,0.0010325520636622037,0.000879302169338831,0.000879302169338831,0.0005597986766090844,4.957406492856755e-08,0.01506744011777781,0.0003662911478370123,0.0006780838787869034,0.0017036072004497846,3.4006205148270393e-05
14727R,tpm,50,276.8998845607182,272.99789355629423,0.0013008489629209162,0.0018231032774365466,0.0015836529898516753,0.0015836529898516755,0.0010306423734269177,2.4639516790245856e-08,0.024597826132104626,0.0006830472710986932,0.0012023864147448942,0.0031349454298373503,6.422727573665708e-05
14727R,tpm,100,276.8998845607182,270.3335392202297,0.0023689427313290635,0.0030670365818365026,0.0027403104804602104,0.002740310480460211,0.001830477355879272,4.7509430065245906e-08,0.036465045518522775,0.0012254515377797333,0.0020392778572164458,0.005565778437132568,0.00011418179535891608
14727R,tpm,200,276.8998845607182,266.62957851583286,0.004248268068503965,0.005045234320514095,0.004663805899196692,0.004663805899196692,0.0031921560710855596,3.152331338488472e-07,0.05005642385350684,0.002184137922636201,0.003400180154523209,0.009512543246999171,0.00020019438015693667
14727R,tpm,400,276.8998845607182,261.89554408631176,0.007698577089441442,0.00848141947610917,0.008099461881254722,0.008099461881254722,0.00566917138517048,2.0529794390175582e-07,0.06695630582542422,0.003956271758430494,0.0057846156805325035,0.016371254491014346,0.00036883458096233863
14727R,tpm,800,276.8998845607182,256.2863502997699,0.014169096407243831,0.014854097117876091,0.01451563801878968,0.014515638018789682,0.010363114115932957,1.3456838307325908e-06,0.0914039227091694,0.007385168368516513,0.010164133652834537,0.02878126267681725,0.0007742087190103672
14727R,tpm,1600,276.8998845607182,250.0715261072902,0.026498044550360554,0.02699509611101403,0.02674772494097187,0.02674772494097187,0.019228287576795778,3.562912887990031e-06,0.15483480887891302,0.013872277900411803,0.018593379100688767,0.054923795916361304,0.0017473066164453977
14818R,tpm,25,173.00961664451407,171.6020985984875,0.0005925881228021926,0.000885409816585614,0.000753362869602822,0.000753362869602822,0.0004720658818257352,1.1154673847258674e-07,0.007858998220990286,0.0003119926865882736,0.0005871195930236782,0.0014294647044352463,2.849090447937166e-05
14818R,tpm,50,173.00961664451407,170.46745401518473,0.0011267095402495819,0.0015912752855139205,0.0013787007330049608,0.001378700733004961,0.0008812105732231834,1.4906022661704117e-07,0.013817169058657836,0.0005883783150636556,0.001060322421166357,0.002658782450090187,5.4949051096478555e-05
14818R,tpm,100,173.00961664451407,168.69610700915248,0.002100057221943044,0.0027412962366234464,0.002441817498540893,0.002441817498540893,0.0016047248329856068,9.895794276673807e-08,0.02240993785958675,0.001068838317615622,0.0018404702949463266,0.004851986431068466,9.642894915753304e-05
14818R,tpm,200,173.00961664451407,166.20307987615058,0.003883520525369344,0.004625547438726992,0.004270680319274601,0.004270680319274602,0.0029031207004072026,5.380420909140404e-09,0.03326347970446154,0.001997799017662869,0.003132187827750214,0.008405730273712747,0.00016585560890081084
14818R,tpm,400,173.00961664451407,162.9985988486012,0.0071969406076649155,0.007890816873232715,0.007551852257464733,0.007551852257464733,0.00530850649792846,4.204616123919308e-06,0.04625623692170382,0.0037706010853590793,0.0053712411303186245,0.015242823640562567,0.00033687748856474966
14818R,tpm,800,173.00961664451407,159.18131502032472,0.013272466129104153,0.01377053922405507,0.013523795836773345,0.013523795836773345,0.009807215708433578,2.087083092741058e-06,0.06631065416397516,0.00723479375971682,0.009311904954571956,0.028146973135714484,0.0007682782991461489
14818R,tpm,1600,173.00961664451407,154.94310677200883,0.02473948072173493,0.024835846609385058,0.024787710495182864,0.024787710495182864,0.01835568261913596,2.560413007800668e-06,0.11142199099304466,0.014016624666187742,0.016658316456909707,0.05239405723960268,0.0013261711440362158
14819R,tpm,25,223.75225718570334,222.43400858887526,0.000578219510880256,0.0008183377357608159,0.0007085246828914083,0.0007085246828914083,0.0004432601464710341,1.7730172354652414e-07,0.007329428753985456,0.0002901743498112851,0.0005527455733127567,0.001393468065105506,2.440221346676788e-05
14819R,tpm,50,223.75225718570334,221.37056354014737,0.0010844069069522065,0.0014592356637107154,0.0012855557284868874,0.0012855557284868872,0.0008185205400372256,5.464828957969548e-09,0.01230743274973586,0.0005351708246739255,0.000991300991920527,0.0025531228388618885,4.77319651758919e-05
14819R,tpm,100,223.75225718570334,219.7033287272406,0.001978451400575538,0.00248184220488107,0.00224430509004104,0.00224430509004104,0.001458563025222634,7.340428484348765e-07,0.01861595706687737,0.0009538535888782157,0.0017057254288535182,0.004491327762128298,8.066529257838539e-05
14819R,tpm,200,223.75225718570334,217.31982712650188,0.0035883666057672952,0.0041465420252101036,0.003877511164666029,0.003877511164666029,0.0025659603257130086,1.0889195858351423e-07,0.025138261042920378,0.0016887207038105703,0.002907050126670762,0.008104465229264746,0.00014457684093298383
14819R,tpm,400,223.75225718570334,214.15782587258977,0.006663734306503219,0.007159195960188427,0.006915903473301454,0.006915903473301455,0.004610251480398513,6.331365829150253e-07,0.04066420244971283,0.0030681973584390453,0.005155123872372655,0.014426925866444566,0.00026462782742916216
14819R,tpm,800,223.75225718570334,210.22724229326218,0.012693053615116731,0.013027952103614727,0.012861592943533614,0.012861592943533614,0.008527422592352982,2.032314806176692e-06,0.07899488093885812,0.005704492445407994,0.009628272793008182,0.026652591151109413,0.00046488541142783414
14819R,tpm,1600,223.75225718570334,205.60430705903727,0.024981793789038635,0.025029754103672603,0.025005785444656252,0.02500578544465625,0.01628802570448392,2.333359437166884e-06,0.14954063958329858,0.010411475231160986,0.018973389901497665,0.05358216670167965,0.0008241506627954943
14827L,tpm,25,178.40299474277904,177.247470524027,0.0006581183791335468,0.0009416905738978516,0.0008123733556442604,0.0008123733556442604,0.0005204350293471806,3.2125519212610297e-07,0.00937015428861977,0.0003476634361361567,0.0006237770829303648,0.0015527791971260206,3.5330224922041254e-05
14827L,tpm,50,178.40299474277904,176.31590851269837,0.0012460715775569062,0.0016873098901523634,0.0014831906556139602,0.00148319065561396,0.0009718513430305463,4.4772629588425566e-07,0.01528572112253016,0.0006586755700136094,0.0011204282609566275,0.002911568852960076,5.5357381547199555e-05
14827L,tpm,100,178.40299474277904,174.86212024268863,0.0023050834115349037,0.0029035168177196525,0.002621432761383958,0.002621432761383958,0.0017714320201388323,1.2827806317188712e-07,0.022859344364379263,0.0012317158525953177,0.0019323401151153437,0.005287475986183609,9.550914306121585e-05
14827L,tpm,200,178.40299474277904,172.81300493205197,0.004240716559749051,0.004936942860858493,0.004602014871309711,0.004602014871309711,0.0032135698119702323,3.682538316796545e-07,0.0354604099007244,0.0022991307610714167,0.0032941630104397295,0.00946027823901738,0.00021839021735149474
14827L,tpm,400,178.40299474277904,170.1674705535455,0.007947744285553643,0.008657179483953562,0.008310035976033348,0.008310035976033348,0.005915537235960996,7.367273828076855e-07,0.0566618030090751,0.004237103431502404,0.005836361634865292,0.016829836658974112,0.0003976015452307298
14827L,tpm,800,178.40299474277904,166.98194734062386,0.015218874908438623,0.01589130287335905,0.015558721999115678,0.015558721999115678,0.011180913377533377,1.6983883894651664e-06,0.08857288324744049,0.007768584416694953,0.01081947347563001,0.031610028190938076,0.0009019875088788889
14827L,tpm,1600,178.40299474277904,163.29233242391288,0.02989184522550808,0.030469406548877084,0.030182007441739888,0.030182007441739888,0.021712815712827092,1.1082430981624476e-05,0.14714786030982652,0.015014682371032779,0.020964427181157392,0.06428120288609104,0.0017012981840206379
14873R,tpm,25,242.18633143880714,240.62279238311731,0.0005550260075423511,0.0008587248265130768,0.0007230014511459558,0.0007230014511459558,0.00044631470617023834,1.1500492092646733e-07,0.010955849854890112,0.0002870897773701623,0.0005688007396402819,0.001358337602854516,2.6393138870386344e-05
14873R,tpm,50,242.18633143880714,239.37155988314316,0.0010506169038695117,0.0015160277662525608,0.0013042499888336375,0.0013042499888336377,0.0008294806391940161,8.720536384357593e-08,0.01766336197152179,0.0005505962325993819,0.0010064938661387014,0.00252214138277204,5.004720063157642e-05
14873R,tpm,100,242.18633143880714,237.43105855054466,0.0019432663635961156,0.00255577579620074,0.002270272459456089,0.002270272459456089,0.001500432547978933,2.0849272547727844e-07,0.025797725854862914,0.0010197654152048008,0.0017037720531603534,0.004609985947563913,8.694758034320607e-05
14873R,tpm,200,242.18633143880714,234.71705534925812,0.00356801589595138,0.00423220593901306,0.003914224351259081,0.003914224351259081,0.0026986571166622286,2.441940058325824e-07,0.03872550721877619,0.001858586485235641,0.002835207582995975,0.00825951579829551,0.00016258228268278022
14873R,tpm,400,242.18633143880714,231.23693078012423,0.006610455675105276,0.007183025469323169,0.006902679882678788,0.006902679882678787,0.004950861769863165,3.58309664328879e-07,0.05849580136862204,0.0035441102623330533,0.004809985166135734,0.014905537225408027,0.0002840888250147132
14873R,tpm,800,242.18633143880714,227.08311492202375,0.012333191863539627,0.012695955168316331,0.012515887886577967,0.012515887886577969,0.009287409240192761,1.2278933650347327e-06,0.0889972042019682,0.00688799029011439,0.008389963003170586,0.026859234021921037,0.0006387080798891891
14873R,tpm,1600,242.18633143880714,222.4647982153697,0.023504859686678425,0.023473361692851007,0.023489115969463875,0.023489115969463875,0.01763046437377308,4.268069336232776e-06,0.1404669836144806,0.013166665082555106,0.015521124153618546,0.04924076751104351,0.0011176853196692685
14874R,tpm,25,207.01757523609587,205.5046478338873,0.0007365010714255476,0.0010504815412083952,0.0009071783993875033,0.0009071783993875033,0.0005823684873106451,6.548704647348974e-08,0.009298846565549617,0.0003696939412458352,0.0006955714149552031,0.0018882659430815695,3.21078909270331e-05
14874R,tpm,50,207.01757523609587,204.2828605906686,0.0013827026610363584,0.0018654015087651733,0.0016418875475714546,0.0016418875475714546,0.0010765878406782307,1.6449224191100354e-07,0.013493243076230966,0.0006969265906879626,0.0012396585578997106,0.003495662318533199,5.920794537585126e-05
14874R,tpm,100,207.01757523609587,202.37319725832296,0.0025194280568685283,0.0031666223311913166,0.0028613820718435923,0.0028613820718435923,0.0019253809348225362,4.838163053403167e-07,0.019731479625810913,0.0012866081516043938,0.0021166992268364026,0.006072631510114611,0.00011255137250512133
14874R,tpm,200,207.01757523609587,199.67338199114258,0.004532636186157108,0.005275079167371384,0.004917888318073949,0.004917888318073949,0.0033888187523455145,6.886511080105535e-07,0.03300508125284006,0.0023102423585996527,0.0035639210110213733,0.01045138929695345,0.0001759558758504843
14874R,tpm,400,207.01757523609587,196.15606444516033,0.008273031691701451,0.009015325383652392,0.008652142657891852,0.00865214265789185,0.006073096534256854,1.3602469641245723e-07,0.05745253321883971,0.00429203006897833,0.00616255393956996,0.01816190846747031,0.0003934980535858343
14874R,tpm,800,207.01757523609587,191.87211973648638,0.015396444197128014,0.016085204182787558,0.015744590936528698,0.015744590936528698,0.011127823710148954,6.741458675664187e-07,0.09914607252775033,0.007955317937253705,0.01113838782025785,0.03153798535512991,0.0007542120968177269
14874R,tpm,1600,207.01757523609587,186.94906207827574,0.029245164819400277,0.029785994010074774,0.02951681812528324,0.029516818125283235,0.02092474026536707,4.906233599500634e-06,0.167268838520519,0.015053931349289909,0.02081820830590315,0.059868570712861925,0.0015602698480393236
15006R,tpm,25,181.0873430976992,179.64301245002738,0.0007776948922362444,0.0013221376391846819,0.001084632952283672,0.0010846329522836717,0.0005958773754773205,1.8913422041764133e-07,0.015463903478435483,0.0003716205221379982,0.000906288472051727,0.00175892800575503,3.1545602706548186e-05
15006R,tpm,50,181.0873430976992,178.5046233518314,0.0014419247927411143,0.002260930290544497,0.001896174159541144,0.0018961741595411438,0.001089624199557763,3.899337120081679e-08,0.024643412458114113,0.0006910419175799611,0.001551836185636122,0.003228333530995379,6.102519620948257e-05
15006R,tpm,100,181.0873430976992,176.76526376543768,0.0025729814594106265,0.003639247410916624,0.003151535761207081,0.003151535761207081,0.001921416462654437,4.500552919413829e-07,0.037507512499724435,0.001248877580639973,0.0024980665385869144,0.005653119383221057,0.0001222913614704719
15006R,tpm,200,181.0873430976992,174.36586724907693,0.004497779714411839,0.005666442967606629,0.005115593722360742,0.005115593722360741,0.0033383592949481956,2.843193064312431e-07,0.05410718732627571,0.0022585050451225264,0.0038761651603214254,0.009932773139436269,0.00021706221445764808
15006R,tpm,400,181.0873430976992,171.30064464148023,0.007950222979044992,0.008989278447443235,0.008485669461574688,0.008485669461574688,0.005901738901107266,1.1696468253117104e-07,0.0746861379042385,0.004201528998278298,0.006097217738793525,0.016906684236022013,0.00039661448331375777
15006R,tpm,800,181.0873430976992,167.61572447785562,0.014316255133051462,0.015029076663897873,0.014676994011103603,0.014676994011103601,0.010654257566875033,4.2109587493035e-06,0.10136093904384391,0.007786683779110697,0.010094599987154373,0.030219318399507075,0.0007802077705129152
15006R,tpm,1600,181.0873430976992,163.46250036038265,0.02649178910769185,0.026663498604080696,0.026577782525412402,0.026577782525412406,0.019549946667130277,2.875405012092862e-06,0.14661413541865714,0.01437830257870825,0.01800494680026794,0.055453478372245076,0.0013938080251056208
15283R,tpm,25,252.8166244046293,251.44294006799845,0.0006668025296499165,0.0009840284996023897,0.0008405170139792704,0.0008405170139792705,0.0004991386054341185,5.352959262153333e-08,0.011029710831441848,0.0002986335166019591,0.0006762614164314806,0.0015876111405329458,2.355079104357131e-05
15283R,tpm,50,252.8166244046293,250.3510416310633,0.0012702470358564736,0.001764474366401569,0.001537351183332939,0.0015373511833329388,0.0009369821826217547,5.538250594940072e-08,0.017691901963904667,0.0005743659897911345,0.001218816249622789,0.0029835862705238623,5.2193626942279104e-05
15283R,tpm,100,252.8166244046293,248.66237628926692,0.0023729516271081587,0.003036068257638588,0.002724757777274511,0.002724757777274511,0.0017206670718633037,2.6214427276751633e-07,0.026770916816415184,0.0010731999368695274,0.0021127256737738806,0.00545877461349396,9.123144732844482e-05
15283R,tpm,200,252.8166244046293,246.28127554675564,0.004411454649076263,0.00515139649163347,0.004795717773955751,0.004795717773955751,0.0031490068418739423,5.742844265965024e-07,0.040919744724365825,0.0019980171749108093,0.0036169966653656458,0.009914543579316946,0.0001695292730527716
15283R,tpm,400,252.8166244046293,243.14040964183798,0.00828515951193622,0.008977268663396586,0.008638148551426675,0.008638148551426675,0.005869281530066135,1.1259750876113002e-07,0.059600712671943876,0.0039136494886658725,0.006337913277833588,0.018198269268939127,0.0003079097343838177
15283R,tpm,800,252.8166244046293,239.1918053966454,0.015727559514203765,0.016274247879769103,0.016003238302371655,0.01600323830237166,0.011260854956102198,2.0801451168040155e-06,0.09445548374855144,0.007866255763558185,0.01137087427685857,0.034562078909360236,0.0007070834638518955
15283R,tpm,1600,252.8166244046293,234.40700075183253,0.030391347447671017,0.030641988902899514,0.030516925497258703,0.030516925497258703,0.022073285357433046,9.34763083904538e-06,0.1656092191884477,0.016278965695073633,0.021072560720865663,0.0662719653358927,0.0012288106883961783
15294R,tpm,25,203.5050655073766,202.1564575099946,0.0007870382937088586,0.001181649761098729,0.0010039236608599368,0.0010039236608599368,0.0006463011337622104,9.936071521022064e-08,0.009018141783005609,0.00041852276072815457,0.0007682171316314802,0.002056981124289569,3.664289669361897e-05
15294R,tpm,50,203.5050655073766,201.06610892312162,0.0014921301224442318,0.0021020453800074373,0.0018227790708031583,0.001822779070803158,0.0012026255386100933,1.7415220731510348e-07,0.015299440658845012,0.0007945114681025063,0.0013697501067131944,0.0037809981965432112,6.905520812253485e-05
15294R,tpm,100,203.5050655073766,199.35004461361024,0.0027599973857361953,0.003569643601908844,0.0031906066048574037,0.0031906066048574037,0.0021823750135375143,1.5343791406416243e-07,0.02580001595071425,0.0014943512699403792,0.0023274900230176756,0.006747099263291326,0.00013897815259058882
15294R,tpm,200,203.5050655073766,196.87447338150884,0.005037863080970657,0.005923534148837447,0.005498559867594902,0.005498559867594903,0.003932917697764334,5.081627625605519e-07,0.03985798761900864,0.002848109816569896,0.003842696839478411,0.011433860643900036,0.00029871787779057785
15294R,tpm,400,203.5050655073766,193.5303233671566,0.009219340699763637,0.00999312551031459,0.009614021021487796,0.009614021021487795,0.007147315426914878,1.2893458681912982e-06,0.05784997949291901,0.005543876760790673,0.006430029734751918,0.01972873234828205,0.0005256383467789604
15294R,tpm,800,203.5050655073766,189.28032577599691,0.016954940970783917,0.01745859666987408,0.017208611521620582,0.017208611521620582,0.013082920805287244,1.1789749197283664e-06,0.0905100699098273,0.010441872546213593,0.011179154427085924,0.033542869728297016,0.000909784007397609
15294R,tpm,1600,203.5050655073766,184.22637580258626,0.0315974519705002,0.03160673959140272,0.031602096122146796,0.031602096122146796,0.02430047531060585,7.81980716004944e-07,0.1542081077895379,0.01988309138241834,0.02020344968048875,0.06281164337053463,0.0016704482153284703
15441R,tpm,25,235.90849913501808,234.47094155375999,0.000574773083546377,0.0008326335746003423,0.0007154169298811547,0.0007154169298811547,0.0004437715005275922,4.256114430880115e-08,0.008662831034354695,0.0002814524012855169,0.0005611490344641665,0.001368849296794986,2.482027563770889e-05
15441R,tpm,50,235.90849913501808,233.29975167573508,0.0010903566991425349,0.0014888814152703837,0.0013049225264556024,0.0013049225264556024,0.0008250806665449773,1.0381383850778273e-07,0.01586968302148648,0.0005286355787590853,0.0010109721528039082,0.002549507510362886,4.52149502152115e-05
15441R,tpm,100,235.90849913501808,231.44013089565772,0.0020277715890407327,0.002562872103093243,0.0023108625050113174,0.0023108625050113174,0.001490874932912929,1.2825290460324387e-07,0.027742385994137964,0.0009491043294260495,0.0017656096543344597,0.004596436940404229,8.029197646130143e-05
15441R,tpm,200,235.90849913501808,228.73129246910702,0.0037661880686800926,0.004382371115146477,0.00408591171952714,0.00408591171952714,0.002675647303424788,5.69959911115696e-08,0.04638861411459026,0.001710962943901227,0.0030879744311514126,0.008414659643855342,0.00014392451005981958
15441R,tpm,400,235.90849913501808,225.05580045595542,0.007140157699344366,0.007769807039495715,0.007461626947338757,0.007461626947338757,0.004932920565859291,4.501812582020729e-07,0.07578793788112091,0.0032004241462805613,0.0055984079337052925,0.015158724926649051,0.00027488398814834425
15441R,tpm,800,235.90849913501808,220.38094486838264,0.013785695189808532,0.01439119943730947,0.0140916999171627,0.014091699917162701,0.009328056702957697,3.8105790483223737e-08,0.12415286085164409,0.006114826579133642,0.010562356020404218,0.028073186490637454,0.0005145056838636721
15441R,tpm,1600,235.90849913501808,214.80379908186174,0.026941419251907284,0.027557463647980993,0.027251182304781147,0.027251182304781147,0.018031292033036,2.1808218176098686e-06,0.20576878868727258,0.011886693393359297,0.020432803151496117,0.054650589915115115,0.0011016349256030202
15737R,tpm,25,225.97173130861327,224.2884088974966,0.0006213523265060672,0.000989726238430827,0.0008263282461264822,0.0008263282461264823,0.0005093382386296091,8.923022401894494e-08,0.010830469389677076,0.0003369887313427087,0.0006506865059428816,0.0014961729763676088,2.68564497041283e-05
15737R,tpm,50,225.97173130861327,222.9648638386206,0.0011726115658182447,0.001730694038261475,0.001478228625477894,0.0014782286254778941,0.0009452161218549047,1.5877579796321066e-07,0.01783125391914342,0.0006353163620084431,0.0011365413992318262,0.0027675922186531543,5.329886628386407e-05
15737R,tpm,100,225.97173130861327,220.93385130939734,0.002159830191224408,0.0028926834924830522,0.0025526931114617374,0.0025526931114617374,0.0017058709137760275,2.9999122004147254e-07,0.027066864207661915,0.001198212647822349,0.0018990119922836577,0.0048800069403666,0.00010416687073389822
15737R,tpm,200,225.97173130861327,218.08447281715883,0.0039521208936891365,0.004768006311623512,0.00437910628701884,0.00437910628701884,0.0030627356974118314,2.024327425972302e-08,0.03905910266703911,0.0022245851238485775,0.003129891678765767,0.008661909136815008,0.0001895848898422319
15737R,tpm,400,225.97173130861327,214.33383793909323,0.007307969414506331,0.0080747462170885,0.007700907200899939,0.007700907200899938,0.005618867572051563,6.181129682474643e-06,0.05656902409778877,0.004231173954203027,0.005266146496691855,0.015524705644724269,0.00043181016084217197
15737R,tpm,800,225.97173130861327,209.66330380698835,0.013572274204400969,0.014201964031204155,0.013890687697573949,0.013890687697573949,0.010418223525607843,8.36565178582784e-08,0.08463344043692506,0.008190413860215021,0.009187590722382205,0.02825114486380327,0.0008750830901034748
15737R,tpm,1600,225.97173130861327,204.23289898198897,0.02550782981741602,0.025946815197904635,0.02572825879173008,0.025728258791730085,0.019450055847139193,2.3859533446365307e-06,0.14096676796588115,0.015619063040767451,0.016841574391885186,0.051215211064988234,0.0016579509879356615
22306R,tpm,25,232.12092536138053,230.63141387007468,0.0006273913581842658,0.0008926015511223045,0.000771478271045349,0.000771478271045349,0.0004957175342573555,2.7226485743415606e-08,0.007231973531174904,0.000318175618805244,0.0005911369121658099,0.0015958403078338056,2.747468566772278e-05
22306R,tpm,50,232.12092536138053,229.44158720488605,0.0011913375716682713,0.0016077300492585399,0.0014149348255233032,0.0014149348255233032,0.0009258637255857888,3.4894375440496503e-07,0.012534995806705408,0.0005988670559185682,0.0010699611778578995,0.003022097920187336,5.62331374906413e-05
22306R,tpm,100,232.12092536138053,227.5987559680034,0.002215627428607006,0.0027795450257654328,0.0025134513574617927,0.0025134513574617923,0.0016843589823656562,2.3147626842695005e-07,0.020611377450233614,0.0011217704572349591,0.0018655756604465707,0.005489396206683131,0.0001080945619610721
22306R,tpm,200,232.12092536138053,225.01568441735918,0.004101292637760789,0.004734709247335804,0.004429338153570916,0.004429338153570916,0.0030416877162448186,1.054767302313359e-08,0.032770653492754945,0.002041184195265033,0.0032198093601212463,0.009621140265080052,0.00017251545431930715
22306R,tpm,400,232.12092536138053,221.68112349759204,0.007697129833848394,0.008286977513954892,0.007997493482207817,0.007997493482207817,0.005604401251514755,1.0984623216072817e-06,0.05147466149981992,0.003881314932521376,0.0057053123148497606,0.016901534508973106,0.0003363513781100074
22306R,tpm,800,232.12092536138053,217.6384442449006,0.014632527590907692,0.015123338180272242,0.014879956676911983,0.014879956676911983,0.010509077312979313,1.5546442467583996e-07,0.08557677874490216,0.007438870965456821,0.010534344058203199,0.0304842432524224,0.0006140617990406608
22306R,tpm,1600,232.12092536138053,212.9191214939558,0.0283737543788054,0.02874956601871798,0.028562278303852114,0.028562278303852114,0.020109268503022602,5.148591930766928e-07,0.1449993855698031,0.0137354689384377,0.02028351700716728,0.06017034304332786,0.0015015380324733096
50000R,tpm,25,167.8512623772673,166.7715329476703,0.0005623367418656711,0.0008106664063553902,0.0006976398188339242,0.0006976398188339242,0.000438543614566043,4.905082166620424e-08,0.008062203555423864,0.000285366577424774,0.0005425687191001527,0.001334572289692453,2.8224486485897823e-05
50000R,tpm,50,167.8512623772673,165.89200599786517,0.0010713344615188355,0.001463203052608268,0.0012823261483725595,0.0012823261483725595,0.0008236726764632766,6.533734224805016e-07,0.01321323876613982,0.0005427442225196449,0.000982814159873486,0.002525697638423294,5.4996428396221275e-05
50000R,tpm,100,167.8512623772673,164.49952162176407,0.002003351994083324,0.0025422329446075807,0.0022887078840303932,0.0022887078840303932,0.0015131329289377704,3.774104741719044e-07,0.020039533491431484,0.0010299059996104055,0.0017171524445392392,0.0046194981169475615,9.75611735562095e-05
50000R,tpm,200,167.8512623772673,162.49073074059123,0.0037368683616819717,0.004359126581216608,0.004059936557608314,0.004059936557608315,0.0027821381960200365,3.9935203005236346e-07,0.029875849045465436,0.0019377325527548924,0.002956821250946839,0.008442433182235075,0.00016638865376763205
50000R,tpm,400,167.8512623772673,159.81603167048462,0.007051282767234847,0.007662214520981013,0.007363087668534017,0.007363087668534017,0.005219401108628882,1.6316884528170065e-07,0.046031665373284014,0.0037441972553806484,0.005193545232474761,0.01547350849124789,0.0003566906146675929
50000R,tpm,800,167.8512623772673,156.49471856351136,0.013378069226848935,0.013933941886787022,0.013658833638761407,0.013658833638761407,0.00989319206355986,2.2956162325520805e-06,0.06984930388326252,0.007188118324993756,0.009417456512502531,0.028996796779173058,0.0007408626471545217
50000R,tpm,1600,167.8512623772673,152.60635313907304,0.02569064890964896,0.02614765536630951,0.025920159360564722,0.025920159360564722,0.01879788535259599,5.6512774534615185e-06,0.1217626841390941,0.01310845040060403,0.01784640489139838,0.055790411424176414,0.001337307514343678
50001R,tpm,25,250.90252748015467,249.25171876006345,0.0005793091170684874,0.0009786199248618987,0.0008041442689142846,0.0008041442689142846,0.0004166294405256474,1.079514114627066e-08,0.013478574457476055,0.00025185877990047193,0.0006877993272132326,0.0012501847996999515,2.26027979945159e-05
50001R,tpm,50,250.90252748015467,247.9200897537599,0.0010961566196726023,0.0017056464400623088,0.0014336647295217408,0.0014336647295217408,0.0007799902622103388,1.2330150258123601e-07,0.022372168245692547,0.00048532016740120794,0.0012029171823245745,0.002366173687326307,4.239332766001776e-05
50001R,tpm,100,250.90252748015467,245.8384389956339,0.0020253109702110445,0.0028215440634027137,0.0024559107707508732,0.0024559107707508737,0.0014296729271369994,6.32253223667311e-07,0.03366941347418507,0.0009203912303794898,0.0019968808265146106,0.00437406860161094,7.583262573574016e-05
50001R,tpm,200,250.90252748015467,242.89561106201157,0.0036993413550218727,0.004557642968782405,0.004150737036471159,0.004150737036471159,0.0026165686008615017,4.621347096226732e-07,0.0463166070858714,0.0017804815086529624,0.0032221400812067536,0.0077302383506178554,0.00015109928866679912
50001R,tpm,400,250.90252748015467,239.06992025680168,0.006764141112615115,0.0075131315770850405,0.007148452667744342,0.007148452667744341,0.004876868432977082,1.3540255897587281e-06,0.060933197834829735,0.0035239926248385785,0.00522652177173432,0.014310969800677873,0.0003040874567918088
50001R,tpm,800,250.90252748015467,234.4495348429003,0.012403026704652088,0.012926748412338276,0.01266759440367829,0.01266759440367829,0.009250038789106546,1.945962620241005e-06,0.08013770064816778,0.007148237879607951,0.008654751895700178,0.025801398334653912,0.0006440112303658411
50001R,tpm,1600,250.90252748015467,229.26129011485895,0.02315538481549402,0.02337069238190833,0.023263287690730636,0.023263287690730636,0.017828937410138045,6.394551964299612e-07,0.10540877080358653,0.014506684009387576,0.014943545262322454,0.047436395782912005,0.0012489170928551038
50006R,tpm,25,179.33319758845477,177.95311524379403,0.0005277021012479886,0.0007956415919244301,0.0006750981597003445,0.0006750981597003445,0.0004287282562865332,3.173563330469698e-08,0.007848526184326307,0.00029067358968218847,0.0005214878785669908,0.0012343266485256557,2.6796649923181336e-05
50006R,tpm,50,179.33319758845477,176.83674489018395,0.0010094722025569775,0.00142499339138998,0.0012348360808707268,0.0012348360808707266,0.0008070689279401892,7.605040991409254e-08,0.011780849524031555,0.0005576887246801287,0.0009345907618704828,0.002321853975787512,5.060284923721698e-05
50006R,tpm,100,179.33319758845477,175.0846476299285,0.00189950440885023,0.0024553552166820176,0.002195095241593068,0.0021950952415930682,0.0014918718839761415,5.534244458137984e-07,0.016262273632789547,0.0010575252137861482,0.0016102053910809044,0.004309786601184844,9.995413655757459e-05
50006R,tpm,200,179.33319758845477,172.60192570125645,0.00356272473212328,0.004178117906387249,0.0038826329183014887,0.0038826329183014887,0.0027639242824902973,5.743850404642402e-07,0.024517331143738434,0.002027412710507934,0.0027268224986124103,0.008021815235937597,0.00023649084640139651
50006R,tpm,400,179.33319758845477,169.40347992014154,0.0067263527183394215,0.007273802074416578,0.00700542709295083,0.007005427092950831,0.00521944610693896,1.443144656499457e-06,0.03510503389653972,0.003961303531567453,0.004672621436774999,0.014892227564242255,0.00042758578559034746
50006R,tpm,800,179.33319758845477,165.62270987694163,0.012731566458288074,0.013105035967355553,0.012919650772901886,0.012919650772901886,0.010040475470282409,2.828433631131046e-06,0.05255411530605737,0.007998959023487743,0.008130573683597092,0.02754806377034316,0.0010521451923899865
50006R,tpm,1600,179.33319758845477,161.4646630533445,0.02459953889952718,0.024672150796477464,0.024635871600102506,0.02463587160010251,0.019889147330073183,2.7675293139701844e-06,0.10520040942406193,0.016228238842455125,0.014537812351911136,0.05066879603937375,0.0030021011561122382
50007L,tpm,25,185.33524918320194,183.96216772244503,0.0006034383308869931,0.0010572000167038181,0.000860758297811364,0.000860758297811364,0.0004486594409287633,4.516243269497122e-08,0.009811863513399133,0.00026479157902033147,0.0007345812094769416,0.0013972842199341418,2.3726366284980217e-05
50007L,tpm,50,185.33524918320194,182.86599482028868,0.0011363153561865398,0.0018305239378180367,0.0015234878528610253,0.0015234878528610253,0.0008257099360808888,4.105121360175201e-07,0.0164437538615443,0.0004968089752323298,0.0012803196238722547,0.00261311943478631,4.727429063876989e-05
50007L,tpm,100,185.33524918320194,181.16642628221103,0.0020900268689869935,0.0029960216835027828,0.002583056159001041,0.002583056159001041,0.0014771515915499387,3.8966466241489556e-07,0.02641032283717654,0.0009038126914983628,0.0021190097442283493,0.004603419240310915,8.236558672607993e-05
50007L,tpm,200,185.33524918320194,178.78361167446445,0.003815209675987304,0.004775554914841966,0.004322137759050398,0.004322137759050398,0.002635417722492632,7.048660149345893e-07,0.03867742562347137,0.0016822463384339632,0.003425704049707293,0.008358180144665151,0.00016366208563909607
50007L,tpm,400,185.33524918320194,175.72869849419695,0.0069843150497528005,0.007783361882223432,0.007394639237442627,0.007394639237442627,0.004833059955928376,1.1247634521421412e-06,0.05299851331210954,0.0032710576697241225,0.005596625850843317,0.015505105137726042,0.00030667820738186505
50007L,tpm,800,185.33524918320194,172.11104176268495,0.01275325257715667,0.013263717732180774,0.013010988805154663,0.013010988805154663,0.009061416436949658,2.8582833182695188e-06,0.0767056854774853,0.006429965414620388,0.009336838964234016,0.027653208969679842,0.0005885418269348716
50007L,tpm,1600,185.33524918320194,168.08389817727908,0.023680405810202733,0.023831221677865392,0.023755933427203453,0.023755933427203453,0.017321946400897206,1.8319522638481243e-06,0.11870928166720762,0.012886716436747535,0.016257138305438835,0.04986353082441994,0.00097794160196786
50008L,tpm,25,150.41486080990086,149.26520129734092,0.00043213626740363836,0.000590697958647029,0.0005175257635883048,0.0005175257635883048,0.0003632823716232841,2.8509049814136124e-09,0.005909753884708777,0.00026203100170764403,0.0003685903341725338,0.0010441551458099314,2.5657952284936164e-05
50008L,tpm,50,150.41486080990086,148.32941276240862,0.000822199190870763,0.0010695123671756119,0.0009539046632159102,0.0009539046632159101,0.0006783395458186261,1.500733183573914e-07,0.00924397968720686,0.0004948366367505971,0.0006706635274738288,0.0019461229377396813,4.6923794071999044e-05
50008L,tpm,100,150.41486080990086,146.84180619461404,0.0015398719410437064,0.0018759671631420375,0.0017161670070247965,0.0017161670070247965,0.001239587664024554,3.509545477631871e-08,0.013658085283656337,0.0009077718789988153,0.0011868663021581654,0.0035244269278650233,9.694612733150167e-05
50008L,tpm,200,150.41486080990086,144.6766071198074,0.002896417796140452,0.003279295585658314,0.003093785350336802,0.003093785350336802,0.0022608234829118367,6.86121120413744e-07,0.01917490773656488,0.0016824493012124692,0.002111915001384526,0.006407614872328472,0.00014391993007026758
50008L,tpm,400,150.41486080990086,141.78652401234353,0.0055540976857278304,0.005903566775403282,0.005731496391617671,0.005731496391617671,0.004231621955294778,5.255707995775495e-07,0.03061447594818923,0.0032075862103364164,0.003865672841122691,0.012053041815663686,0.00026286059911545626
50008L,tpm,800,150.41486080990086,138.26245048758986,0.010788846783159044,0.011004761534644164,0.010897338926198107,0.010897338926198107,0.008097451876296539,8.764147389412534e-07,0.05406032759563277,0.006112828388866032,0.0072926859786702864,0.02354610138137814,0.000506035943384173
50008L,tpm,1600,150.41486080990086,134.29060882636833,0.02173315235394473,0.02157661490324915,0.02165502507413564,0.02165502507413564,0.016168293912212223,1.0737927477175677e-05,0.0998067003885143,0.012134954451774246,0.014405776026641691,0.04690755921809271,0.001128939099056227
50014R,tpm,25,217.37420565689678,215.94722411187132,0.0004965717872252941,0.0007327989724693171,0.0006259304569679485,0.0006259304569679485,0.0003866935135679591,5.68071150974457e-08,0.0076675631400781865,0.000253251014012202,0.0004921961636629966,0.0011598678204391775,2.2862302137595086e-05
50014R,tpm,50,217.37420565689678,214.79509166979346,0.000932308402583188,0.0012954137590407064,0.001128560092471639,0.001128560092471639,0.000716639903439671,3.8849490167963904e-08,0.013159799248282526,0.00047652472195399375,0.0008718228782944238,0.002156507034338881,4.2414595143620784e-05
50014R,tpm,100,217.37420565689678,212.98926038310105,0.0017015180192942298,0.002182489355989649,0.0019568371622328555,0.0019568371622328555,0.0012908045701789013,1.1155356315076955e-07,0.021155273871113607,0.0008750035254737585,0.001470726093159701,0.0038379504161514563,8.669354822877529e-05
50014R,tpm,200,217.37420565689678,210.42174456238948,0.003074781421183097,0.003606628449009069,0.003351272113485736,0.0033512721134857366,0.0023095328045084867,3.0574413732597945e-08,0.03238684405433997,0.0016340194655301656,0.0024283910318411077,0.006588701102013402,0.00016265944374758593
50014R,tpm,400,217.37420565689678,207.0621606740009,0.005644403021392945,0.006127222165346636,0.005890761280659101,0.005890761280659102,0.004204042208551377,1.5723715384225157e-07,0.0486966974987489,0.003093305896281138,0.004126390380760275,0.011727429004498734,0.00030342386711782273
50014R,tpm,800,217.37420565689678,202.95799257988256,0.010569875690714364,0.010915197029722417,0.010743923825000239,0.010743923825000239,0.007760978272462786,3.245321995840595e-06,0.07388352370130669,0.005808891479729438,0.007429610717377345,0.021483947088640522,0.0005301255711478925
50014R,tpm,1600,217.37420565689678,198.24573357217662,0.020510888859540267,0.020525922619421686,0.02051840711637845,0.020518407116378454,0.014694177532982348,3.549245154853296e-07,0.1172731192975013,0.010891701027234666,0.014320830186223378,0.04148287013511641,0.001170833208580387
50016L,tpm,25,253.3845350037647,251.65802858080139,0.0005849040913622802,0.0009887479066241992,0.0008123223556403181,0.0008123223556403181,0.00044945641243853134,7.051805904451852e-09,0.011036386105655441,0.00026581499028944454,0.0006766509756077504,0.0014859734249320728,2.345541294878046e-05
50016L,tpm,50,253.3845350037647,250.29011578688943,0.0011011086276525184,0.001713942730732405,0.0014404929527979764,0.0014404929527979764,0.0008269168401432181,2.77161702460593e-07,0.01744578186632794,0.0005011006349932424,0.0011795034915370907,0.0027707752620203157,4.829056213341135e-05
50016L,tpm,100,253.3845350037647,248.18336098503394,0.0020154402461531233,0.0028162837195581806,0.002448821489498798,0.0024488214894987977,0.0014756136166792467,7.113601043958078e-08,0.02520700903119527,0.0009226476938580962,0.001954300678427428,0.004835989934965148,8.616296518354879e-05
50016L,tpm,200,253.3845350037647,245.23879317924812,0.003631675154481814,0.0045013061221264115,0.004089671211281735,0.004089671211281735,0.0025974942991719915,4.77366543830503e-07,0.03352048833480274,0.0016654601831714052,0.0031588659329189034,0.008484269585112605,0.00015253475860935485
50016L,tpm,400,253.3845350037647,241.43053279592925,0.006521123044740505,0.0072934046793817495,0.0069180487704942235,0.006918048770494223,0.004588034934118498,2.2742510023290606e-07,0.05515436310778754,0.00303423073605531,0.005177773096056344,0.014772605344268936,0.00027831248102941987
50016L,tpm,800,253.3845350037647,236.82993478174913,0.011626712563301998,0.012204027984085824,0.011918866222631967,0.011918866222631967,0.008086206200655751,1.2726913589535108e-06,0.09330887516515782,0.0054849398345409054,0.008756291527437496,0.024745857063057156,0.000533474936464142
50016L,tpm,1600,253.3845350037647,231.6351079546863,0.02095722226476317,0.02121114407700982,0.02108456542248801,0.021084565422488013,0.014289363337072047,1.0725233625978758e-06,0.15642338151384913,0.00971271523736138,0.015503967056089812,0.0421058759823169,0.0008941176930067601
50017L,tpm,25,210.14388656608165,208.67657313189193,0.0006369421037807327,0.001069244535318564,0.0008800508848575853,0.0008800508848575852,0.0004943804014831214,7.324951122516127e-08,0.00958611137977241,0.000303602059687872,0.0007280642681576993,0.001562876446891846,2.8446185786191046e-05
50017L,tpm,50,210.14388656608165,207.50353505552448,0.0012108797426916278,0.0018664370943258012,0.0015731842197174942,0.0015731842197174942,0.0009178453255243125,1.7874701119727154e-08,0.01572296376910093,0.000581173090502531,0.0012776809255762214,0.0028510883529722147,5.448966239539508e-05
50017L,tpm,100,210.14388656608165,205.67824932089718,0.0022579690333049034,0.0031051071295031566,0.0027147849308053126,0.002714784930805313,0.0016622102795461604,3.77079987700334e-08,0.024658310982733998,0.0010846693878075464,0.0021464189262813266,0.005277570182075047,9.814669584477907e-05
50017L,tpm,200,210.14388656608165,203.09057726900477,0.00418759698213704,0.005079580946324763,0.004655003280077728,0.004655003280077728,0.002991272268708411,4.731073292356743e-07,0.037800956751965244,0.001963404421734462,0.003566699560096202,0.009506859326695465,0.00018613905348168546
50017L,tpm,400,210.14388656608165,199.6828273727308,0.0077898272249210376,0.008530233580569221,0.008168423750430427,0.008168423750430427,0.005440797056328286,1.261632238496004e-07,0.05713981506691844,0.003652283839942823,0.006092690206997673,0.016376164549272803,0.0003431345241102503
50017L,tpm,800,210.14388656608165,195.45190060722683,0.014453736071888672,0.014935131082552424,0.014696404779551347,0.014696404779551345,0.010022610981020632,1.7924569623378066e-06,0.08671187072703239,0.006823543469117211,0.010748561883691431,0.03018783256651409,0.0006674388322169734
50017L,tpm,1600,210.14388656608165,190.46667326701453,0.027125925615101066,0.027304347485107707,0.027215282765970884,0.027215282765970884,0.018809584758687842,7.877115055423733e-06,0.1417922684583035,0.01304810777780184,0.01966904006903972,0.05781543937546532,0.0011992039959898679
50019R,tpm,25,206.37775915390728,204.81221922213976,0.000548951204885825,0.0007381627961293856,0.0006504735732276723,0.0006504735732276723,0.00043995568866577047,8.950159759002323e-08,0.006074567316025091,0.0003042727940480969,0.0004791188385757792,0.001271148178275834,2.7478395980832505e-05
50019R,tpm,50,206.37775915390728,203.53533256176314,0.0010363623693201824,0.0013350780839990212,0.0011950900491003679,0.0011950900491003679,0.0008241770539461073,4.318038463049716e-07,0.010357094919664002,0.0005764945561906475,0.0008654319206081062,0.002359950966628126,4.8339347918804856e-05
50019R,tpm,100,206.37775915390728,201.51727007704073,0.0019058295474144447,0.0023160197859985283,0.0021208646718891113,0.0021208646718891113,0.0015078455229758296,1.1025828367633942e-08,0.016128282828109165,0.001102033122546007,0.0014914653315813461,0.004177327854008256,9.580117930614529e-05
50019R,tpm,200,206.37775915390728,198.63585738020737,0.00346505018214433,0.003941618925336369,0.003710992624443512,0.0037109926244435114,0.0027513361880584404,5.085517002962456e-08,0.0233814399821743,0.0021103165083166744,0.002490304286418468,0.007314566872912364,0.00018307626560737383
50019R,tpm,400,206.37775915390728,194.89452071250233,0.006352472937182213,0.006823950866104465,0.006592428150561836,0.0065924281505618364,0.005083919827388427,1.3352054092372238e-06,0.034963217025799694,0.0041058807832588945,0.004196887907605703,0.012877907237670443,0.0003721905664947908
50019R,tpm,800,206.37775915390728,190.45034577986306,0.011724937756871806,0.012134722988071528,0.011931589739002713,0.011931589739002713,0.00944347679393577,4.3340600538587123e-07,0.05112933352334774,0.007836511419684096,0.007292707298546366,0.02302771036831633,0.0006858783425099651
50019R,tpm,1600,206.37775915390728,185.62279006433778,0.021805970883277532,0.022066118669003248,0.021936430421525755,0.021936430421525755,0.017465758938051787,1.7974608592670483e-06,0.07463890966003693,0.014419450483334192,0.013272311191209493,0.041235054330469846,0.0012683313301277083
50020R,tpm,25,234.79584670927184,233.06821436421154,0.0005331655126752191,0.0008410129692808793,0.0007041194069207546,0.0007041194069207546,0.00040289165262190774,1.149489623157961e-08,0.0107849573185848,0.00026685396371117776,0.0005774620813958465,0.0011318150222034747,2.3584506109784917e-05
50020R,tpm,50,234.79584670927184,231.67201695361967,0.0010035266103309581,0.0014733061476230268,0.0012604952721581599,0.0012604952721581597,0.0007484549220159639,7.224526887591688e-08,0.01761392822731793,0.0005041194212172096,0.0010142305264796315,0.0021339387931162378,4.2722762284267015e-05
50020R,tpm,100,234.79584670927184,229.48253661249447,0.0018358010680765413,0.0024529968389101894,0.0021664901399792193,0.002166490139979219,0.001348523928237461,6.133435535019944e-09,0.02616779027352629,0.0009338211766986034,0.0016956304849813778,0.003864191161978679,8.347888892452831e-05
50020R,tpm,200,234.79584670927184,226.3727155123252,0.0033037583696824456,0.003980232017204996,0.003657667718371269,0.0036576677183712686,0.002399472145692652,1.482421757357869e-07,0.035838063221848133,0.0016927466011205927,0.0027606279285808115,0.00691546125824165,0.00013317248308959803
50020R,tpm,400,234.79584670927184,222.32752088340197,0.005940555402972025,0.006548403524611106,0.006251871208563051,0.006251871208563051,0.004318828769242631,1.1726506959057224e-07,0.04688352954011761,0.003092025014653949,0.004520355259315556,0.012315692588058976,0.00026568664775324525
50020R,tpm,800,234.79584670927184,217.48864093717867,0.010690982853918864,0.011115994534760964,0.010905559336403216,0.010905559336403216,0.00787257864188156,3.271604926040637e-06,0.06338648232407365,0.005814713753555337,0.007546769505371267,0.022348526559226773,0.0005032157642391433
50020R,tpm,1600,234.79584670927184,212.19085034215286,0.01966236612642215,0.01971324480954843,0.01968782190353546,0.019687821903535463,0.01469320342251212,1.1470086018214644e-07,0.08714124234607794,0.011271139385588668,0.013104201787595032,0.041407912451848605,0.001022001958573626
50021R,tpm,25,230.6313690824549,229.51696783455262,0.0005677498908494379,0.0007325815876836078,0.000655368492213573,0.000655368492213573,0.00043512625570162007,6.68758128393456e-08,0.009332196199256028,0.0003047593636323314,0.0004900744863644508,0.0012662381326983805,2.7867905415982134e-05
50021R,tpm,50,230.6313690824549,228.6179354225377,0.0010857171166358706,0.001351593036752338,0.0012258844550677515,0.0012258844550677515,0.0008264663768051779,6.432405615935601e-09,0.01740901961930224,0.0005876026251626441,0.000905398268822776,0.002416293531894079,5.702430111204741e-05
50021R,tpm,100,230.6313690824549,227.2072650536673,0.0020435915630585186,0.00242199331782234,0.00224079429089107,0.00224079429089107,0.0015444331564608226,4.594060999453938e-07,0.031164542247859715,0.0011137532478101683,0.0016235409693982083,0.00448531298776539,0.00011223078896147658
50021R,tpm,200,230.6313690824549,225.18306223698414,0.0038499277594195537,0.0043186375687230705,0.004091000745706091,0.00409100074570609,0.0028821711426089526,4.774097215066819e-07,0.05301230468080415,0.00210730876513657,0.002903338872071256,0.008132902314874041,0.00020374962073597654
50021R,tpm,400,230.6313690824549,222.46852831982056,0.007371527907781286,0.007893777155518316,0.007637117960205314,0.007637117960205316,0.005470361252224063,6.091977190863661e-07,0.08610275265404156,0.004125030387762042,0.005329232450199201,0.015294187758542022,0.000429590512879939
50021R,tpm,800,230.6313690824549,219.01201091513525,0.014222776267948711,0.014803933179199825,0.014516263333625814,0.014516263333625814,0.01049107885181084,9.301168715481305e-07,0.13672221364716244,0.007957675434564514,0.010032904150656309,0.028489611611940573,0.0008700065702579874
50021R,tpm,1600,230.6313690824549,214.7747372244698,0.027536299068130127,0.028192785213441682,0.02786647541815039,0.027866475418150394,0.02017956571818017,5.814923730905693e-07,0.21429314817742479,0.015432922923134659,0.019217845343743083,0.05774238793157627,0.001587239964369582
50024R,tpm,25,207.7516769844209,206.3565915219,0.0006310104066130555,0.0010518949245011413,0.0008673687409185425,0.0008673687409185424,0.0004584162782688379,7.43609567564425e-08,0.01754505056349138,0.00026670724889127026,0.0007363308010267973,0.0015007386891973229,2.1722225326672183e-05
50024R,tpm,50,207.7516769844209,205.2409592930977,0.0012052456785864708,0.0018474210943680638,0.0015597406588384265,0.0015597406588384265,0.0008591993785719951,2.242084279507199e-07,0.028567376427258765,0.00050771031613866,0.0013017554880603447,0.0028545861805877168,4.32930876898606e-05
50024R,tpm,100,207.7516769844209,203.5015885120294,0.0022697805156937506,0.0031075152838827198,0.002721080192587834,0.002721080192587834,0.0015788234752491751,1.6866973513224676e-07,0.04278461369336386,0.0009442760505297334,0.0022162115983127514,0.005274359056179834,7.342879095994042e-05
50024R,tpm,200,207.7516769844209,201.02675780329173,0.004276028822119258,0.005177065319925289,0.004747969450953099,0.0047479694509531,0.002915762833559377,4.435788043381431e-07,0.060565322340534154,0.0017751879765491902,0.0037472044253840315,0.00980633357080745,0.0001487927445046398
50024R,tpm,400,207.7516769844209,197.76304913392227,0.008089886509814796,0.008896852122535465,0.008502947766273389,0.008502947766273389,0.005518354296094324,7.911984296835264e-07,0.0846190934835381,0.0035562488845004743,0.006468994247852669,0.01832934141226861,0.00028798521396822334
50024R,tpm,800,207.7516769844209,193.74778057202138,0.015204342206088784,0.01585597818580653,0.015533577600614504,0.015533577600614504,0.010590149980961378,2.4887809710917988e-08,0.11955049516248457,0.007327763588589493,0.011364011459649994,0.03342598690701942,0.0006355281436322059
50024R,tpm,1600,207.7516769844209,189.13484475540582,0.028518439525925574,0.029055595749302804,0.028788270505023198,0.028788270505023198,0.02051839069355619,1.716015939218153e-06,0.17415958040242138,0.014984160360587126,0.02019307212924708,0.05985391260247416,0.0013528263286270363
50027L,tpm,25,224.31267045293137,222.53843634158886,0.0006481087881525457,0.0010478189478286396,0.000871197322283901,0.0008711973222839012,0.0005348698301627427,1.484306163131695e-08,0.00952260004143819,0.0003405472333542909,0.0006876765512479819,0.0016972684503596643,2.7703406345881546e-05
50027L,tpm,50,224.31267045293137,221.11361419112876,0.0012224111832789587,0.001833780752448321,0.0015583710965388498,0.0015583710965388498,0.0009897896540187246,1.2620810507820741e-08,0.014817753274117992,0.0006488556026208139,0.0012036764163699438,0.0031282295665629716,5.315978805894544e-05
50027L,tpm,100,224.31267045293137,218.88830827103095,0.0022448249107884107,0.0030498153369985684,0.0026777427499563777,0.0026777427499563777,0.0017781779539262075,6.066899903948489e-07,0.021739019170990373,0.001206347585638149,0.002002096251211402,0.005413080744957036,9.283936163083251e-05
50027L,tpm,200,224.31267045293137,215.7340444188222,0.004065408460924422,0.004949264671018836,0.004528949477414772,0.004528949477414772,0.0031485108227618914,4.872005923902698e-09,0.03067438120408379,0.002250346933321896,0.003255497345710295,0.009206345124110669,0.00017816417546335868
50027L,tpm,400,224.31267045293137,211.62768736400196,0.007364217759373639,0.008178303371146497,0.007781913300660071,0.007781913300660072,0.005589846536504946,3.3262024728136827e-07,0.04850457689572997,0.004093396013190122,0.005414036416326897,0.015649835868116604,0.00033076552507523715
50027L,tpm,800,224.31267045293137,206.65338744354477,0.01335551334097342,0.014041609079648257,0.013702855945870908,0.013702855945870908,0.009975055627167082,3.7014104610592216e-06,0.08763894018558872,0.0075600117998041345,0.00939502667948378,0.027732264842735225,0.0005946386329851721
50027L,tpm,1600,224.31267045293137,201.01541130122985,0.024448456033030808,0.02505036166772887,0.02475123857590828,0.024751238575908285,0.01790747053232889,1.3113950643255808e-06,0.15492863827459055,0.013229324833386447,0.017086436438745873,0.0494967291154728,0.0012185064357336081
50029R,tpm,25,196.5167738032462,195.36458205240945,0.0005882386002889869,0.0008143629751435455,0.0007103561452379339,0.000710356145237934,0.00044606813420886585,5.0998231767813213e-08,0.006257928606855418,0.0002826507445102859,0.0005528372931710721,0.0014229060090412476,2.2176132540852224e-05
50029R,tpm,50,196.5167738032462,194.44182323060315,0.001126828340499685,0.0014877229626420144,0.0013196707397160866,0.0013196707397160866,0.0008427219327367408,1.852896576976339e-07,0.010381636336470514,0.0005462922574616816,0.0010155543340202213,0.0027178074501151817,4.2988610020156034e-05
50029R,tpm,100,196.5167738032462,192.99924969902298,0.002127750165601265,0.00263065300946354,0.0023924523008218776,0.0023924523008218776,0.0015667031040376223,3.007259520973233e-07,0.01917890226606848,0.0010179193517728116,0.0018081121081135359,0.004956635543875908,8.389143375801296e-05
50029R,tpm,200,196.5167738032462,190.92698682534058,0.004022011294888771,0.004624094727241426,0.004333522060790438,0.004333522060790438,0.0029273949604052486,1.6840364963319133e-07,0.034243660834059456,0.001964471088442096,0.0031952734150853764,0.009114464530580098,0.0001718903636365082
50029R,tpm,400,196.5167738032462,188.12808564512625,0.007689774359650263,0.00834262198696804,0.008022841495373606,0.008022841495373606,0.005570892875871505,9.156799967791061e-07,0.058872489678625156,0.003858257285747683,0.005773312586847579,0.01644528471512746,0.0003141053607560746
50029R,tpm,800,196.5167738032462,184.5396175166952,0.014770683557133782,0.01548030368932262,0.01512965457402511,0.01512965457402511,0.010708417603568748,6.841642072429336e-08,0.09697911280935272,0.007487598108475685,0.010688135476166922,0.02951053780851523,0.0005972852112765219
50029R,tpm,1600,196.5167738032462,180.1636417704492,0.028538551252565356,0.029361677784551777,0.028953039822436098,0.028953039822436098,0.020635056443570696,4.498560809536559e-06,0.15527818821012496,0.014522787973947744,0.020309430334950855,0.05702442492664742,0.0012276246257702673
50034R,tpm,25,292.3046437851993,290.68377359573526,0.0004740090392763035,0.0007381515149975077,0.000620303243748072,0.000620303243748072,0.0003659857912639203,9.087856616140049e-08,0.010629310569067702,0.00024276946300989067,0.0005008298261858034,0.0010714812634485327,2.2701459103608244e-05
50034R,tpm,50,292.3046437851993,289.37420400485246,0.0009047838099428526,0.0013059959925629005,0.0011234454315464236,0.0011234454315464236,0.0006861417437195794,1.638307875424133e-07,0.01785256866614517,0.00045700141709357513,0.0008895724507807021,0.002019333641863148,4.247105401945745e-05
50034R,tpm,100,292.3046437851993,287.3110207580935,0.0016982969552732311,0.002226865504543836,0.0019802957510959823,0.0019802957510959823,0.0012581154734236171,1.1389193560478753e-07,0.028287237519269277,0.0008402582880282023,0.0015292863424947168,0.0037528343244518187,7.543699955965223e-05
50034R,tpm,200,292.3046437851993,284.33331913047704,0.0031766436669838105,0.003764230106787052,0.003482850361688714,0.0034828503616887137,0.00229976115664297,7.110979495865716e-07,0.0434902403348341,0.001544952233683442,0.0026155965408127062,0.006857439975662947,0.00014329710629781394
50034R,tpm,400,292.3046437851993,280.3375862255137,0.005976473495115078,0.006520239794622959,0.006254269038712593,0.006254269038712593,0.004245568038958839,2.8417901942051685e-07,0.06303983275379087,0.002826416139079553,0.004592497494302,0.012706511052067802,0.00025354478859657305
50034R,tpm,800,292.3046437851993,275.33468280160224,0.01122456059133778,0.011655102273710942,0.011441856699838429,0.01144185669983843,0.007870682065627325,1.0076187312280293e-06,0.09893759748598674,0.005231376368699332,0.008304724472338017,0.02400032903135151,0.00042571028739409175
50034R,tpm,1600,292.3046437851993,269.47286075754516,0.021208707080358182,0.021454753294196077,0.02133208493016157,0.02133208493016157,0.01472082589030803,8.908529130871398e-07,0.15454233712117377,0.009480354310018582,0.01543875424297126,0.046389492008007925,0.0008460981936790719
50037L,tpm,25,283.3767836987548,281.15528381382614,0.0005693036343707556,0.0009378531267276696,0.0007757819008653842,0.000775781900865384,0.00045537780808677336,5.657152676206805e-09,0.012461811691272556,0.00028648485986364154,0.0006280673607284448,0.0013474737315265935,2.3859680677331794e-05
50037L,tpm,50,283.3767836987548,279.3802907853295,0.00108251329824257,0.0016455719925952635,0.0013927925587979629,0.0013927925587979629,0.0008489504598231081,1.1460513917196831e-07,0.02131678144278982,0.0005481961033440086,0.0011041531726210408,0.002519705715784406,5.0262693295049145e-05
50037L,tpm,100,283.3767836987548,276.61690225454356,0.0020145860644831728,0.0027493210946577776,0.0024101165420721917,0.0024101165420721917,0.0015440265486939585,1.3728008378061593e-07,0.03325769506525057,0.0010287037506724423,0.0018505793047849212,0.004536979812556421,8.625680231794961e-05
50037L,tpm,200,283.3767836987548,272.7231448056613,0.003704708953469955,0.0044827651041618195,0.0041121801644025385,0.0041121801644025385,0.002792741290802321,1.3435940359741374e-07,0.047212453463447476,0.0019352638121910432,0.003018380656437069,0.008161982328960905,0.00017338238803640845
50037L,tpm,400,283.3767836987548,267.7237827623822,0.006756958977979512,0.007385035273397799,0.007077967244182034,0.007077967244182034,0.005068397609203694,8.645559777156742e-07,0.06258298617234347,0.003690040524995539,0.004940543086011101,0.014391822896926957,0.00032713568474718115
50037L,tpm,800,283.3767836987548,261.8471018773424,0.012118134324077313,0.01243721722454625,0.012278712305997943,0.012278712305997941,0.009157352569854244,1.0159944722004254e-07,0.08022312991407556,0.007117941934309419,0.008179833115953477,0.02484855749907668,0.000615953308839903
50037L,tpm,1600,283.3767836987548,255.52260021494612,0.0216169514770532,0.02144056725912138,0.021528940005887193,0.021528940005887197,0.016454095681587216,1.6015373059721782e-06,0.10339827502905075,0.013149336957544874,0.013883731237612716,0.042902108971730336,0.001343049536227958
50045R,tpm,25,237.52472138647545,236.199387311792,0.0005648373734787767,0.0008101552214736165,0.0006983526119946024,0.0006983526119946024,0.0004343509528273156,9.24446305369043e-09,0.007248058736652065,0.0002699541067622094,0.0005468414948206536,0.0014113267336133717,2.4118201520738507e-05
50045R,tpm,50,237.52472138647545,235.13750382069625,0.001070610539677026,0.0014508745511312704,0.0012749988021147115,0.0012749988021147115,0.0008154211076857929,1.255917489079578e-07,0.01155769726461435,0.0005152980373411347,0.0009801583354409754,0.002634717748340046,4.7603319616733834e-05
50045R,tpm,100,237.52472138647545,233.48288899691664,0.001981054735703072,0.002488288919611088,0.002249017520308689,0.002249017520308689,0.0014953111347148537,1.6187718252566637e-09,0.01671051823950188,0.0009749386452815852,0.0016799179792636367,0.004761939512800006,8.832940680729534e-05
50045R,tpm,200,237.52472138647545,231.13719938610075,0.003625069790833557,0.004185035956283205,0.0039150770710036685,0.0039150770710036685,0.002727212807412452,2.6677228775404867e-07,0.026447976549796855,0.001877570106500701,0.00280893908353032,0.008363626535728714,0.00015589041278784975
50045R,tpm,400,237.52472138647545,228.063615854442,0.006665014736912412,0.007169332891456721,0.006921768399469272,0.006921768399469272,0.0050396751065947916,1.5628837274915631e-06,0.04088609153186905,0.0036174209906400523,0.004744739465540777,0.014254207398080563,0.00030829015753336127
50045R,tpm,800,237.52472138647545,224.30751330921015,0.012309278320668101,0.012672441866938777,0.012492179866752889,0.012492179866752889,0.009370250809459966,1.1600344516995146e-06,0.06575130638495678,0.00719520665051761,0.008261534820547638,0.024695285929383592,0.0007142580138200363
50045R,tpm,1600,237.52472138647545,219.9932676028203,0.02304887262036841,0.023170921867604985,0.023109977815487227,0.023109977815487223,0.0175512072793173,2.0026580449857432e-07,0.1140002761370649,0.014035603346924285,0.01503416767469191,0.04413698852433088,0.0012357219008522172
50049R,tpm,25,202.5052372330435,201.01950317424604,0.0006513424657850137,0.001037375607704592,0.0008661394689065305,0.0008661394689065304,0.0005161043927009238,2.2542396480455846e-08,0.009735986997124142,0.000334502024757542,0.0006955816525991016,0.0015531647576807535,3.1815147881622264e-05
50049R,tpm,50,202.5052372330435,199.84297743889167,0.001230875289404037,0.00182212582124264,0.0015548627731257567,0.0015548627731257567,0.0009607669898930887,6.730402907601888e-08,0.016600735063229545,0.0006332292811306315,0.0012225076827505391,0.0028698899504573843,5.8613983837510954e-05
50049R,tpm,100,202.5052372330435,198.02680778386417,0.0022721671538107864,0.0030573420995934166,0.0026935185435414113,0.0026935185435414113,0.0017444754779813174,3.416466070960936e-07,0.025992038725163175,0.0012009642376632542,0.002052278599782032,0.005251182083711671,0.00011156818969486958
50049R,tpm,200,202.5052372330435,195.4608456616142,0.004168830064097184,0.0050545529904853755,0.004632906756937009,0.004632906756937009,0.0031539908246100406,2.1983659822735498e-06,0.0374700132650673,0.00226522465202082,0.0033935478332783628,0.009196463499085225,0.00024136842882837903
50049R,tpm,400,202.5052372330435,192.06056657224173,0.007731993554044739,0.008600924873210803,0.008178008100827661,0.008178008100827661,0.005786208299886925,2.1271249684318655e-07,0.05293333794722177,0.004334275388426156,0.005779239570005945,0.01667562378778174,0.000374750529306642
50049R,tpm,800,202.5052372330435,187.82020354020614,0.014436012704452807,0.015219770534441814,0.014833069101237715,0.014833069101237715,0.010709748853663388,1.0116264946543384e-06,0.08543797960806473,0.008240229968026284,0.010262612652416967,0.030457076468413946,0.0007175517407297141
50049R,tpm,1600,202.5052372330435,182.8790278254546,0.027218923047624907,0.02781387527400335,0.027518007101081477,0.02751800710108148,0.019969259831762044,1.754935168226364e-06,0.1370646121527693,0.015433552172529976,0.018933287527176716,0.05808138603441933,0.0013878089489067526
50053R,tpm,25,281.955064430209,280.1926855253315,0.0005581194888864936,0.0008269831699149593,0.0007054780390619949,0.0007054780390619949,0.0004360287552951733,3.1227033005795514e-10,0.010860400961075071,0.00028639896896760493,0.0005545973207242346,0.001303071536834847,2.528940106762889e-05
50053R,tpm,50,281.955064430209,278.7604221707525,0.0010656345022028973,0.0014831930951166965,0.0012914020771407839,0.0012914020771407839,0.0008186717178712237,1.2898019998849707e-09,0.01784970622171359,0.0005457280190120772,0.000998747186830236,0.0024545077677428704,4.647535233251166e-05
50053R,tpm,100,281.955064430209,276.49449083821463,0.001998033047662743,0.0025580225091933677,0.0022951704966181056,0.002295170496618105,0.0015055302157539689,2.4383643883472115e-07,0.026781617710921215,0.0010187561367376238,0.0017323932515448128,0.00452851120331545,9.389082801523091e-05
50053R,tpm,200,281.955064430209,273.2227221981491,0.0037243838801371957,0.004356350940220089,0.004052704578487201,0.004052704578487201,0.002763908760008484,2.3841722490576836e-07,0.03894171347668441,0.0019154379570703688,0.0029639876462022384,0.008195580059825128,0.00018702129555974245
50053R,tpm,400,281.955064430209,268.8594999792118,0.006969299890053483,0.0075822141470888215,0.007282208192911452,0.007282208192911452,0.005153249687754752,3.257206582738966e-06,0.05425973430399536,0.003685813018203709,0.00514534486896284,0.014763357279818968,0.0003475948294680382
50053R,tpm,800,281.955064430209,263.4410242815995,0.0130374215404024,0.013592294763392507,0.013317748258566383,0.013317748258566384,0.009674852229832089,1.7365859487205475e-06,0.07626426636404263,0.007348232720677259,0.009152029993911787,0.026564507264448128,0.0005918711655230917
50053R,tpm,1600,281.955064430209,257.12024070058646,0.024585347538192866,0.025078278145785463,0.024833035943387056,0.024833035943387052,0.01827652989474362,6.308231733626625e-07,0.13818968625637795,0.014227368934979482,0.016812142313580865,0.04971199351934246,0.0013153476626378184
